TripID,HighCarbon
2,0.9687404
4,0.008738777
5,0.85269266
14,0.0054914565
15,0.005391357
17,0.016173588
22,0.946454
23,0.98986036
25,0.000573012
30,0.0166352
35,0.97681046
39,0.03782678
45,0.9903071
50,0.011766127
51,0.0023942434
55,0.946454
64,0.9943869
65,0.008915491
68,0.0051897475
72,0.0025683052
73,0.007895487
78,0.9916277
80,0.00029706894
86,0.0064430186
87,0.005391357
96,0.005921417
97,0.016283624
101,0.001104645
102,0.008204403
106,0.9730453
107,0.0017603867
118,0.009700544
122,0.007585784
130,0.007882682
140,0.9943869
141,0.0014052979
144,0.9730453
147,0.0012419914
157,0.9943869
160,0.007895487
161,0.011739908
167,0.99890935
168,0.97859406
172,0.9988348
176,0.0064036483
181,0.9779538
183,0.0064430186
186,0.007585784
189,0.009700544
191,0.001104645
193,0.9988852
194,0.0025683052
197,0.007585784
204,0.007585784
207,0.01632463
212,0.008915491
214,0.008915491
216,0.0054914565
217,0.9943869
218,0.806718
219,0.0064430186
232,0.0004450682
236,0.0017603867
239,0.007895487
248,0.95989203
251,0.11140559
252,0.0023495292
253,0.0012844531
255,0.007585784
256,0.00029706894
261,0.007882682
269,0.08253657
276,0.012192876
277,0.08179209
279,0.0061644185
281,0.930262
282,0.011494618
286,0.9943869
288,0.10980627
293,0.005391357
301,0.005391357
304,0.007585784
312,0.0051897475
316,0.007895487
317,0.96988004
318,0.97938216
320,0.007882682
324,0.009700544
326,0.0019097788
329,0.0166352
332,0.9945326
338,0.0017603867
339,0.00051202066
341,0.007895487
343,0.0067771617
354,0.88438606
362,0.0054914565
368,0.0025466175
369,0.04752252
377,0.0054914565
381,0.8548087
386,0.0025466175
389,0.00029706894
397,0.0025466175
398,0.00029214445
402,0.008204403
403,0.9988852
404,0.0054914565
420,0.012192876
421,0.00029706894
423,0.9077565
430,0.0017603867
431,0.0017603867
433,0.005921417
441,0.009700544
443,0.04218095
445,0.0057161534
452,0.008915491
457,0.007895487
460,0.0010410085
467,0.0023334303
468,0.97776663
473,0.0054914565
474,0.00027034435
475,0.009700544
478,0.0009746589
480,0.005921417
482,0.00050922687
485,0.0054914565
495,0.0063078487
499,0.007585784
502,0.016173588
503,0.012192876
514,0.9943869
519,0.001104645
521,0.008915491
523,0.000573012
526,0.0010953033
533,0.0027375577
539,0.0013934174
541,0.9943869
545,0.9613415
555,0.006510688
561,0.0017603867
574,0.008204403
575,0.007585784
578,0.18620667
585,0.007895487
596,0.0054914565
619,0.012220082
625,0.007585784
627,0.0054914565
629,0.86908126
631,0.15640186
632,0.02394888
634,0.012220082
635,0.005391357
638,0.0037301993
639,0.007585784
652,0.0004450682
656,0.007585784
659,0.98572195
661,0.0015118856
666,0.11140559
671,0.0013153577
679,0.008915491
680,0.9943869
681,0.0017603867
682,0.0025683052
684,0.0019260534
687,0.765343
692,0.006885858
700,0.0051897475
704,0.009700544
721,0.0010953033
723,0.017360479
725,0.007585784
726,0.11140559
728,0.99890935
730,0.9943869
731,0.016283624
735,0.0051897475
737,0.97938216
740,0.0057161534
743,0.0004408163
744,0.0025683052
754,0.9810044
757,0.9730453
760,0.0047442787
765,0.9943869
768,0.00029706894
770,0.9943869
771,0.97950304
773,0.0012419914
775,0.0025683052
776,0.9988852
777,0.9943869
781,0.000573012
783,0.008204403
784,0.0014052979
792,0.9943869
805,0.039199963
806,0.008915491
810,0.007412488
822,0.00029706894
826,0.99840015
828,0.001104645
829,0.9943869
831,0.011609656
833,0.011766127
840,0.0002989136
843,0.88766056
844,0.0057161534
852,0.0026020675
854,0.001104645
856,0.97938216
857,0.9988852
864,0.00018858463
865,0.006834625
870,0.9613415
871,0.0054914565
874,0.85269266
875,0.9988852
877,0.008915491
878,0.008915491
879,0.006363628
881,0.79935104
882,0.0012419914
883,0.0064430186
884,0.012192876
886,0.96988004
894,0.007882682
897,0.009700544
903,0.007585784
910,0.0017603867
912,0.009700544
913,0.0054914565
914,0.96988004
916,0.012192876
924,0.005391357
927,0.0054914565
936,0.04237643
939,0.97859406
944,0.0012419914
950,0.0054914565
952,0.0004450682
961,0.0018306518
962,0.18620667
963,0.012220082
967,0.0030530815
968,0.13788998
977,0.0002989136
980,0.0010410085
990,0.9730453
1000,0.0037301993
1005,0.0051897475
1010,0.98572195
1013,0.08253657
1015,0.0027537947
1017,0.011739908
1021,0.9945326
1029,0.0026242237
1032,0.9711275
1036,0.007882682
1039,0.009700544
1040,0.005391357
1041,0.0016289179
1043,0.005391357
1044,0.006363628
1056,0.008915491
1057,0.0018306518
1058,0.005391357
1059,0.88766056
1062,0.007585784
1063,0.9943869
1068,0.0012419914
1070,0.0002989136
1072,0.97681046
1078,0.017360479
1079,0.007585784
1083,0.0023942434
1088,0.008204403
1102,0.97859406
1107,0.007585784
1108,0.016283624
1114,0.0054914565
1125,0.007882682
1126,0.007585784
1130,0.97859406
1132,0.00059861597
1133,0.9730453
1136,0.002734933
1139,0.9943869
1141,0.0051897475
1142,0.03782678
1143,0.0036427644
1148,0.0014052979
1149,0.005391357
1150,0.98959154
1154,0.0025466175
1155,0.007585784
1161,0.001526529
1162,0.0025683052
1167,0.15640186
1174,0.011303512
1179,0.0057161534
1184,0.9945326
1185,0.0025466175
1191,0.0010410085
1192,0.98572195
1196,0.007585784
1198,0.0064976667
1207,0.007585784
1208,0.0002989136
1209,0.0023740218
1217,0.047139168
1219,0.00029706894
1220,0.95989203
1224,0.99890935
1228,0.0013153577
1230,0.007585784
1237,0.001104645
1239,0.0017603867
1244,0.012192876
1256,0.007882682
1259,0.0057161534
1260,0.005627036
1267,0.0030741303
1269,0.0067771617
1283,0.11518964
1296,0.96988004
1305,0.97859406
1310,0.9943869
1314,0.011303512
1319,0.88438606
1324,0.011739908
1327,0.0012844531
1329,0.9578168
1332,0.000573012
1340,0.96988004
1341,0.042192385
1342,0.0012844531
1343,0.011659807
1344,0.0014052979
1346,0.9613415
1349,0.00029706894
1353,0.08179209
1356,0.9613415
1365,0.9945326
1367,0.00050922687
1369,0.9943869
1378,0.009965756
1379,0.0063078487
1383,0.005921417
1386,0.9711275
1391,0.0019097788
1393,0.0027375577
1397,0.9943869
1398,0.016173588
1401,0.002734933
1404,0.97776663
1407,0.11140559
1410,0.9943869
1412,0.9613415
1414,0.007882682
1419,0.00029706894
1422,0.012192876
1423,0.042192385
1431,0.946454
1434,0.009095114
1436,0.008915491
1448,0.007585784
1450,0.00029706894
1453,0.0030530815
1455,0.0025466175
1456,0.011303512
1457,0.0013153577
1461,0.0004408163
1466,0.0051897475
1470,0.009965756
1473,0.97681046
1485,0.0011777725
1487,0.006363628
1492,0.03782678
1497,0.9784611
1498,0.001104645
1503,0.007882682
1506,0.0023942434
1508,0.0054914565
1511,0.0017603867
1512,0.008915491
1516,0.8519362
1517,0.007585784
1518,0.9943869
1519,0.0051897475
1529,0.007585784
1534,0.011938224
1535,0.0004450682
1540,0.007585784
1542,0.005921417
1547,0.99890935
1550,0.0017725392
1551,0.042192385
1557,0.007585784
1559,0.97776663
1560,0.0054914565
1561,0.0166352
1564,0.90356064
1566,0.9300587
1570,0.024132876
1578,0.001104645
1581,0.9988852
1587,0.7869656
1588,0.007895487
1590,0.0017603867
1592,0.0054914565
1593,0.007895487
1599,0.016283624
1604,0.97914463
1607,0.00050922687
1610,0.039199963
1612,0.006510688
1613,0.0067771617
1615,0.0012419914
1633,0.0023334303
1638,0.005391357
1644,0.0054914565
1645,0.8572296
1648,0.0004450682
1651,0.9945326
1654,0.008915491
1661,0.0051897475
1662,0.9943869
1665,0.9943869
1668,0.005627036
1674,0.03782678
1678,0.9730453
1679,0.98572195
1682,0.006510688
1685,0.0010410085
1689,0.0015118856
1697,0.0010498866
1702,0.008915491
1715,0.006510688
1716,0.9711275
1721,0.9810044
1722,0.00018757534
1725,0.0012497588
1730,0.012192876
1731,0.0057161534
1732,0.08253657
1738,0.95989203
1739,0.001526529
1740,0.0054914565
1743,0.009700544
1752,0.0054914565
1764,0.99890935
1766,0.91451764
1770,0.96988004
1777,0.0057161534
1778,0.0023942434
1780,0.97938216
1792,0.0010953033
1794,0.9945326
1801,0.0017603867
1802,0.0010131501
1803,0.0054914565
1805,0.0027608671
1807,0.009700544
1810,0.016173588
1818,0.011739908
1819,0.00029706894
1821,0.0017603867
1823,0.008915491
1830,0.087064154
1831,0.001104645
1834,0.008738777
1836,0.0054914565
1843,0.0004408163
1857,0.00029706894
1859,0.017360479
1860,0.97938216
1866,0.002805571
1868,0.0002989136
1876,0.005391357
1883,0.012192876
1887,0.0054914565
1889,0.007895487
1891,0.9901378
1896,0.008915491
1901,0.006510688
1902,0.0057161534
1912,0.0017725392
1917,0.007585784
1919,0.0054914565
1921,0.9943869
1934,0.95624125
1935,0.009801603
1939,0.11518964
1941,0.0009746589
1942,0.0010953033
1949,0.9730453
1956,0.0010953033
1962,0.0019260534
1970,0.007585784
1973,0.9943869
1985,0.0017603867
1990,0.0054914565
1996,0.007585784
2003,0.008915491
2007,0.96988004
2008,0.9687404
2010,0.012220082
2011,0.0023334303
2016,0.0010953033
2018,0.007895487
2022,0.11140559
2024,0.0009746589
2028,0.9943869
2030,0.8019817
2032,0.0010953033
2033,0.0004408163
2035,0.0025466175
2038,0.008915491
2039,0.0014052979
2042,0.08179209
2047,0.007882682
2052,0.005546289
2053,0.97938216
2054,0.039199963
2066,0.006834625
2067,0.0019097788
2068,0.9916277
2077,0.98572195
2080,0.9943869
2089,0.0017603867
2094,0.0054914565
2097,0.007412488
2099,0.005391357
2101,0.0019260534
2103,0.0067771617
2110,0.0064976667
2113,0.0027608671
2120,0.008915491
2121,0.9613415
2126,0.15731338
2129,0.7735213
2130,0.99005264
2133,0.8572607
2134,0.0166352
2137,0.8572607
2138,0.9943869
2144,0.06893223
2145,0.084116235
2147,0.0017603867
2153,0.007585784
2155,0.0014052979
2157,0.08253657
2158,0.0054914565
2161,0.0004408163
2169,0.0010953033
2170,0.011739908
2175,0.9945326
2179,0.0004408163
2182,0.930262
2186,0.0057161534
2187,0.006834625
2194,0.007882682
2195,0.9943869
2197,0.007882682
2209,0.008915491
2211,0.11518964
2216,0.0004408163
2220,0.08179209
2222,0.0025466175
2228,0.806718
2229,0.07195984
2240,0.016173588
2246,0.0054914565
2247,0.007585784
2257,0.007895487
2259,0.9945326
2277,0.009801603
2279,0.0017603867
2281,0.00029706894
2282,0.0054914565
2283,0.99890935
2284,0.97776663
2285,0.13788998
2292,0.0070505836
2294,0.9945326
2296,0.0012419914
2302,0.008915491
2307,0.007882682
2313,0.0054914565
2315,0.011609656
2318,0.007882682
2321,0.016173588
2322,0.11140559
2326,0.0010498866
2329,0.007585784
2332,0.012220082
2334,0.97681046
2335,0.84619
2342,0.008738777
2351,0.009095114
2353,0.0025466175
2360,0.11140559
2364,0.8231895
2366,0.9730453
2367,0.9711275
2372,0.11518964
2382,0.0057161534
2387,0.0018151832
2392,0.0023942434
2399,0.98572195
2400,0.9943869
2401,0.008915491
2402,0.0057161534
2403,0.9945326
2406,0.0025466175
2410,0.0025683052
2413,0.0004408163
2416,0.98074967
2420,0.9711275
2421,0.007585784
2424,0.006555418
2426,0.8049218
2427,0.0025683052
2439,0.94736594
2440,0.96988004
2443,0.00029706894
2446,0.007585784
2449,0.005391357
2450,0.007585784
2457,0.0025466175
2462,0.0019097788
2470,0.005391357
2477,0.009801603
2485,0.0019260534
2488,0.0064976667
2490,0.0014052979
2497,0.80647737
2499,0.9943869
2500,0.009700544
2501,0.007585784
2502,0.011303512
2511,0.99890935
2512,0.007895487
2513,0.06893223
2517,0.007585784
2518,0.0057161534
2519,0.9945326
2522,0.007895487
2523,0.0017725392
2524,0.000573012
2525,0.0051897475
2531,0.016173588
2535,0.21678838
2536,0.97681046
2538,0.011494618
2540,0.009700544
2544,0.005921417
2545,0.007585784
2553,0.008915491
2555,0.002564381
2557,0.0063078487
2574,0.95989203
2576,0.007895487
2578,0.001104645
2579,0.10980627
2588,0.011609656
2592,0.039199963
2593,0.11518964
2606,0.08179209
2607,0.0057161534
2609,0.0019097788
2611,0.00029706894
2619,0.0057161534
2625,0.08179209
2626,0.0166352
2627,0.005391357
2629,0.07195984
2640,0.0026242237
2641,0.006510688
2644,0.0054914565
2645,0.0030530815
2656,0.9613415
2659,0.0010953033
2660,0.0010410085
2663,0.0004450682
2668,0.008915491
2671,0.0004408163
2673,0.012220082
2677,0.11518964
2680,0.008915491
2683,0.005391357
2687,0.946454
2689,0.0010953033
2691,0.0054914565
2695,0.00029706894
2697,0.0015772562
2698,0.9943869
2707,0.0018306518
2709,0.03645669
2714,0.006555418
2715,0.009700544
2716,0.0004408163
2726,0.0054914565
2730,0.80503756
2733,0.002564381
2735,0.0057161534
2745,0.001104645
2750,0.9730453
2754,0.0017603867
2756,0.007882682
2757,0.96988004
2758,0.0064430186
2759,0.9988852
2763,0.0054914565
2773,0.0051897475
2774,0.007585784
2777,0.016173588
2779,0.96988004
2782,0.9945326
2786,0.946454
2787,0.0004408163
2790,0.0019097788
2791,0.0057161534
2793,0.008204403
2794,0.005391357
2796,0.9943869
2797,0.0002989136
2798,0.0012419914
2802,0.9988091
2808,0.007882682
2809,0.0054914565
2817,0.005391357
2819,0.0023334303
2823,0.9945326
2824,0.001104645
2840,0.012192876
2851,0.0025683052
2852,0.011739908
2860,0.08253657
2865,0.11140559
2867,0.008915491
2883,0.0054914565
2887,0.0054914565
2891,0.005627036
2895,0.005391357
2902,0.9945326
2905,0.005921417
2909,0.9943869
2911,0.011739908
2918,0.08179209
2919,0.9745506
2922,0.0054914565
2925,0.008204403
2929,0.0010498866
2930,0.98572195
2935,0.82350135
2936,0.9001699
2939,0.9578168
2948,0.040487528
2950,0.0013243644
2958,0.000573012
2959,0.99890935
2964,0.000573012
2966,0.00059861597
2969,0.9300587
2980,0.96988004
2981,0.005391357
2982,0.08253657
2986,0.9745506
2992,0.007882682
2994,0.9945326
2995,0.9945326
2996,0.0013934174
3001,0.042192385
3002,0.99890935
3005,0.00029706894
3006,0.0054914565
3012,0.9730453
3020,0.98508495
3023,0.0027375577
3025,0.9945326
3026,0.0009746589
3032,0.946454
3040,0.0012419914
3041,0.007882682
3044,0.039199963
3063,0.11518964
3066,0.9711275
3070,0.08253657
3074,0.0054914565
3078,0.0064036483
3081,0.98572195
3083,0.00027034435
3088,0.98056465
3093,0.9943869
3098,0.00029706894
3099,0.9943869
3102,0.0054914565
3106,0.95989203
3111,0.0012419914
3117,0.0012419914
3128,0.008915491
3129,0.8838407
3134,0.008915491
3135,0.008915491
3138,0.00050922687
3148,0.6339857
3150,0.005391357
3153,0.012220082
3154,0.007882682
3155,0.018115364
3157,0.9943869
3159,0.9715737
3166,0.007585784
3167,0.008915491
3172,0.97859406
3173,0.007585784
3175,0.005627036
3181,0.96988004
3191,0.00059861597
3195,0.0014991066
3196,0.9984346
3197,0.96988004
3199,0.06261413
3212,0.9943869
3213,0.00029706894
3214,0.0019097788
3217,0.0010953033
3224,0.000573012
3226,0.98572195
3227,0.005627036
3232,0.006510688
3235,0.0036427644
3237,0.009700544
3240,0.001104645
3258,0.0057161534
3272,0.008915491
3278,0.011303512
3279,0.001104645
3280,0.0048809475
3281,0.008915491
3287,0.97938216
3291,0.08560292
3295,0.039199963
3298,0.0010953033
3306,0.96988004
3308,0.0012844531
3311,0.0054914565
3314,0.009700544
3320,0.0010410085
3321,0.03782678
3322,0.98572195
3352,0.946454
3353,0.0063078487
3357,0.0010953033
3359,0.007585784
3366,0.0025683052
3367,0.99890935
3371,0.011938224
3374,0.00050922687
3375,0.8927528
3384,0.9943869
3385,0.9613415
3393,0.008915491
3395,0.011303512
3410,0.007585784
3412,0.0025466175
3413,0.9702976
3415,0.97938216
3421,0.0054914565
3427,0.0014052979
3436,0.0030530815
3438,0.9730453
3439,0.0004408163
3444,0.005391357
3446,0.0004450682
3449,0.008915491
3452,0.9943869
3455,0.9945326
3457,0.95989203
3458,0.0051897475
3459,0.9945326
3460,0.9730453
3461,0.08179209
3469,0.0054914565
3473,0.005391357
3474,0.007585784
3487,0.011766127
3491,0.0027375577
3498,0.7489893
3499,0.012220082
3502,0.0067771617
3504,0.008915491
3505,0.0025466175
3508,0.765343
3510,0.9903071
3512,0.90356064
3517,0.011688998
3519,0.9943869
3520,0.005627036
3522,0.9943869
3524,0.0004408163
3538,0.007895487
3546,0.0002989136
3547,0.008915491
3552,0.0012391927
3556,0.0063078487
3557,0.84872913
3560,0.009700544
3565,0.0010953033
3568,0.9945326
3572,0.007585784
3581,0.0025466175
3582,0.012192876
3595,0.99890935
3601,0.0054914565
3605,0.97776663
3607,0.012220082
3611,0.001104645
3613,0.008915491
3614,0.007895487
3618,0.9613415
3627,0.9730453
3634,0.0017603867
3639,0.03782678
3640,0.9945326
3646,0.005546289
3647,0.0010953033
3649,0.011739908
3653,0.039199963
3654,0.008738777
3657,0.99890935
3664,0.99890935
3673,0.0057161534
3674,0.0054914565
3683,0.007895487
3685,0.0064430186
3698,0.007585784
3702,0.011938224
3703,0.90356064
3706,0.008915491
3710,0.009700544
3712,0.008915491
3715,0.008915491
3717,0.0014991066
3718,0.0013934174
3724,0.0012497588
3732,0.0051897475
3733,0.0054914565
3734,0.005391357
3743,0.0017725392
3750,0.0051897475
3751,0.007585784
3760,0.008915491
3761,0.0012844531
3762,0.012220082
3763,0.97681046
3764,0.005391357
3771,0.9943869
3778,0.0013356558
3786,0.007895487
3787,0.012192876
3788,0.0054914565
3790,0.012192876
3791,0.86908126
3793,0.0019260534
3795,0.11518964
3797,0.005921417
3800,0.007882682
3807,0.005627036
3808,0.03782678
3812,0.9943869
3813,0.0018151832
3825,0.9943869
3826,0.9745506
3830,0.0015907019
3833,0.0010953033
3835,0.0023334303
3844,0.97776663
3845,0.76381266
3848,0.0023740218
3851,0.0063078487
3855,0.9943869
3859,0.96988004
3860,0.007585784
3861,0.0004408163
3864,0.97859406
3865,0.0026645584
3866,0.0010953033
3868,0.0019260534
3869,0.96988004
3872,0.43663505
3879,0.9945326
3890,0.9357769
3891,0.007585784
3893,0.012192876
3896,0.011739908
3902,0.007882682
3903,0.0004450682
3916,0.97950304
3918,0.9988852
3919,0.007585784
3920,0.0025683052
3923,0.005391357
3926,0.008915491
3929,0.8027128
3930,0.0064036483
3932,0.9943869
3945,0.012192876
3946,0.96988004
3948,0.9943869
3950,0.9943869
3955,0.012192876
3961,0.9943869
3963,0.9730453
3964,0.0013934174
3965,0.0054914565
3968,0.0051897475
3975,0.000573012
3977,0.012220082
3982,0.98572195
3984,0.0054914565
3985,0.00018858463
3989,0.0017725392
3991,0.0017725392
4000,0.009700544
4006,0.00029706894
4017,0.0004408163
4018,0.008915491
4025,0.007882682
4028,0.0026242237
4050,0.0002989136
4051,0.03782678
4057,0.011659807
4067,0.084116235
4068,0.0054914565
4076,0.008915491
4079,0.011766127
4086,0.0054914565
4087,0.009700544
4093,0.0027375577
4106,0.042192385
4108,0.9943869
4109,0.001104645
4110,0.008738777
4114,0.00029706894
4115,0.087064154
4119,0.0030530815
4120,0.0012391927
4139,0.97938216
4140,0.0010953033
4143,0.005391357
4149,0.039199963
4152,0.98056465
4154,0.0057161534
4159,0.9945326
4165,0.9943869
4167,0.0027608671
4169,0.9943869
4172,0.008915491
4173,0.007585784
4176,0.9945326
4179,0.011688998
4183,0.0036427644
4191,0.9943869
4195,0.005627036
4196,0.0057161534
4198,0.007895487
4199,0.9945326
4200,0.0023334303
4204,0.008204403
4205,0.9730453
4210,0.0004450682
4211,0.0057161534
4212,0.99890935
4217,0.0013934174
4223,0.9730453
4225,0.008915491
4229,0.0051340163
4233,0.97683495
4235,0.0013243644
4236,0.03782678
4240,0.005391357
4245,0.96988004
4260,0.0051897475
4262,0.97938216
4263,0.005921417
4265,0.016283624
4269,0.9943869
4271,0.006834625
4275,0.95624125
4282,0.0010953033
4291,0.99195975
4300,0.0010498866
4302,0.008915491
4309,0.930262
4310,0.00029706894
4311,0.0017603867
4314,0.00029706894
4320,0.005391357
4324,0.0054914565
4325,0.016173588
4329,0.007585784
4331,0.0017603867
4337,0.7053631
4344,0.008915491
4349,0.85652375
4352,0.0014052979
4355,0.011739908
4357,0.005391357
4361,0.11140559
4366,0.007895487
4367,0.9916277
4378,0.01646172
4379,0.96988004
4382,0.007585784
4389,0.039199963
4394,0.9945326
4401,0.012192876
4407,0.0030530815
4409,0.11140559
4410,0.7821599
4411,0.012220082
4414,0.9988852
4421,0.00029706894
4425,0.0002989136
4427,0.21678838
4431,0.9730453
4434,0.017273542
4442,0.007585784
4443,0.9730453
4447,0.0166352
4448,0.005921417
4454,0.007895487
4456,0.0047442787
4460,0.0064976667
4462,0.0054914565
4466,0.9945326
4471,0.011609656
4472,0.006510688
4473,0.0010953033
4475,0.0067771617
4476,0.005921417
4479,0.0010953033
4481,0.96988004
4491,0.98572195
4493,0.98572195
4498,0.98572195
4500,0.008204403
4501,0.005391357
4504,0.9943869
4506,0.006834625
4511,0.005391357
4514,0.0025466175
4517,0.008915491
4518,0.000573012
4521,0.98572195
4526,0.012192876
4530,0.08253657
4531,0.0067771617
4535,0.0010953033
4536,0.8037468
4537,0.006834625
4542,0.0025466175
4548,0.042192385
4551,0.946454
4561,0.97859406
4564,0.9916277
4567,0.08179209
4569,0.008915491
4573,0.0061644185
4575,0.20311116
4583,0.0054914565
4587,0.9943869
4591,0.006555418
4595,0.9945326
4601,0.00051202066
4603,0.009700544
4606,0.007585784
4607,0.08253657
4612,0.0013153577
4616,0.00029706894
4628,0.0004408163
4634,0.007882682
4640,0.9837658
4645,0.03782678
4646,0.0054914565
4647,0.0051897475
4655,0.0054914565
4677,0.0002989136
4687,0.00029706894
4696,0.001104645
4706,0.0012419914
4707,0.000573012
4709,0.009700544
4719,0.85291594
4720,0.9943869
4733,0.03782678
4734,0.008915491
4743,0.0017059116
4754,0.010470025
4763,0.97681046
4764,0.011766127
4765,0.0057161534
4766,0.0017725392
4770,0.016283624
4771,0.9711275
4774,0.9945326
4778,0.0025683052
4783,0.0010953033
4788,0.9943869
4792,0.001104645
4793,0.0023334303
4805,0.012220082
4809,0.9755976
4811,0.00050922687
4812,0.0064430186
4823,0.89210016
4824,0.007585784
4826,0.007585784
4827,0.99890935
4835,0.0063078487
4856,0.08253657
4857,0.9945326
4864,0.00029706894
4865,0.0019260534
4868,0.007585784
4870,0.016173588
4872,0.011659807
4873,0.005921417
4877,0.0017603867
4878,0.9895836
4883,0.000573012
4885,0.03782678
4887,0.99195975
4888,0.008915491
4892,0.08253657
4894,0.03782678
4898,0.0067771617
4904,0.012192876
4913,0.007882682
4919,0.0037301993
4924,0.00018757534
4925,0.0009746589
4931,0.008204403
4933,0.0012419914
4943,0.008915491
4947,0.008915491
4951,0.88438606
4954,0.9943869
4955,0.001104645
4964,0.9945326
4971,0.007585784
4975,0.014790389
4976,0.007585784
4980,0.0054914565
4984,0.0004450682
4985,0.95989203
4987,0.0027375577
4992,0.004633185
4993,0.01741845
4996,0.0017603867
4998,0.039199963
5007,0.0012419914
5015,0.0054914565
5016,0.97938216
5021,0.008915491
5023,0.08179209
5024,0.946454
5025,0.012192876
5026,0.011739908
5031,0.07742285
5033,0.9156015
5034,0.00029706894
5039,0.9001699
5044,0.0004408163
5045,0.97681046
5047,0.0030530815
5049,0.016173588
5050,0.00051202066
5058,0.806718
5060,0.0054914565
5061,0.001104645
5062,0.9902293
5068,0.0023942434
5076,0.0010410085
5077,0.0054914565
5080,0.007585784
5083,0.9988852
5090,0.0017603867
5091,0.9687404
5095,0.9943869
5098,0.9943869
5103,0.012192876
5105,0.99036855
5110,0.0054914565
5111,0.9984346
5114,0.08253657
5116,0.9943869
5117,0.9943869
5120,0.08179209
5122,0.0054914565
5123,0.9943869
5126,0.005921417
5130,0.0067771617
5131,0.012192876
5138,0.0051897475
5139,0.008204403
5142,0.992168
5147,0.0012419914
5150,0.32148194
5151,0.9916277
5154,0.011766127
5157,0.9943869
5162,0.0010953033
5165,0.00050922687
5170,0.88766056
5171,0.0166352
5177,0.0066990736
5182,0.002734933
5187,0.97859406
5188,0.43835506
5191,0.9945326
5198,0.9730453
5201,0.0054914565
5204,0.19284585
5208,0.0017603867
5215,0.011739908
5218,0.0166352
5225,0.008915491
5231,0.0012419914
5235,0.9810044
5240,0.9943869
5248,0.7489893
5249,0.0017603867
5250,0.0027608671
5252,0.00029706894
5256,0.012192876
5261,0.0002989136
5272,0.009965756
5273,0.0166352
5276,0.06416396
5284,0.007895487
5290,0.0010131501
5297,0.008915491
5305,0.001104645
5311,0.007585784
5317,0.98913145
5319,0.0013356558
5327,0.016283624
5328,0.0010498866
5329,0.008915491
5331,0.005546289
5335,0.99890935
5336,0.98508495
5343,0.82938033
5345,0.11518964
5346,0.0010953033
5349,0.0015772562
5351,0.011766127
5353,0.009700544
5357,0.00029706894
5364,0.0054914565
5366,0.9687404
5369,0.001104645
5370,0.007585784
5377,0.0002989136
5379,0.0166352
5383,0.0064430186
5386,0.9945326
5387,0.00029706894
5391,0.005391357
5392,0.00050922687
5396,0.005627036
5400,0.006510688
5402,0.0166352
5404,0.0166352
5407,0.007882682
5410,0.0025683052
5416,0.9578168
5423,0.0030530815
5433,0.00029706894
5439,0.0012419914
5440,0.009801603
5446,0.99045134
5460,0.008915491
5477,0.009700544
5478,0.012220082
5484,0.11140559
5485,0.9943869
5491,0.98879695
5492,0.98572195
5498,0.00029706894
5501,0.008915491
5514,0.08253657
5515,0.9945326
5517,0.007585784
5526,0.9945326
5528,0.9711275
5532,0.0010410085
5535,0.012220082
5543,0.9755976
5557,0.43663505
5559,0.0019097788
5560,0.97859406
5561,0.0025683052
5562,0.0025466175
5563,0.0012844531
5564,0.19284585
5565,0.11518964
5568,0.0057161534
5569,0.0017603867
5571,0.9755976
5574,0.0051897475
5578,0.9784611
5580,0.000573012
5582,0.0010207595
5590,0.8838407
5593,0.11518964
5599,0.97938216
5612,0.007585784
5614,0.11140559
5618,0.97776663
5620,0.08253657
5630,0.0051897475
5632,0.0015118856
5658,0.8835139
5659,0.08179209
5662,0.99890935
5665,0.000573012
5677,0.85291594
5681,0.0012844531
5682,0.0010498866
5684,0.0027537947
5686,0.97683495
5690,0.0010953033
5693,0.0054914565
5695,0.98572195
5700,0.0166352
5702,0.042192385
5705,0.98572195
5711,0.009801603
5715,0.009700544
5717,0.11518964
5719,0.11140559
5724,0.0017603867
5727,0.0017725392
5733,0.0004408163
5735,0.007585784
5742,0.9945326
5751,0.96988004
5759,0.002734933
5763,0.97776663
5764,0.005921417
5765,0.008915491
5766,0.08953822
5767,0.007895487
5768,0.0057161534
5778,0.43663505
5786,0.0067771617
5790,0.10980627
5794,0.0025466175
5798,0.0027608671
5803,0.005391357
5804,0.0004408163
5812,0.011739908
5835,0.0064976667
5836,0.0026020675
5837,0.0020052171
5838,0.005627036
5849,0.005391357
5852,0.0030530815
5860,0.0004408163
5861,0.97938216
5862,0.0004408163
5864,0.0064036483
5865,0.005391357
5867,0.9984346
5872,0.005071878
5881,0.0019914724
5883,0.0023334303
5885,0.007895487
5899,0.007895487
5905,0.009700544
5916,0.0027375577
5918,0.00029706894
5921,0.00029706894
5922,0.9578168
5925,0.9914534
5929,0.001104645
5930,0.9943869
5931,0.0051897475
5935,0.9988852
5936,0.012220082
5940,0.9730453
5943,0.0054914565
5956,0.9578168
5974,0.016173588
5977,0.0017603867
5985,0.9943869
5989,0.0017603867
6001,0.005391357
6003,0.009700544
6006,0.005921417
6007,0.946454
6009,0.0064976667
6013,0.9613415
6014,0.009700544
6015,0.007895487
6020,0.0004450682
6021,0.007585784
6022,0.99890935
6023,0.012192876
6024,0.008915491
6026,0.016283624
6030,0.0019097788
6033,0.97681046
6036,0.85291594
6044,0.00051202066
6050,0.012220082
6051,0.99890935
6055,0.0002989136
6075,0.009700544
6077,0.018115364
6078,0.007585784
6081,0.008915491
6082,0.8838407
6089,0.0054914565
6092,0.08253657
6102,0.011303512
6103,0.005546289
6107,0.006363628
6110,0.0017603867
6113,0.88766056
6123,0.0017603867
6124,0.0012399772
6127,0.812726
6133,0.946454
6134,0.007585784
6136,0.9903071
6137,0.08179209
6140,0.0010410085
6143,0.0004408163
6144,0.017360479
6146,0.0051897475
6149,0.006510688
6160,0.9156015
6163,0.0026645584
6168,0.11140559
6169,0.0036427644
6170,0.00029214445
6175,0.007585784
6185,0.005391357
6191,0.005391357
6192,0.08253657
6196,0.008915491
6203,0.08253657
6208,0.007585784
6211,0.007412488
6212,0.007585784
6219,0.04752252
6230,0.0017603867
6233,0.0010953033
6238,0.0012419914
6240,0.012220082
6242,0.005921417
6243,0.0025683052
6246,0.94736594
6248,0.08560292
6253,0.74379927
6254,0.9943869
6255,0.0054914565
6256,0.0064976667
6259,0.96988004
6260,0.008204403
6262,0.008915491
6271,0.009700544
6273,0.0017603867
6274,0.005391357
6280,0.0017603867
6282,0.8572296
6285,0.007585784
6291,0.98572195
6294,0.0057161534
6295,0.007585784
6296,0.9613415
6300,0.9578168
6302,0.0054914565
6306,0.19284585
6317,0.00029706894
6318,0.0010953033
6321,0.9755976
6323,0.005391357
6331,0.98272187
6337,0.0002989136
6341,0.0017603867
6343,0.012220082
6347,0.9914534
6349,0.00029706894
6350,0.005391357
6351,0.97776663
6353,0.0019097788
6369,0.0027375577
6370,0.0004408163
6371,0.001104645
6377,0.9945326
6382,0.00029706894
6383,0.0011777725
6387,0.0010953033
6388,0.012220082
6390,0.04237643
6392,0.10980627
6398,0.03782678
6402,0.011739908
6407,0.012220082
6410,0.9730453
6411,0.0057161534
6412,0.00029706894
6414,0.007585784
6416,0.007882682
6422,0.0019097788
6423,0.0054914565
6424,0.0010953033
6431,0.0027608671
6434,0.9578168
6436,0.0023334303
6442,0.0012391927
6444,0.008915491
6447,0.005921417
6459,0.0027608671
6464,0.011659807
6470,0.008915491
6473,0.08179209
6477,0.99890935
6479,0.00027034435
6481,0.040487528
6483,0.007895487
6486,0.99840015
6487,0.0013056975
6496,0.9730453
6500,0.0057161534
6508,0.009801603
6509,0.0012844531
6515,0.08253657
6516,0.005391357
6519,0.001104645
6523,0.9945326
6524,0.0057161534
6527,0.9730453
6529,0.005391357
6534,0.0012419914
6536,0.9980508
6537,0.0012844531
6538,0.98272187
6544,0.9945326
6553,0.0012419914
6554,0.20311116
6557,0.96988004
6558,0.9945326
6560,0.031098463
6562,0.011766127
6568,0.008204403
6570,0.047139168
6571,0.009700544
6579,0.007882682
6581,0.97938216
6582,0.011766127
6583,0.9945326
6590,0.9945326
6592,0.0015907019
6597,0.9945326
6599,0.0054914565
6604,0.006363628
6607,0.11140559
6608,0.00029706894
6609,0.008204403
6610,0.0010953033
6611,0.016283624
6612,0.005921417
6616,0.0054914565
6618,0.007585784
6625,0.00029706894
6627,0.012192876
6632,0.00029706894
6635,0.17660639
6636,0.006834625
6640,0.007585784
6642,0.97681046
6647,0.0054914565
6651,0.90556467
6653,0.005921417
6661,0.012220082
6666,0.008915491
6669,0.8009081
6676,0.99195975
6679,0.001104645
6684,0.9945326
6687,0.007882682
6689,0.9988348
6696,0.007882682
6698,0.040487528
6700,0.0012419914
6701,0.016283624
6706,0.0025683052
6724,0.99195975
6729,0.008915491
6734,0.0014414012
6738,0.0054914565
6743,0.9730453
6745,0.9779538
6746,0.9730453
6755,0.0017603867
6761,0.9945326
6762,0.0025466175
6763,0.08253657
6765,0.00029706894
6769,0.9943869
6777,0.97681046
6782,0.11140559
6783,0.0012399772
6784,0.97681046
6788,0.005391357
6789,0.008915491
6794,0.0012419914
6796,0.9916277
6798,0.000573012
6802,0.9899857
6804,0.0067771617
6806,0.009700544
6813,0.0026645584
6814,0.00029706894
6816,0.0025466175
6824,0.0017725392
6828,0.9755976
6830,0.97776663
6843,0.001104645
6847,0.9943869
6851,0.0019260534
6852,0.0023740218
6853,0.005627036
6857,0.012192876
6860,0.007585784
6862,0.9945326
6864,0.9711275
6865,0.0025466175
6876,0.946454
6878,0.0054914565
6882,0.039199963
6884,0.0023740218
6890,0.94736594
6902,0.007585784
6908,0.007895487
6909,0.9943869
6916,0.0025683052
6919,0.008915491
6933,0.9943869
6938,0.0004450682
6945,0.98572195
6952,0.0012419914
6955,0.806718
6960,0.97938216
6963,0.0019097788
6966,0.0025683052
6969,0.017360479
6971,0.087064154
6972,0.007895487
6976,0.0054914565
6977,0.8009081
6987,0.9988852
6988,0.002734933
6990,0.011739908
6993,0.005921417
6994,0.0001859878
6997,0.79822224
6999,0.005391357
7000,0.007895487
7009,0.9943869
7018,0.08253657
7020,0.8474271
7022,0.0010953033
7027,0.007895487
7029,0.008915491
7030,0.0016289179
7032,0.005921417
7037,0.85291594
7040,0.0025466175
7042,0.000573012
7052,0.008915491
7053,0.0054914565
7054,0.0002989136
7055,0.007882682
7061,0.008915491
7070,0.008915491
7078,0.9730453
7081,0.85291594
7082,0.11140559
7090,0.005921417
7091,0.9156015
7094,0.008915491
7095,0.946454
7097,0.98572195
7098,0.08253657
7100,0.0051897475
7106,0.0017603867
7107,0.0166352
7109,0.9945326
7111,0.008915491
7120,0.0026020675
7124,0.007412488
7126,0.0037301993
7133,0.06461905
7136,0.007895487
7139,0.97776663
7144,0.008915491
7147,0.97938216
7150,0.97776663
7154,0.007882682
7162,0.43835506
7163,0.992168
7166,0.03782678
7170,0.0012419914
7174,0.89210016
7179,0.930262
7180,0.0067771617
7194,0.0010498866
7196,0.005391357
7198,0.9945326
7203,0.012192876
7210,0.9943869
7220,0.97938216
7223,0.19284585
7224,0.9988852
7230,0.012192876
7238,0.008915491
7252,0.08253657
7253,0.005391357
7254,0.0010953033
7259,0.006510688
7264,0.008915491
7269,0.012192876
7279,0.002734933
7280,0.9613415
7282,0.9711275
7283,0.005391357
7284,0.98572195
7285,0.007895487
7287,0.012192876
7291,0.0051897475
7295,0.9687404
7300,0.012192876
7303,0.0023942434
7306,0.0026020675
7310,0.009700544
7323,0.96988004
7325,0.0010498866
7331,0.008915491
7332,0.0002989136
7343,0.008915491
7344,0.0023334303
7348,0.0010410085
7349,0.008915491
7353,0.9730453
7358,0.012192876
7361,0.0026645584
7363,0.005391357
7364,0.005391357
7366,0.0057161534
7377,0.11518964
7382,0.01632463
7389,0.0017603867
7395,0.0013934174
7396,0.0166352
7402,0.9916277
7408,0.007882682
7409,0.007585784
7415,0.0067771617
7421,0.94736594
7424,0.005921417
7426,0.930262
7429,0.0010498866
7430,0.001104645
7431,0.006834625
7442,0.812726
7444,0.007585784
7448,0.0009746589
7451,0.0054914565
7452,0.96988004
7462,0.007585784
7466,0.005391357
7468,0.0057161534
7471,0.012220082
7472,0.011766127
7478,0.00029706894
7481,0.0017603867
7483,0.012192876
7485,0.039199963
7487,0.0010953033
7488,0.011303512
7492,0.0012419914
7493,0.08179209
7494,0.007585784
7496,0.008915491
7498,0.8672062
7499,0.15640186
7503,0.0064976667
7505,0.0051897475
7506,0.011303512
7509,0.0064976667
7510,0.98572195
7511,0.007895487
7512,0.0023334303
7513,0.0015772562
7514,0.9755976
7516,0.0054914565
7523,0.012220082
7524,0.0010953033
7527,0.005627036
7529,0.006363628
7532,0.012220082
7535,0.0014052979
7539,0.83873767
7545,0.000573012
7546,0.9810044
7547,0.9943869
7552,0.9730453
7557,0.765343
7558,0.08253657
7565,0.0054914565
7566,0.0018306518
7567,0.007882682
7569,0.9943869
7575,0.0025683052
7576,0.20311116
7583,0.0013153577
7587,0.9730453
7588,0.009700544
7590,0.087064154
7594,0.001104645
7597,0.0023334303
7602,0.012192876
7603,0.006510688
7609,0.007585784
7612,0.009700544
7615,0.96988004
7618,0.9943869
7627,0.98572195
7633,0.005921417
7635,0.946454
7636,0.0012844531
7637,0.8817539
7638,0.005921417
7640,0.19284585
7645,0.00029706894
7646,0.005391357
7649,0.46483666
7654,0.0030530815
7658,0.007585784
7670,0.007895487
7673,0.0012844531
7680,0.00029706894
7689,0.008915491
7692,0.20311116
7695,0.0013153577
7696,0.0009746589
7700,0.89954704
7702,0.012192876
7704,0.0054914565
7705,0.011766127
7707,0.11518964
7713,0.08253657
7728,0.0017725392
7729,0.97776663
7730,0.0057161534
7731,0.006510688
7733,0.0004408163
7736,0.0026645584
7742,0.007585784
7743,0.009965756
7749,0.0023740218
7750,0.88438606
7752,0.011766127
7753,0.0004408163
7754,0.00029706894
7756,0.85291594
7757,0.0057161534
7760,0.005921417
7762,0.007895487
7765,0.0054914565
7770,0.0067771617
7772,0.9943869
7775,0.005391357
7779,0.084116235
7780,0.008915491
7786,0.0067771617
7788,0.008915491
7795,0.0012419914
7799,0.0166352
7803,0.012220082
7811,0.0013934174
7813,0.00059861597
7816,0.008915491
7822,0.012220082
7823,0.0013934174
7830,0.9945326
7831,0.9613415
7833,0.97776663
7835,0.97938216
7849,0.0057161534
7861,0.009965756
7869,0.9001699
7871,0.9943869
7876,0.96988004
7877,0.0017725392
7884,0.006510688
7885,0.9943869
7889,0.011688998
7890,0.0054914565
7892,0.007585784
7897,0.00029706894
7902,0.86908126
7908,0.0010953033
7909,0.005627036
7910,0.0051897475
7916,0.9613415
7926,0.97938216
7927,0.0002989136
7931,0.92254364
7933,0.0054914565
7935,0.005921417
7940,0.99890935
7944,0.017526275
7945,0.012220082
7950,0.99890935
7955,0.0025466175
7957,0.007882682
7958,0.007882682
7959,0.00029706894
7966,0.0019097788
7968,0.011303512
7973,0.98913145
7979,0.9730453
7987,0.007585784
7989,0.005391357
7993,0.002564381
7994,0.98572195
8003,0.0013153577
8009,0.0051897475
8015,0.9755976
8016,0.99890935
8017,0.007895487
8022,0.0051897475
8025,0.97859406
8028,0.0014052979
8035,0.0015772562
8036,0.0026142595
8038,0.99890935
8039,0.97776663
8041,0.0054914565
8048,0.9943869
8051,0.9945326
8056,0.0023334303
8057,0.8519362
8059,0.0013243644
8063,0.011766127
8068,0.0027608671
8070,0.007585784
8076,0.008915491
8077,0.8838407
8081,0.03782678
8083,0.9755976
8084,0.016173588
8087,0.009700544
8088,0.97938216
8090,0.98572195
8093,0.0027608671
8096,0.0017603867
8100,0.0030530815
8103,0.0054914565
8108,0.08253657
8118,0.8519362
8126,0.006555418
8132,0.01646172
8134,0.00029706894
8138,0.0004408163
8141,0.0064430186
8144,0.9120336
8146,0.008915491
8147,0.0025466175
8151,0.012192876
8152,0.9943869
8160,0.0017603867
8164,0.0002989136
8169,0.82067186
8170,0.007585784
8179,0.9943869
8183,0.0054914565
8184,0.99797577
8196,0.9613415
8201,0.0019260534
8202,0.98572195
8203,0.0025683052
8209,0.807717
8210,0.00029706894
8212,0.96988004
8217,0.011766127
8224,0.85269266
8225,0.00050922687
8233,0.08253657
8234,0.9943869
8236,0.0013356558
8239,0.9687404
8240,0.017360479
8241,0.007895487
8245,0.005627036
8247,0.85291594
8248,0.0012419914
8249,0.0057161534
8252,0.00029706894
8259,0.008204403
8262,0.94736594
8263,0.0012399772
8264,0.0054914565
8279,0.00051202066
8283,0.98572195
8287,0.006834625
8288,0.017360479
8290,0.008915491
8301,0.007585784
8310,0.008915491
8316,0.017526275
8317,0.0002989136
8320,0.98508495
8328,0.0025466175
8333,0.006555418
8337,0.03645669
8349,0.008915491
8351,0.006510688
8361,0.71928674
8370,0.8098255
8372,0.19284585
8374,0.0019914724
8383,0.007585784
8388,0.0014052979
8393,0.007895487
8398,0.0025466175
8399,0.01632463
8408,0.0051897475
8413,0.9300587
8420,0.9943869
8423,0.017526275
8424,0.00029706894
8426,0.009700544
8428,0.0010953033
8432,0.008915491
8434,0.009700544
8435,0.007895487
8442,0.99840015
8446,0.012220082
8449,0.08253657
8454,0.0025466175
8456,0.0051897475
8463,0.9578168
8475,0.20311116
8479,0.029718162
8489,0.9687404
8490,0.08253657
8496,0.9984346
8499,0.11518964
8501,0.97938216
8508,0.047139168
8509,0.0017603867
8515,0.0017603867
8519,0.9943869
8522,0.011425274
8525,0.0025466175
8527,0.008915491
8528,0.011766127
8530,0.0009746589
8534,0.008204403
8536,0.0025466175
8537,0.97938216
8539,0.10980627
8551,0.0017725392
8556,0.007895487
8559,0.001104645
8560,0.0030530815
8565,0.011739908
8568,0.0019097788
8569,0.94736594
8575,0.0012399772
8580,0.007895487
8594,0.8838407
8601,0.009700544
8611,0.0010498866
8613,0.0023740218
8625,0.00029706894
8628,0.007585784
8631,0.001104645
8639,0.0018151832
8642,0.98572195
8644,0.0004408163
8648,0.0027375577
8649,0.9730453
8655,0.012192876
8657,0.010470025
8658,0.9943869
8659,0.0067771617
8662,0.001104645
8663,0.97938216
8664,0.011609656
8665,0.0051897475
8666,0.00051202066
8668,0.00051202066
8679,0.0025683052
8693,0.9943869
8709,0.007895487
8711,0.0017891184
8718,0.96988004
8720,0.040487528
8722,0.9687404
8726,0.00029706894
8734,0.0054914565
8739,0.007585784
8746,0.008738777
8748,0.0017891184
8749,0.946454
8755,0.008915491
8757,0.008915491
8763,0.007895487
8764,0.011659807
8766,0.99890935
8773,0.0017603867
8777,0.0010410085
8779,0.0054914565
8783,0.011609656
8787,0.00051202066
8789,0.08253657
8791,0.006834625
8794,0.008915491
8800,0.0051897475
8803,0.014790389
8805,0.9945326
8816,0.01632463
8817,0.0030741303
8818,0.001104645
8819,0.97776663
8821,0.005921417
8845,0.19284585
8849,0.007882682
8851,0.946454
8852,0.006510688
8857,0.0019097788
8867,0.9945326
8870,0.0010953033
8871,0.0023740218
8876,0.8543968
8883,0.0023740218
8885,0.0004450682
8889,0.0054914565
8891,0.03782678
8892,0.0015772562
8893,0.98572195
8894,0.039199963
8906,0.0010410085
8907,0.99049115
8919,0.016173588
8923,0.008915491
8928,0.9730453
8931,0.9578168
8938,0.0019260534
8943,0.0004450682
8955,0.00029706894
8957,0.9578168
8964,0.007895487
8965,0.0010953033
8970,0.009700544
8975,0.005391357
8980,0.9943869
8983,0.016173588
8989,0.005391357
8992,0.0004408163
8993,0.11140559
8996,0.97859406
8998,0.012220082
8999,0.0025683052
9004,0.007585784
9007,0.9711275
9011,0.06560839
9018,0.9613415
9020,0.007895487
9021,0.0004408163
9027,0.0012419914
9035,0.0027375577
9042,0.9730453
9044,0.8672062
9052,0.9945326
9056,0.0002989136
9058,0.007895487
9059,0.0047442787
9060,0.11518964
9061,0.005627036
9065,0.8242064
9068,0.0013934174
9070,0.0017603867
9071,0.012192876
9077,0.0004408163
9081,0.0057161534
9083,0.0010953033
9084,0.0027608671
9085,0.007882682
9088,0.002734933
9091,0.08253657
9093,0.009095114
9096,0.0054914565
9098,0.000573012
9103,0.0017603867
9109,0.011494618
9113,0.0054914565
9126,0.0027375577
9129,0.0025466175
9130,0.13285466
9134,0.0004408163
9137,0.0025466175
9139,0.9943869
9141,0.9988852
9142,0.0023740218
9147,0.99195975
9148,0.0013934174
9151,0.9943869
9153,0.009801603
9154,0.005627036
9158,0.0013356558
9160,0.0004408163
9164,0.97681046
9170,0.00050922687
9175,0.10980627
9176,0.07195984
9177,0.0025683052
9178,0.0009746589
9185,0.9943869
9186,0.011766127
9187,0.0013356558
9189,0.0025683052
9190,0.13788998
9195,0.9730453
9199,0.00029706894
9205,0.0023495292
9209,0.008915491
9213,0.9943869
9218,0.9837658
9221,0.009700544
9223,0.97859406
9229,0.97938216
9234,0.007882682
9235,0.007585784
9237,0.011739908
9243,0.005921417
9244,0.9730453
9250,0.7881368
9252,0.007585784
9253,0.0054914565
9255,0.012192876
9261,0.96988004
9262,0.9613415
9270,0.98986036
9271,0.95989203
9273,0.11518964
9275,0.0013934174
9281,0.011766127
9283,0.006363628
9290,0.007882682
9291,0.0054914565
9292,0.9120336
9295,0.005391357
9304,0.009700544
9308,0.08253657
9313,0.99195975
9317,0.001104645
9321,0.005391357
9330,0.039199963
9332,0.0004450682
9335,0.0027608671
9344,0.9687404
9346,0.0051897475
9349,0.08179209
9351,0.01632463
9352,0.99890935
9354,0.008738777
9359,0.0015907019
9371,0.008738777
9372,0.007585784
9380,0.0010953033
9381,0.000573012
9382,0.9943869
9384,0.00029706894
9385,0.00029706894
9388,0.9943869
9395,0.005391357
9404,0.95989203
9405,0.0016289179
9415,0.0051897475
9416,0.0023334303
9422,0.0012419914
9425,0.0004408163
9426,0.007585784
9430,0.005391357
9433,0.0004450682
9434,0.97950304
9436,0.0054914565
9437,0.0054914565
9445,0.001104645
9447,0.012192876
9452,0.0011777725
9454,0.9943869
9455,0.005627036
9456,0.00029706894
9464,0.0057161534
9467,0.0004450682
9469,0.005391357
9478,0.9943869
9481,0.08335695
9483,0.005921417
9485,0.0017603867
9488,0.007585784
9502,0.007895487
9513,0.930262
9518,0.9943869
9521,0.005416517
9528,0.97950304
9540,0.009965756
9542,0.9755976
9547,0.007585784
9554,0.98572195
9558,0.97776663
9559,0.005391357
9560,0.0023334303
9561,0.9687404
9562,0.0054914565
9563,0.0054914565
9566,0.042192385
9571,0.0012844531
9573,0.9943869
9574,0.0057161534
9584,0.0054914565
9588,0.00029706894
9589,0.9943869
9599,0.008915491
9605,0.9943869
9610,0.00029706894
9612,0.0015118856
9613,0.005391357
9615,0.008915491
9617,0.00029706894
9626,0.88438606
9634,0.9943869
9635,0.0054914565
9636,0.0025683052
9639,0.008915491
9640,0.00029706894
9642,0.97776663
9643,0.007585784
9644,0.0054914565
9652,0.0014414012
9655,0.807717
9662,0.92545295
9663,0.008915491
9664,0.012192876
9670,0.0012844531
9673,0.005921417
9674,0.011659807
9675,0.9984346
9677,0.011766127
9685,0.001104645
9690,0.00029706894
9692,0.0017603867
9693,0.0002989136
9697,0.03782678
9704,0.13788998
9705,0.006137708
9706,0.0057161534
9710,0.007895487
9717,0.008915491
9719,0.017015647
9720,0.97776663
9724,0.0004450682
9729,0.085064985
9739,0.97776663
9740,0.98572195
9741,0.087064154
9747,0.0064430186
9751,0.0064976667
9752,0.007895487
9756,0.08179209
9757,0.009700544
9758,0.0013934174
9760,0.9988852
9762,0.95624125
9775,0.9943869
9776,0.99195975
9778,0.011766127
9779,0.007882682
9784,0.005627036
9788,0.9578168
9794,0.9945326
9804,0.9916277
9805,0.88766056
9815,0.9943869
9819,0.0054914565
9832,0.008915491
9834,0.007585784
9839,0.98572195
9840,0.007585784
9842,0.006137708
9843,0.9711275
9844,0.03782678
9846,0.0054914565
9850,0.0010410085
9851,0.19284585
9852,0.84809923
9862,0.11140559
9863,0.007882682
9864,0.00029706894
9866,0.001104645
9867,0.007585784
9868,0.00029706894
9869,0.012220082
9875,0.0002989136
9876,0.0025683052
9879,0.9988852
9882,0.005391357
9884,0.0017603867
9898,0.0025466175
9900,0.085064985
9904,0.0010498866
9907,0.98572195
9910,0.85291594
9911,0.0017603867
9912,0.9711275
9913,0.0017725392
9921,0.00029706894
9924,0.007895487
9930,0.0014052979
9934,0.005627036
9935,0.99890935
9936,0.8581069
9940,0.0023495292
9942,0.0014991066
9943,0.98272187
9945,0.005391357
9956,0.006137708
9961,0.005391357
9962,0.0004450682
9972,0.89210016
9973,0.005391357
9975,0.0054914565
9983,0.0025466175
9987,0.0166352
9993,0.0054914565
9998,0.08253657
10008,0.008915491
10018,0.9687404
10024,0.008738777
10034,0.0019097788
10038,0.43663505
10039,0.006834625
10041,0.946454
10043,0.98572195
10044,0.08253657
10047,0.9945326
10052,0.8835139
10054,0.008915491
10055,0.97938216
10056,0.005391357
10057,0.9945326
10062,0.007882682
10071,0.9730453
10075,0.00029706894
10078,0.8037468
10082,0.11140559
10087,0.98572195
10093,0.007895487
10094,0.0014052979
10095,0.007882682
10099,0.011766127
10105,0.011659807
10108,0.97776663
10109,0.0054914565
10115,0.9945326
10122,0.007585784
10129,0.007585784
10130,0.85291594
10132,0.007585784
10147,0.07346896
10148,0.99890935
10153,0.0057161534
10155,0.012192876
10178,0.8026402
10196,0.90349114
10200,0.007585784
10203,0.98501694
10208,0.00029706894
10217,0.0027608671
10220,0.97938216
10222,0.00029706894
10225,0.03782678
10227,0.0025683052
10235,0.005627036
10246,0.014790389
10247,0.005391357
10248,0.0009746589
10249,0.806718
10250,0.009700544
10251,0.10980627
10253,0.011739908
10256,0.007585784
10257,0.98272187
10263,0.98572195
10264,0.0026680732
10265,0.012192876
10270,0.0051897475
10290,0.0057161534
10292,0.008915491
10310,0.007585784
10320,0.005627036
10325,0.0012844531
10329,0.008915491
10331,0.006834625
10335,0.0004408163
10351,0.08253657
10353,0.9943869
10357,0.005921417
10362,0.8543968
10372,0.0038993554
10382,0.99890935
10384,0.007585784
10385,0.0054914565
10391,0.11140559
10397,0.00029706894
10398,0.9943869
10407,0.9945326
10408,0.008915491
10409,0.9943869
10414,0.0057161534
10422,0.007412488
10423,0.43835506
10427,0.009700544
10429,0.0048809475
10430,0.98572195
10433,0.992168
10441,0.017273542
10443,0.946454
10446,0.98572195
10448,0.0054914565
10455,0.0054914565
10463,0.0014052979
10465,0.9943869
10473,0.042192385
10481,0.98272187
10483,0.0013153577
10484,0.012192876
10485,0.00029706894
10494,0.00059861597
10495,0.0025466175
10504,0.0019260534
10519,0.012192876
10522,0.9945326
10524,0.011303512
10528,0.0054914565
10529,0.11140559
10536,0.008915491
10539,0.007585784
10540,0.0019260534
10541,0.0013934174
10545,0.9730453
10547,0.012220082
10549,0.009965756
10551,0.007585784
10552,0.006137708
10553,0.9711275
10554,0.21678838
10557,0.008915491
10564,0.039199963
10566,0.08253657
10567,0.08179209
10573,0.97859406
10581,0.07195984
10598,0.001104645
10608,0.012192876
10609,0.96988004
10612,0.8070536
10617,0.012192876
10619,0.0036427644
10620,0.9943869
10621,0.0054914565
10623,0.009852302
10627,0.0027375577
10629,0.46483666
10630,0.0010953033
10641,0.0054914565
10649,0.016283624
10650,0.00051202066
10655,0.012220082
10662,0.0025683052
10663,0.005921417
10667,0.0026020675
10668,0.0017603867
10669,0.005071878
10680,0.0017725392
10684,0.0057161534
10691,0.005921417
10693,0.00029706894
10694,0.011303512
10695,0.0023942434
10708,0.006137708
10711,0.001104645
10712,0.0002989136
10713,0.0026645584
10717,0.0057161534
10728,0.46483666
10732,0.81064224
10734,0.97683495
10739,0.0057161534
10743,0.08179209
10746,0.008204403
10747,0.0010498866
10754,0.006834625
10758,0.00029706894
10760,0.012192876
10761,0.00029706894
10765,0.012192876
10766,0.9687404
10769,0.005391357
10772,0.8572607
10773,0.9810044
10774,0.13285466
10777,0.11140559
10778,0.0054914565
10779,0.0051897475
10786,0.0017603867
10789,0.008915491
10794,0.011739908
10795,0.0064430186
10800,0.016173588
10809,0.0166352
10819,0.85269266
10825,0.89210016
10827,0.08179209
10831,0.99195975
10834,0.9711275
10835,0.011739908
10836,0.08253657
10837,0.0054914565
10842,0.0054914565
10847,0.007895487
10848,0.98572195
10849,0.9730453
10852,0.0010498866
10853,0.0064976667
10856,0.0054914565
10862,0.001104645
10866,0.0009746589
10871,0.10980627
10872,0.98572195
10884,0.0780323
10899,0.012220082
10902,0.89210016
10903,0.008915491
10905,0.00029706894
10912,0.97938216
10913,0.011739908
10915,0.0019260534
10919,0.007585784
10923,0.08253657
10929,0.0166352
10931,0.0017603867
10950,0.9943869
10958,0.011766127
10960,0.012220082
10962,0.0004450682
10963,0.0023334303
10966,0.8927528
10972,0.040487528
10979,0.005627036
10980,0.08179209
10981,0.98572195
10992,0.007882682
10993,0.0010498866
10996,0.0010410085
10998,0.008915491
11001,0.005391357
11010,0.96881986
11014,0.9943869
11023,0.012220082
11030,0.017273542
11034,0.00029706894
11036,0.006834625
11037,0.007585784
11044,0.9945326
11048,0.08037148
11050,0.007882682
11051,0.0023334303
11052,0.99890935
11056,0.007882682
11065,0.9943869
11066,0.97938216
11067,0.006555418
11076,0.07047591
11077,0.011766127
11079,0.0064430186
11085,0.008915491
11088,0.0054914565
11098,0.0019097788
11099,0.007585784
11103,0.0017603867
11105,0.0014052979
11111,0.0015118856
11114,0.9945326
11116,0.008915491
11122,0.0010953033
11132,0.98056465
11135,0.9943869
11137,0.008915491
11155,0.0017603867
11159,0.008915491
11161,0.0025683052
11167,0.007882682
11171,0.0025466175
11172,0.0019260534
11176,0.80824304
11178,0.97776663
11180,0.005921417
11183,0.86465985
11187,0.0017603867
11190,0.012192876
11191,0.0048809475
11197,0.012220082
11198,0.0051897475
11199,0.0010410085
11200,0.95989203
11206,0.9943869
11217,0.009852302
11224,0.008915491
11238,0.765343
11243,0.0025683052
11258,0.0015907019
11261,0.0061644185
11266,0.0064036483
11273,0.0030741303
11274,0.016173588
11279,0.0057161534
11281,0.012192876
11298,0.0067771617
11301,0.008915491
11303,0.009700544
11304,0.008915491
11305,0.0010953033
11312,0.9755976
11313,0.001104645
11316,0.08253657
11319,0.0004408163
11324,0.08179209
11325,0.007882682
11327,0.07195984
11328,0.012192876
11329,0.007585784
11339,0.0004408163
11341,0.0025466175
11350,0.9745506
11352,0.016173588
11356,0.0020052171
11358,0.9943869
11359,0.0002989136
11372,0.0027375577
11380,0.97859406
11388,0.0012497588
11392,0.005921417
11395,0.007585784
11397,0.812726
11399,0.0025683052
11404,0.9687404
11405,0.31802842
11406,0.009700544
11409,0.992168
11412,0.007895487
11413,0.8838407
11422,0.9300587
11426,0.96988004
11427,0.8138023
11429,0.98572195
11431,0.006834625
11433,0.9943869
11437,0.0067771617
11444,0.007585784
11448,0.0025466175
11450,0.9613415
11452,0.008915491
11454,0.9943869
11459,0.20311116
11462,0.08253657
11464,0.0025466175
11466,0.005921417
11469,0.0015772562
11475,0.96988004
11483,0.007585784
11487,0.9730453
11489,0.005391357
11490,0.946454
11495,0.0017725392
11497,0.007585784
11499,0.00029706894
11500,0.0004408163
11503,0.9711275
11505,0.0010953033
11506,0.8543968
11508,0.009700544
11511,0.0054914565
11512,0.0004450682
11516,0.0054914565
11517,0.0037301993
11520,0.9945326
11525,0.0054914565
11536,0.0027375577
11543,0.0004408163
11547,0.005921417
11549,0.0015772562
11554,0.0025683052
11559,0.002805571
11560,0.007585784
11564,0.0057161534
11580,0.011739908
11583,0.016173588
11584,0.13285466
11588,0.001104645
11591,0.0018306518
11597,0.0017603867
11598,0.009700544
11603,0.012192876
11609,0.007585784
11621,0.0054914565
11622,0.0013934174
11623,0.9943869
11626,0.8672062
11634,0.007585784
11637,0.006510688
11650,0.0019097788
11652,0.011739908
11653,0.0004408163
11654,0.99808323
11665,0.97776663
11667,0.0023740218
11669,0.001104645
11671,0.0023334303
11677,0.0013243644
11680,0.94736594
11681,0.9779538
11684,0.008915491
11685,0.00029706894
11693,0.018115364
11694,0.009700544
11695,0.98572195
11699,0.85291594
11701,0.0025466175
11702,0.0004408163
11704,0.99890935
11705,0.0051897475
11706,0.007585784
11717,0.0017603867
11719,0.9943869
11722,0.85291594
11723,0.009700544
11724,0.007895487
11732,0.0054914565
11739,0.007882682
11744,0.0030530815
11746,0.007895487
11749,0.9687404
11751,0.00029706894
11757,0.9945326
11769,0.012220082
11775,0.012192876
11778,0.0015907019
11781,0.0013243644
11782,0.0026242237
11786,0.9988852
11789,0.007895487
11790,0.0012497588
11796,0.007585784
11798,0.008915491
11799,0.9943869
11802,0.03782678
11805,0.0002989136
11806,0.0036427644
11809,0.97776663
11814,0.0015118856
11818,0.016283624
11821,0.005627036
11828,0.9613415
11829,0.97859406
11833,0.0054914565
11838,0.9730453
11841,0.042192385
11844,0.005921417
11864,0.007895487
11876,0.005391357
11879,0.0025466175
11884,0.9943869
11885,0.0057161534
11889,0.0025466175
11895,0.009801603
11904,0.005391357
11915,0.006834625
11921,0.09627604
11928,0.98572195
11929,0.016173588
11933,0.0054914565
11939,0.006510688
11951,0.0002989136
11952,0.007585784
11969,0.005071878
11972,0.0057161534
11976,0.011766127
11977,0.0054914565
11980,0.0166352
11983,0.0012844531
11994,0.20311116
12000,0.007882682
12001,0.946454
12002,0.005391357
12005,0.0025683052
12009,0.0027608671
12018,0.012192876
12022,0.0025683052
12031,0.9943869
12038,0.006555418
12047,0.97950304
12050,0.0026242237
12051,0.016173588
12058,0.0010953033
12060,0.0054914565
12064,0.001104645
12065,0.005391357
12066,0.005921417
12067,0.007585784
12072,0.005627036
12075,0.007585784
12080,0.0010953033
12093,0.005627036
12094,0.99890935
12095,0.011766127
12102,0.9687404
12110,0.007895487
12112,0.007585784
12115,0.8177629
12122,0.9945326
12134,0.001104645
12135,0.0013934174
12140,0.97859406
12143,0.9943869
12160,0.008204403
12162,0.0013153577
12163,0.43663505
12164,0.0014414012
12171,0.007585784
12173,0.0017603867
12174,0.040487528
12175,0.0063078487
12178,0.0019914724
12182,0.9943869
12183,0.007585784
12195,0.0051897475
12196,0.9711275
12198,0.01741845
12199,0.99890935
12205,0.0054914565
12208,0.0011878167
12211,0.08253657
12212,0.0027608671
12215,0.006834625
12216,0.002734933
12220,0.97776663
12221,0.0025466175
12222,0.98056465
12231,0.001104645
12232,0.007882682
12233,0.81349915
12235,0.0010410085
12241,0.005391357
12246,0.009095114
12248,0.97938216
12252,0.98508495
12253,0.0014052979
12265,0.005627036
12278,0.005391357
12281,0.010470025
12284,0.0054914565
12290,0.8927528
12291,0.007585784
12292,0.96988004
12294,0.005921417
12297,0.08179209
12300,0.084116235
12301,0.0027375577
12306,0.97859406
12308,0.0166352
12312,0.031098463
12317,0.005391357
12320,0.08253657
12327,0.008204403
12331,0.85291594
12333,0.00029706894
12339,0.0002989136
12344,0.0004408163
12351,0.08253657
12356,0.0012391927
12360,0.11518964
12362,0.99890935
12367,0.0009746589
12368,0.08179209
12370,0.03782678
12374,0.9943869
12380,0.9730453
12384,0.9745506
12390,0.009801603
12392,0.00029706894
12393,0.0054914565
12396,0.99890935
12398,0.009700544
12407,0.001104645
12408,0.0054914565
12413,0.0057161534
12414,0.99890935
12416,0.765343
12417,0.008915491
12422,0.000573012
12425,0.008915491
12426,0.005391357
12428,0.0166352
12434,0.007882682
12436,0.085064985
12439,0.0017725392
12443,0.9730453
12445,0.011766127
12452,0.9943869
12456,0.85291594
12457,0.00029706894
12466,0.9943869
12467,0.97776663
12480,0.0012419914
12484,0.012192876
12486,0.008915491
12496,0.0051897475
12498,0.007882682
12504,0.0026242237
12506,0.9945326
12511,0.008915491
12513,0.8672062
12520,0.9943869
12524,0.0064430186
12526,0.0051897475
12531,0.0012844531
12532,0.0057161534
12533,0.08179209
12534,0.0004408163
12535,0.012192876
12537,0.007585784
12540,0.11518964
12542,0.9711275
12548,0.812726
12557,0.08179209
12570,0.000573012
12572,0.99890935
12573,0.92254364
12575,0.039199963
12576,0.005391357
12577,0.97776663
12579,0.0057161534
12582,0.85291594
12597,0.0015772562
12598,0.0013153577
12606,0.007895487
12611,0.008915491
12625,0.016874032
12629,0.005391357
12631,0.00029706894
12637,0.007585784
12639,0.0051897475
12641,0.06560839
12644,0.040487528
12645,0.0030741303
12649,0.0017603867
12652,0.008204403
12653,0.005391357
12664,0.08253657
12665,0.97938216
12672,0.9613415
12679,0.0027537947
12686,0.008915491
12692,0.08179209
12698,0.009801603
12699,0.009852302
12700,0.012220082
12702,0.08253657
12703,0.03782678
12704,0.005921417
12707,0.007585784
12716,0.002564381
12718,0.00050922687
12720,0.005391357
12722,0.11518964
12723,0.0027608671
12725,0.21678838
12727,0.95989203
12730,0.0054914565
12731,0.008738777
12738,0.0057161534
12741,0.0017725392
12746,0.946454
12750,0.0010410085
12758,0.007895487
12761,0.007585784
12764,0.00050922687
12767,0.016173588
12773,0.08253657
12776,0.9613415
12779,0.009700544
12788,0.005391357
12796,0.005391357
12802,0.011938224
12810,0.0025683052
12813,0.98572195
12817,0.9943869
12828,0.007585784
12829,0.97859406
12843,0.0054914565
12844,0.007585784
12845,0.007585784
12849,0.0009746589
12851,0.007882682
12854,0.94736594
12861,0.0017603867
12862,0.0012419914
12864,0.0025683052
12869,0.0010953033
12872,0.9687404
12880,0.11518964
12882,0.011766127
12883,0.0013153577
12889,0.007585784
12894,0.0054914565
12897,0.85291594
12907,0.0013153577
12909,0.9221309
12913,0.007895487
12914,0.0010953033
12916,0.007882682
12923,0.11140559
12925,0.0027608671
12933,0.006510688
12939,0.0002989136
12940,0.0015772562
12954,0.0012419914
12955,0.0057161534
12959,0.9988852
12969,0.007585784
12975,0.007585784
12981,0.95624125
12985,0.007895487
12986,0.9945326
12989,0.0051897475
12992,0.007895487
13003,0.004633185
13010,0.001104645
13012,0.005391357
13016,0.85269266
13021,0.0057161534
13022,0.024132876
13023,0.0054914565
13026,0.0010953033
13029,0.08179209
13031,0.0017603867
13037,0.0017603867
13044,0.0064976667
13047,0.005391357
13053,0.08179209
13059,0.006834625
13061,0.90349114
13066,0.012220082
13067,0.0027375577
13084,0.007895487
13085,0.008915491
13089,0.0037301993
13093,0.008915491
13099,0.009095114
13100,0.03645669
13105,0.09627604
13106,0.007585784
13107,0.0017603867
13111,0.08560292
13117,0.008915491
13118,0.005391357
13120,0.007585784
13123,0.9943869
13127,0.9945326
13146,0.00050922687
13150,0.0016932035
13153,0.0023942434
13154,0.9943869
13157,0.0004450682
13158,0.0013356558
13164,0.98572195
13169,0.0027608671
13170,0.008915491
13174,0.0013934174
13178,0.9943869
13182,0.9943869
13183,0.0013934174
13187,0.007585784
13190,0.13788998
13192,0.0166352
13197,0.9914534
13202,0.0009746589
13204,0.0010340397
13207,0.0025683052
13208,0.9988852
13209,0.007585784
13210,0.0054914565
13218,0.0010410085
13228,0.007585784
13229,0.005391357
13233,0.0025466175
13235,0.0057161534
13236,0.009700544
13241,0.007585784
13245,0.0023740218
13248,0.0017603867
13255,0.012220082
13271,0.06461905
13272,0.0067771617
13274,0.007585784
13281,0.0054914565
13288,0.008915491
13291,0.0054914565
13299,0.85291594
13302,0.006555418
13303,0.005921417
13305,0.007585784
13307,0.11140559
13309,0.00050922687
13311,0.009700544
13320,0.007585784
13332,0.0014052979
13333,0.9943869
13338,0.007895487
13339,0.0017603867
13340,0.008204403
13346,0.007585784
13348,0.9613415
13357,0.0054914565
13362,0.9943869
13364,0.087064154
13371,0.016283624
13375,0.99890935
13382,0.9613415
13383,0.08253657
13387,0.0054914565
13391,0.9613415
13396,0.005391357
13406,0.007585784
13413,0.9904795
13419,0.012220082
13423,0.005391357
13427,0.9945326
13431,0.0018306518
13444,0.001104645
13450,0.008915491
13451,0.9730453
13456,0.99890935
13458,0.0063078487
13460,0.9687404
13464,0.08253657
13465,0.0018151832
13467,0.8927528
13468,0.0014052979
13471,0.98272187
13479,0.0026645584
13481,0.08253657
13483,0.012192876
13488,0.0017725392
13494,0.85291594
13499,0.9810044
13500,0.0025466175
13504,0.008915491
13515,0.0012419914
13517,0.008915491
13523,0.009700544
13526,0.11140559
13528,0.9988852
13531,0.9943869
13532,0.0017603867
13535,0.0017603867
13542,0.008915491
13561,0.0030530815
13563,0.009700544
13568,0.0025466175
13574,0.0025466175
13575,0.006363628
13576,0.0023495292
13584,0.012220082
13587,0.002564381
13592,0.96988004
13600,0.0012844531
13603,0.98056465
13604,0.82603025
13606,0.0025683052
13607,0.0013153577
13612,0.0013356558
13615,0.011303512
13622,0.0023334303
13624,0.74379927
13625,0.005391357
13628,0.005921417
13633,0.00050922687
13641,0.0030530815
13649,0.0057161534
13657,0.9945326
13661,0.0054914565
13666,0.0017603867
13667,0.005627036
13668,0.0054914565
13672,0.0025683052
13675,0.21678838
13684,0.007895487
13686,0.011739908
13690,0.0017603867
13695,0.0017603867
13698,0.016173588
13699,0.08253657
13704,0.03645669
13712,0.9730453
13714,0.007585784
13715,0.98272187
13718,0.85686016
13721,0.0010953033
13725,0.012220082
13729,0.009852302
13738,0.0017603867
13740,0.007585784
13751,0.97938216
13756,0.007585784
13762,0.007882682
13769,0.8491912
13777,0.11140559
13778,0.014790389
13780,0.0036427644
13788,0.9943869
13789,0.0054914565
13790,0.001104645
13791,0.0004450682
13798,0.009700544
13802,0.0026020675
13805,0.0063078487
13819,0.0067771617
13821,0.08253657
13827,0.0027375577
13830,0.0025466175
13831,0.005391357
13833,0.0013934174
13839,0.0051897475
13840,0.008915491
13846,0.008915491
13854,0.0030741303
13857,0.008915491
13859,0.0166352
13860,0.012220082
13862,0.17660639
13863,0.007882682
13866,0.005391357
13870,0.99890935
13877,0.007895487
13881,0.008204403
13883,0.99890935
13886,0.0054914565
13888,0.005921417
13895,0.00059861597
13902,0.00029706894
13903,0.8572296
13906,0.0054914565
13907,0.97776663
13908,0.087064154
13909,0.0017603867
13913,0.20311116
13919,0.11518964
13926,0.011766127
13927,0.98572195
13929,0.005391357
13930,0.0004408163
13934,0.11996325
13939,0.012220082
13942,0.9943869
13944,0.99890935
13956,0.011303512
13959,0.009700544
13969,0.0036427644
13973,0.97683495
13975,0.79935104
13977,0.0025466175
13979,0.007585784
13980,0.009700544
13981,0.0051897475
13987,0.01632463
13988,0.002734933
13991,0.97859406
14001,0.008915491
14002,0.9943869
14009,0.9945326
14011,0.98572195
14021,0.012220082
14025,0.011739908
14026,0.007882682
14029,0.005391357
14033,0.00029706894
14035,0.0017725392
14037,0.008915491
14040,0.040487528
14055,0.005391357
14064,0.0057161534
14068,0.0023942434
14070,0.0025466175
14075,0.00051202066
14077,0.0025683052
14079,0.98272187
14081,0.0013356558
14084,0.005391357
14087,0.9943869
14089,0.21678838
14090,0.0030741303
14096,0.012220082
14100,0.007585784
14106,0.9810044
14107,0.011739908
14111,0.008915491
14114,0.008915491
14115,0.0054914565
14119,0.85686016
14122,0.008204403
14124,0.008915491
14125,0.9945326
14127,0.9943869
14131,0.008915491
14133,0.0054914565
14134,0.0025683052
14137,0.001104645
14143,0.006510688
14145,0.009700544
14150,0.00029214445
14152,0.0023740218
14153,0.99890935
14154,0.005921417
14158,0.0017603867
14159,0.007585784
14171,0.012192876
14173,0.9730453
14174,0.9810044
14181,0.946454
14186,0.97938216
14187,0.8672062
14196,0.0023334303
14197,0.745416
14199,0.008915491
14200,0.08179209
14202,0.0015118856
14207,0.98572195
14208,0.9943869
14210,0.0063078487
14212,0.007585784
14213,0.08179209
14220,0.007882682
14221,0.007882682
14223,0.007585784
14224,0.0054914565
14236,0.0061644185
14241,0.0012844531
14242,0.0025466175
14244,0.96988004
14245,0.9885627
14247,0.0010498866
14268,0.76381266
14272,0.002734933
14276,0.96988004
14278,0.0013243644
14280,0.0010953033
14282,0.0010953033
14283,0.000573012
14284,0.008204403
14285,0.9945326
14286,0.0023495292
14288,0.005921417
14289,0.008915491
14295,0.00059861597
14296,0.009700544
14297,0.0004408163
14301,0.012192876
14302,0.08179209
14305,0.0025466175
14306,0.0017603867
14307,0.008915491
14309,0.08253657
14312,0.0054914565
14324,0.00051202066
14325,0.9988852
14326,0.8672062
14329,0.0012419914
14333,0.946454
14335,0.008738777
14340,0.00051202066
14341,0.007585784
14346,0.0015907019
14347,0.08253657
14348,0.9943869
14358,0.9730453
14359,0.946454
14361,0.005391357
14362,0.0017603867
14363,0.9943869
14364,0.11140559
14368,0.0017603867
14373,0.0013153577
14374,0.08179209
14378,0.0015907019
14379,0.08179209
14380,0.9730453
14381,0.008915491
14383,0.0017603867
14387,0.016283624
14389,0.0010498866
14392,0.0010953033
14395,0.007895487
14398,0.08253657
14401,0.0037301993
14406,0.0027608671
14412,0.00029706894
14413,0.0030530815
14415,0.007585784
14416,0.9730453
14425,0.20311116
14428,0.009801603
14431,0.011739908
14435,0.039199963
14436,0.0036427644
14442,0.007585784
14443,0.0054914565
14445,0.99890935
14448,0.9810044
14451,0.08179209
14453,0.0063078487
14454,0.006555418
14455,0.96988004
14459,0.9687404
14461,0.9943869
14462,0.9755976
14464,0.98056465
14467,0.00050922687
14470,0.0010410085
14481,0.0004450682
14485,0.0010498866
14488,0.007585784
14489,0.01632463
14494,0.0057161534
14496,0.0025466175
14502,0.0010953033
14504,0.0009746589
14505,0.8054224
14507,0.007585784
14513,0.9943869
14517,0.99890935
14522,0.99890935
14523,0.007585784
14525,0.007585784
14539,0.0051897475
14545,0.0064036483
14549,0.0012399772
14551,0.98572195
14563,0.0004408163
14566,0.00029706894
14568,0.01632463
14569,0.0064430186
14571,0.11518964
14578,0.0054914565
14581,0.00029214445
14584,0.007585784
14592,0.005391357
14593,0.0012419914
14596,0.0012419914
14603,0.94736594
14605,0.08075265
14611,0.009801603
14612,0.0010953033
14614,0.0023740218
14622,0.13285466
14625,0.007895487
14627,0.008915491
14629,0.97683495
14634,0.9943869
14640,0.9730453
14644,0.0019260534
14647,0.19284585
14655,0.81064224
14661,0.002564381
14662,0.0067771617
14667,0.98572195
14671,0.0025466175
14673,0.0025683052
14674,0.0780323
14675,0.0014414012
14677,0.0002989136
14680,0.0004450682
14689,0.001104645
14690,0.992168
14691,0.81263715
14693,0.9943869
14694,0.008915491
14698,0.0030741303
14708,0.0010498866
14709,0.85652375
14710,0.04218095
14715,0.97938216
14716,0.0004408163
14719,0.007882682
14720,0.0054914565
14722,0.007585784
14726,0.0019097788
14735,0.0010953033
14736,0.0025683052
14739,0.007585784
14743,0.016173588
14755,0.0025466175
14759,0.005391357
14763,0.0017603867
14765,0.9943869
14772,0.08253657
14775,0.007895487
14778,0.0010410085
14784,0.0064430186
14798,0.0013243644
14821,0.9943869
14824,0.000573012
14827,0.19284585
14831,0.96988004
14832,0.008915491
14839,0.007585784
14841,0.007882682
14842,0.0027375577
14851,0.0023334303
14862,0.0166352
14863,0.0010953033
14864,0.9300587
14865,0.0063078487
14866,0.08179209
14875,0.0010410085
14879,0.0009746589
14881,0.006510688
14894,0.009700544
14895,0.99890935
14898,0.98508495
14899,0.98572195
14900,0.00059861597
14903,0.0057161534
14905,0.0054914565
14906,0.0019097788
14919,0.0010410085
14923,0.008915491
14925,0.08253657
14926,0.01632463
14928,0.008915491
14929,0.0057161534
14932,0.008738777
14933,0.0027375577
14939,0.0054914565
14946,0.007585784
14947,0.11518964
14948,0.0023495292
14949,0.006137708
14955,0.0026020675
14958,0.005921417
14962,0.0002989136
14963,0.98572195
14969,0.008915491
14978,0.008915491
14989,0.0054914565
14991,0.005391357
14997,0.0023942434
15007,0.008915491
15009,0.007412488
15018,0.0742403
15020,0.6549102
15024,0.0002989136
15030,0.97776663
15032,0.0054914565
15036,0.08179209
15037,0.0010953033
15038,0.98572195
15039,0.9943869
15042,0.011659807
15044,0.0013934174
15047,0.005391357
15054,0.03782678
15059,0.008738777
15062,0.20311116
15069,0.016173588
15070,0.0017603867
15075,0.98572195
15081,0.0012419914
15082,0.0012844531
15083,0.0017725392
15089,0.006510688
15090,0.0054914565
15095,0.90556467
15100,0.0025466175
15102,0.006885858
15112,0.016173588
15113,0.0054914565
15120,0.0025683052
15124,0.89210016
15127,0.9943869
15128,0.0014414012
15130,0.008915491
15134,0.008915491
15136,0.0017603867
15144,0.0023942434
15147,0.0026645584
15148,0.97938216
15153,0.084179536
15156,0.0015118856
15159,0.10980627
15161,0.0054914565
15164,0.9943869
15165,0.00029706894
15168,0.0017603867
15174,0.9943869
15175,0.007882682
15176,0.009700544
15183,0.006510688
15184,0.0018306518
15185,0.9943869
15186,0.98508495
15187,0.005627036
15190,0.0012391927
15191,0.85291594
15195,0.86645067
15197,0.0064976667
15202,0.00050922687
15204,0.007585784
15206,0.9943869
15209,0.9943869
15215,0.99797577
15220,0.005921417
15229,0.0051897475
15230,0.0023495292
15232,0.012192876
15233,0.012220082
15240,0.946454
15242,0.0025466175
15243,0.97938216
15245,0.007895487
15247,0.03782678
15248,0.9943869
15250,0.97938216
15252,0.0010498866
15263,0.007585784
15266,0.008915491
15268,0.0025683052
15270,0.9988852
15271,0.9943869
15272,0.0010953033
15274,0.0023334303
15275,0.94736594
15276,0.9945326
15281,0.0013153577
15283,0.0027608671
15284,0.008915491
15287,0.08608862
15295,0.9945326
15301,0.0030741303
15302,0.007585784
15304,0.008738777
15305,0.9980508
15307,0.9943869
15308,0.007895487
15309,0.08253657
15311,0.006363628
15312,0.002564381
15315,0.0017603867
15326,0.946454
15332,0.0025683052
15336,0.76381266
15341,0.012192876
15345,0.0017725392
15361,0.0017725392
15364,0.9730453
15370,0.0009746589
15376,0.0025466175
15399,0.007585784
15404,0.016283624
15409,0.0057161534
15411,0.01632463
15414,0.007585784
15415,0.11518964
15416,0.0066990736
15417,0.008915491
15423,0.0027608671
15425,0.00018698837
15429,0.008915491
15433,0.0054914565
15436,0.0027375577
15442,0.006834625
15445,0.0004450682
15448,0.0025683052
15450,0.0010953033
15452,0.9988852
15456,0.007895487
15458,0.007895487
15459,0.07195984
15463,0.0051897475
15468,0.9980508
15469,0.85269266
15472,0.005391357
15476,0.006363628
15483,0.005391357
15486,0.007882682
15487,0.8028231
15495,0.005391357
15500,0.08179209
15502,0.9578168
15504,0.0054914565
15507,0.0054914565
15510,0.007585784
15515,0.039199963
15530,0.9943869
15533,0.0002989136
15538,0.9735627
15539,0.008915491
15541,0.98508495
15543,0.008915491
15546,0.97776663
15547,0.9943869
15549,0.85291594
15555,0.9943869
15556,0.99890935
15566,0.85291594
15571,0.005391357
15573,0.0017725392
15582,0.92575645
15591,0.82406247
15592,0.007895487
15596,0.10980627
15597,0.43663505
15601,0.017360479
15608,0.0057161534
15609,0.007585784
15610,0.97776663
15611,0.016874032
15612,0.9711275
15618,0.008738777
15619,0.97776663
15622,0.007882682
15623,0.08253657
15629,0.0004408163
15631,0.0064976667
15634,0.98572195
15638,0.0054914565
15644,0.0025683052
15645,0.11140559
15648,0.009700544
15651,0.0054914565
15653,0.0014414012
15657,0.0010498866
15659,0.0054914565
15661,0.98572195
15665,0.008915491
15667,0.00059861597
15668,0.007882682
15669,0.08253657
15670,0.08253657
15671,0.98508495
15688,0.06261413
15689,0.00029706894
15690,0.001104645
15694,0.007882682
15695,0.9711275
15696,0.96881986
15709,0.007585784
15711,0.005391357
15712,0.0057161534
15713,0.0004408163
15715,0.012220082
15720,0.0017603867
15721,0.95624125
15744,0.0017725392
15747,0.012192876
15751,0.006834625
15757,0.008915491
15758,0.9945326
15764,0.005391357
15769,0.00029706894
15783,0.812726
15786,0.007585784
15788,0.9715737
15794,0.014790389
15795,0.08253657
15796,0.08179209
15797,0.812726
15800,0.04237643
15809,0.98508495
15813,0.000573012
15819,0.0002989136
15827,0.0057161534
15828,0.005391357
15829,0.00018757534
15835,0.0023495292
15839,0.0023495292
15841,0.0025683052
15842,0.9715737
15843,0.9943869
15852,0.99890935
15881,0.0013934174
15886,0.0010953033
15891,0.009700544
15894,0.0054914565
15904,0.0025683052
15912,0.0015772562
15918,0.0014414012
15919,0.97938216
15934,0.012192876
15935,0.008915491
15937,0.946454
15938,0.04490503
15947,0.0014052979
15950,0.005921417
15955,0.0023334303
15959,0.97938216
15964,0.946454
15965,0.011766127
15966,0.0067771617
15968,0.9943869
15969,0.0018980254
15971,0.807717
15975,0.011739908
15978,0.0057161534
15980,0.008915491
15981,0.0063078487
15982,0.97681046
15988,0.012192876
15993,0.0013243644
15994,0.008204403
15996,0.008204403
15998,0.0012419914
15999,0.20311116
16000,0.946454
16001,0.8589207
16004,0.005391357
16009,0.007585784
16014,0.008915491
16017,0.001104645
16018,0.005391357
16025,0.9784611
16027,0.812726
16028,0.9687404
16029,0.008204403
16032,0.005391357
16037,0.0002989136
16039,0.012220082
16044,0.005391357
16046,0.004633185
16058,0.016173588
16059,0.0030530815
16061,0.9730453
16064,0.007585784
16065,0.006834625
16077,0.0023740218
16080,0.0054914565
16086,0.0010953033
16092,0.0054914565
16100,0.007585784
16110,0.039199963
16111,0.11518964
16112,0.0010953033
16114,0.0057161534
16119,0.0013243644
16127,0.0012419914
16129,0.9943869
16137,0.0054914565
16138,0.0010953033
16143,0.0004450682
16144,0.98508495
16148,0.007585784
16153,0.98572195
16155,0.07047591
16163,0.7938853
16170,0.0030530815
16191,0.0013934174
16200,0.9943869
16202,0.008915491
16205,0.08253657
16208,0.005921417
16211,0.006834625
16212,0.9945326
16214,0.0015907019
16216,0.0025466175
16221,0.0057161534
16224,0.98572195
16225,0.99890935
16229,0.9945326
16232,0.765343
16238,0.85686016
16243,0.9730453
16253,0.00029706894
16259,0.946454
16260,0.007895487
16262,0.008915491
16267,0.8070536
16272,0.0064430186
16275,0.008915491
16278,0.9943869
16292,0.0017725392
16294,0.011739908
16296,0.0002989136
16298,0.0004408163
16299,0.005921417
16300,0.9945326
16302,0.009700544
16304,0.01632463
16305,0.0023740218
16307,0.9687404
16308,0.012220082
16309,0.19284585
16315,0.00029706894
16316,0.009095114
16321,0.009801603
16323,0.00029706894
16327,0.0017603867
16330,0.007585784
16331,0.0054914565
16333,0.007895487
16339,0.008915491
16348,0.0063078487
16351,0.97776663
16354,0.0027608671
16357,0.087064154
16363,0.98508495
16377,0.005921417
16381,0.012192876
16384,0.0054914565
16387,0.0051897475
16400,0.0010498866
16402,0.85291594
16404,0.007882682
16405,0.0054914565
16408,0.99195975
16410,0.0004408163
16420,0.009965756
16425,0.11140559
16430,0.007882682
16435,0.005391357
16441,0.9730453
16447,0.43663505
16449,0.008915491
16454,0.007895487
16457,0.008915491
16458,0.012220082
16460,0.0023740218
16465,0.9943869
16468,0.0025466175
16469,0.0023740218
16475,0.005391357
16478,0.0023740218
16480,0.9945326
16481,0.012192876
16482,0.0012419914
16489,0.0015118856
16496,0.0051897475
16498,0.008915491
16502,0.007585784
16504,0.07373342
16510,0.007882682
16523,0.08253657
16527,0.0067771617
16529,0.9943869
16533,0.930262
16534,0.0063078487
16540,0.008915491
16552,0.012220082
16558,0.007585784
16559,0.00050922687
16566,0.0017603867
16568,0.0054914565
16570,0.08253657
16571,0.9943869
16572,0.19284585
16575,0.0010953033
16581,0.0025466175
16591,0.0027375577
16598,0.005627036
16600,0.001104645
16606,0.9945326
16608,0.0026242237
16614,0.9945326
16615,0.005921417
16619,0.0023942434
16640,0.011766127
16644,0.0054914565
16646,0.008915491
16647,0.0054914565
16648,0.97776663
16650,0.009700544
16651,0.08179209
16653,0.012220082
16658,0.006510688
16666,0.0017603867
16667,0.008204403
16668,0.0025683052
16672,0.009700544
16675,0.9988348
16679,0.0023942434
16683,0.007585784
16686,0.016262198
16688,0.85269266
16690,0.07047591
16696,0.0025466175
16705,0.041240726
16708,0.0027375577
16709,0.0010953033
16713,0.007585784
16718,0.71928674
16723,0.00029706894
16730,0.08253657
16735,0.8672062
16737,0.08253657
16749,0.042192385
16754,0.99890935
16755,0.0030530815
16760,0.0017603867
16765,0.0027608671
16770,0.009700544
16786,0.9943869
16790,0.007585784
16793,0.0054914565
16794,0.8526608
16801,0.087064154
16810,0.00029706894
16811,0.002564381
16814,0.006834625
16815,0.9943869
16816,0.99049765
16825,0.0054914565
16832,0.008915491
16835,0.00029706894
16837,0.9943869
16839,0.005391357
16840,0.0027375577
16843,0.011739908
16853,0.98508495
16857,0.0012419914
16861,0.007585784
16863,0.97938216
16876,0.13788998
16878,0.8543968
16885,0.001104645
16887,0.0054914565
16890,0.765343
16895,0.017015647
16898,0.007585784
16905,0.11140559
16910,0.0051897475
16912,0.97776663
16920,0.005921417
16927,0.008204403
16931,0.012220082
16932,0.11518964
16933,0.0030530815
16941,0.006510688
16944,0.010128021
16947,0.9711275
16948,0.005921417
16951,0.43663505
16957,0.008915491
16961,0.97681046
16964,0.011303512
16966,0.00059861597
16971,0.98572195
16972,0.005921417
16975,0.98572195
16977,0.0017603867
16978,0.0023334303
16995,0.008915491
16996,0.009700544
16999,0.011739908
17005,0.007895487
17006,0.0054914565
17007,0.0057161534
17026,0.00051202066
17037,0.03782678
17038,0.96988004
17039,0.008915491
17042,0.0027375577
17045,0.9943869
17046,0.005391357
17047,0.9687404
17050,0.0017603867
17054,0.0002989136
17063,0.0002989136
17065,0.90356064
17066,0.89210016
17067,0.0166352
17073,0.011766127
17077,0.9578168
17083,0.012192876
17084,0.005391357
17087,0.99890935
17093,0.007741327
17101,0.97938216
17113,0.97938216
17114,0.006137708
17119,0.00029706894
17120,0.0019097788
17121,0.005627036
17124,0.0019097788
17125,0.8572296
17131,0.0004450682
17132,0.0064976667
17133,0.0030530815
17134,0.0001859878
17138,0.008915491
17142,0.009700544
17148,0.008915491
17152,0.8149166
17153,0.9943869
17158,0.95989203
17159,0.0057161534
17163,0.9943869
17177,0.9730453
17178,0.00029214445
17185,0.11140559
17186,0.9730453
17187,0.0010953033
17189,0.005391357
17190,0.01632463
17191,0.0013934174
17195,0.0010953033
17202,0.9943869
17204,0.087064154
17205,0.0025466175
17207,0.0012844531
17214,0.11140559
17215,0.0064430186
17217,0.007895487
17219,0.0019097788
17220,0.9943869
17221,0.011425274
17223,0.97938216
17224,0.04752252
17227,0.0013934174
17230,0.007585784
17232,0.0012419914
17236,0.9943869
17244,0.98508495
17246,0.9945326
17255,0.007585784
17259,0.81064224
17262,0.008204403
17269,0.0027537947
17277,0.0004450682
17279,0.085064985
17285,0.17660639
17289,0.00029706894
17293,0.9945326
17295,0.002734933
17297,0.000573012
17298,0.01646172
17304,0.9988852
17306,0.084116235
17321,0.011739908
17323,0.005391357
17334,0.9988852
17335,0.88766056
17337,0.0012497588
17343,0.012192876
17344,0.008738777
17347,0.13285466
17355,0.0057161534
17357,0.0014052979
17361,0.0014052979
17365,0.9945326
17368,0.0004408163
17374,0.005391357
17375,0.0051897475
17377,0.930262
17378,0.007585784
17381,0.005391357
17387,0.017360479
17389,0.0057161534
17391,0.00018757534
17402,0.0012844531
17403,0.008915491
17414,0.0054914565
17415,0.0002989136
17416,0.007585784
17418,0.0054914565
17423,0.9943869
17426,0.007585784
17437,0.084116235
17438,0.008204403
17442,0.9613415
17444,0.011303512
17445,0.20311116
17453,0.0010953033
17454,0.0051897475
17456,0.9916277
17465,0.0030741303
17473,0.007882682
17476,0.007585784
17478,0.946454
17479,0.43663505
17484,0.88766056
17485,0.0054914565
17486,0.08179209
17487,0.9916277
17488,0.9945326
17497,0.19284585
17498,0.96988004
17506,0.007882682
17507,0.007585784
17519,0.0013153577
17528,0.0013934174
17530,0.009095114
17536,0.0002989136
17541,0.01632463
17542,0.005391357
17546,0.0025683052
17562,0.99890935
17564,0.0057161534
17568,0.0027375577
17570,0.011739908
17571,0.9755976
17575,0.9613415
17578,0.00050922687
17579,0.0012497588
17582,0.99890935
17592,0.005627036
17593,0.9730453
17601,0.0064430186
17604,0.005921417
17613,0.0012419914
17614,0.88766056
17619,0.9943869
17622,0.0010953033
17624,0.008915491
17626,0.007882682
17634,0.012192876
17649,0.97938216
17655,0.0054914565
17665,0.008915491
17673,0.006363628
17678,0.97859406
17680,0.006510688
17683,0.0030530815
17690,0.0051897475
17691,0.99067444
17693,0.0004408163
17694,0.008915491
17695,0.0025683052
17697,0.008915491
17700,0.007585784
17709,0.00029706894
17712,0.0002989136
17716,0.9943869
17720,0.015036823
17729,0.0057161534
17730,0.008915491
17736,0.008915491
17738,0.007585784
17740,0.85686016
17742,0.0014052979
17747,0.005391357
17749,0.00029706894
17750,0.0016289179
17753,0.009801603
17754,0.00029706894
17756,0.001104645
17759,0.20311116
17760,0.009700544
17761,0.007585784
17765,0.0010953033
17774,0.0014414012
17781,0.009801603
17782,0.005627036
17787,0.0054914565
17788,0.98572195
17791,0.9730453
17796,0.00029706894
17798,0.007585784
17803,0.00029706894
17807,0.0012419914
17809,0.008915491
17810,0.008915491
17813,0.0025466175
17817,0.005391357
17819,0.007585784
17823,0.0027608671
17825,0.009700544
17828,0.9945326
17844,0.0004408163
17854,0.007585784
17859,0.97776663
17860,0.084099986
17875,0.9945326
17876,0.946454
17882,0.9943869
17890,0.005391357
17891,0.005416517
17894,0.0023942434
17898,0.016886668
17904,0.007895487
17905,0.007895487
17907,0.016283624
17909,0.00029214445
17913,0.96988004
17918,0.0004408163
17921,0.08179209
17922,0.08253657
17924,0.012192876
17925,0.0017725392
17926,0.005391357
17928,0.0027375577
17936,0.96988004
17938,0.00029706894
17939,0.012220082
17940,0.0013934174
17945,0.00050922687
17954,0.0048809475
17964,0.9730453
17966,0.0166352
17967,0.007585784
17970,0.007585784
17971,0.012192876
17972,0.97938216
17976,0.011303512
17977,0.97938216
17980,0.9943869
17983,0.9943869
17987,0.0054914565
17988,0.98508495
17991,0.011303512
17992,0.0030530815
17994,0.0013153577
18002,0.0019260534
18006,0.007882682
18009,0.005391357
18014,0.85269266
18019,0.007882682
18021,0.98572195
18025,0.9249217
18026,0.8026402
18035,0.007895487
18036,0.0023334303
18037,0.0017603867
18039,0.016262198
18046,0.0054914565
18049,0.008915491
18055,0.9945326
18056,0.007741327
18064,0.97859406
18069,0.0051897475
18070,0.012220082
18072,0.0064430186
18073,0.9755976
18077,0.11140559
18082,0.19902985
18083,0.8019817
18084,0.0054914565
18085,0.0067771617
18087,0.9945326
18097,0.00050922687
18098,0.9613415
18106,0.07373342
18110,0.11140559
18115,0.007895487
18117,0.011425274
18118,0.0054914565
18128,0.95989203
18135,0.0010410085
18139,0.005921417
18141,0.011766127
18146,0.005391357
18147,0.007585784
18150,0.9730453
18155,0.0012844531
18166,0.0054914565
18169,0.97776663
18170,0.9943869
18191,0.946454
18193,0.97938216
18195,0.01741845
18198,0.946454
18204,0.9730453
18207,0.0026020675
18212,0.9730453
18215,0.00029706894
18218,0.992168
18220,0.98572195
18222,0.0002989136
18224,0.9300587
18241,0.009801603
18242,0.0013153577
18246,0.9943869
18260,0.97938216
18262,0.8927528
18264,0.9711275
18266,0.92254364
18268,0.10980627
18275,0.9687404
18278,0.006137708
18282,0.08253657
18290,0.0057161534
18291,0.0019097788
18294,0.9711275
18296,0.0010953033
18299,0.06850129
18300,0.0057161534
18304,0.011303512
18306,0.012192876
18315,0.001104645
18320,0.0030530815
18323,0.0023740218
18330,0.9945326
18337,0.8835139
18342,0.0014052979
18343,0.92531705
18345,0.9988852
18350,0.008915491
18351,0.008915491
18364,0.007585784
18368,0.012192876
18383,0.016874032
18385,0.0012844531
18390,0.0004408163
18392,0.007585784
18401,0.008915491
18404,0.0057161534
18406,0.0004408163
18408,0.005921417
18411,0.20311116
18422,0.0054914565
18428,0.009700544
18430,0.0017059116
18432,0.00029706894
18435,0.79935104
18437,0.13788998
18441,0.005391357
18443,0.0012889329
18444,0.011766127
18446,0.008915491
18451,0.007882682
18460,0.0064430186
18464,0.9943869
18465,0.017273542
18466,0.0015772562
18469,0.039199963
18470,0.0017603867
18472,0.99890935
18476,0.92254364
18481,0.039199963
18482,0.0057161534
18485,0.9943869
18500,0.97776663
18505,0.0064036483
18508,0.9902508
18511,0.005391357
18517,0.04237643
18528,0.008915491
18531,0.08253657
18532,0.012192876
18540,0.99009657
18541,0.016173588
18545,0.008915491
18550,0.007585784
18553,0.0054914565
18559,0.016173588
18560,0.0018306518
18561,0.0026020675
18564,0.002564381
18568,0.0004450682
18572,0.9613415
18573,0.0010410085
18574,0.0014414012
18575,0.0064976667
18579,0.016173588
18583,0.0027537947
18588,0.009852302
18589,0.92254364
18590,0.99195975
18591,0.9988348
18594,0.0004408163
18595,0.006510688
18597,0.0067771617
18603,0.0013243644
18611,0.005921417
18613,0.011739908
18614,0.9109151
18615,0.9943869
18626,0.008915491
18627,0.0002989136
18628,0.009801603
18631,0.0027537947
18633,0.9687404
18636,0.11518964
18640,0.9156015
18642,0.39862266
18643,0.0054914565
18646,0.0026680732
18648,0.0012497588
18650,0.0054914565
18651,0.0054914565
18653,0.97776663
18654,0.97938216
18658,0.98572195
18659,0.0025683052
18661,0.005391357
18662,0.0057161534
18663,0.9730453
18668,0.009700544
18680,0.9730453
18681,0.97681046
18684,0.9810044
18696,0.9943869
18699,0.11518964
18706,0.0010498866
18711,0.007895487
18716,0.040487528
18724,0.005391357
18728,0.007895487
18734,0.0004450682
18738,0.0017725392
18740,0.92545295
18750,0.9730453
18756,0.009700544
18764,0.97938216
18765,0.012192876
18766,0.039199963
18767,0.9945326
18771,0.012220082
18772,0.0057161534
18775,0.001104645
18776,0.008915491
18778,0.00029706894
18784,0.04490503
18786,0.007895487
18792,0.042355873
18795,0.0054914565
18796,0.9943869
18797,0.012220082
18802,0.98272187
18809,0.97938216
18814,0.011766127
18820,0.0054914565
18823,0.0064430186
18831,0.002564381
18833,0.82035464
18836,0.9943869
18847,0.012192876
18848,0.0014991066
18855,0.008915491
18857,0.008915491
18861,0.946454
18867,0.8543968
18872,0.005391357
18876,0.76381266
18877,0.9916277
18889,0.007895487
18893,0.0013934174
18895,0.008915491
18899,0.17660639
18903,0.0054914565
18904,0.007585784
18909,0.0002989136
18912,0.98572195
18914,0.000573012
18918,0.97938216
18920,0.007882682
18923,0.97859406
18924,0.005627036
18925,0.0017603867
18926,0.0166352
18927,0.0026020675
18942,0.9730453
18945,0.0026020675
18953,0.011739908
18958,0.012192876
18962,0.0019260534
18963,0.0027537947
18973,0.08253657
18976,0.00059861597
18977,0.007585784
18983,0.012192876
18990,0.008738777
18992,0.0019260534
18994,0.19902985
18995,0.11140559
19000,0.9943869
19001,0.039199963
19003,0.00029706894
19015,0.006834625
19016,0.96988004
19017,0.012192876
19018,0.0025466175
19020,0.98508495
19023,0.008915491
19035,0.0054914565
19041,0.0023740218
19042,0.0017603867
19045,0.04752252
19057,0.99890935
19060,0.11518964
19064,0.007585784
19067,0.007882682
19069,0.85291594
19070,0.00029706894
19072,0.0054914565
19073,0.9945326
19075,0.97938216
19078,0.007585784
19079,0.08179209
19087,0.99890935
19088,0.0019097788
19089,0.004633185
19092,0.97938216
19093,0.045271073
19094,0.8037468
19095,0.0063078487
19097,0.9687404
19099,0.0057161534
19103,0.97681046
19109,0.0002989136
19111,0.98572195
19115,0.005391357
19117,0.007882682
19118,0.0057161534
19120,0.0012844531
19122,0.008915491
19125,0.0025683052
19127,0.012220082
19132,0.11140559
19146,0.0018306518
19158,0.0012391927
19159,0.97938216
19169,0.007882682
19173,0.011739908
19177,0.03782678
19178,0.99890935
19180,0.0017725392
19184,0.00029706894
19185,0.97938216
19188,0.005627036
19191,0.0054914565
19198,0.0023495292
19200,0.9645805
19202,0.9943869
19208,0.0054914565
19213,0.9730453
19216,0.9943869
19221,0.0054914565
19225,0.0051897475
19229,0.005391357
19230,0.0054914565
19232,0.9943869
19233,0.08253657
19236,0.0054914565
19237,0.009801603
19238,0.9945326
19240,0.0017725392
19243,0.9943869
19246,0.0009746589
19248,0.008915491
19249,0.00029706894
19250,0.008915491
19252,0.017273542
19259,0.00029706894
19263,0.007585784
19270,0.11518964
19273,0.007585784
19274,0.20311116
19281,0.0010953033
19288,0.009801603
19297,0.98572195
19299,0.0025466175
19305,0.009095114
19306,0.006834625
19308,0.007585784
19310,0.009700544
19311,0.08560292
19315,0.007895487
19322,0.97776663
19323,0.9945326
19329,0.9988852
19331,0.005391357
19332,0.016173588
19334,0.0057161534
19350,0.012220082
19353,0.97859406
19360,0.84809923
19363,0.11140559
19364,0.0054914565
19367,0.010128021
19368,0.0054914565
19370,0.98572195
19371,0.9613415
19374,0.006137708
19375,0.96988004
19382,0.0057161534
19383,0.007585784
19388,0.005921417
19394,0.012192876
19399,0.99890935
19412,0.008915491
19415,0.039199963
19419,0.016173588
19432,0.0025683052
19434,0.001104645
19435,0.00029706894
19440,0.0017603867
19444,0.9613415
19450,0.008915491
19453,0.009095114
19455,0.012220082
19464,0.0012419914
19469,0.039199963
19471,0.0017603867
19477,0.016283624
19478,0.0023942434
19483,0.0023334303
19496,0.8049218
19501,0.11140559
19503,0.99890935
19504,0.0010953033
19505,0.9943869
19509,0.0023334303
19513,0.9945326
19517,0.007585784
19519,0.99890935
19524,0.00029706894
19535,0.0026645584
19539,0.9943869
19543,0.016283624
19549,0.0054914565
19554,0.0014052979
19555,0.017360479
19561,0.012220082
19565,0.012192876
19570,0.039199963
19574,0.008915491
19585,0.0027608671
19588,0.002734933
19590,0.0051897475
19601,0.806718
19602,0.807717
19609,0.97681046
19610,0.0054914565
19612,0.0030530815
19616,0.0057161534
19617,0.0048809475
19618,0.8672062
19619,0.00029706894
19623,0.009700544
19625,0.0051897475
19626,0.010128021
19627,0.0004408163
19633,0.006555418
19638,0.0010207595
19640,0.0013934174
19641,0.012192876
19643,0.012192876
19644,0.0012419914
19653,0.9945326
19665,0.000573012
19667,0.8838407
19668,0.9945326
19674,0.9916277
19675,0.0012419914
19678,0.0057161534
19681,0.006834625
19682,0.9943869
19685,0.0019260534
19687,0.98572195
19688,0.0025466175
19690,0.99890935
19697,0.0017891184
19701,0.0010953033
19703,0.9810044
19708,0.0051897475
19713,0.005921417
19714,0.0025683052
19715,0.007895487
19716,0.0054914565
19723,0.98572195
19731,0.97938216
19735,0.00051202066
19749,0.007585784
19753,0.97776663
19758,0.007895487
19759,0.007412488
19760,0.08253657
19780,0.007585784
19782,0.9945326
19789,0.97776663
19805,0.0030530815
19807,0.008915491
19810,0.017360479
19813,0.0004450682
19827,0.0054914565
19832,0.00051202066
19838,0.99195975
19840,0.011425274
19844,0.0166352
19847,0.006834625
19848,0.98572195
19854,0.04395666
19863,0.011739908
19866,0.007895487
19873,0.0047442787
19880,0.9711275
19887,0.94736594
19897,0.008915491
19899,0.9943869
19904,0.99890935
19908,0.0010410085
19910,0.011938224
19914,0.0014052979
19917,0.9903278
19920,0.0014052979
19930,0.96881986
19931,0.012192876
19939,0.8835139
19942,0.11140559
19944,0.012192876
19961,0.0004408163
19963,0.9988852
19980,0.0166352
19982,0.0037301993
19985,0.8306396
19990,0.97776663
19995,0.0051897475
19997,0.18620667
20005,0.9945326
20011,0.03782678
20025,0.97938216
20029,0.007585784
20036,0.9916277
20040,0.9730453
20042,0.03782678
20044,0.005391357
20045,0.11140559
20053,0.007895487
20060,0.07195984
20080,0.08253657
20083,0.000573012
20088,0.0025466175
20091,0.9943869
20094,0.9945326
20095,0.10980627
20099,0.001104645
20100,0.90356064
20102,0.00029706894
20104,0.007882682
20105,0.005391357
20106,0.9945326
20107,0.000573012
20116,0.04752252
20117,0.012192876
20123,0.0009746589
20124,0.007585784
20128,0.008915491
20142,0.9943869
20145,0.00051202066
20151,0.000573012
20158,0.006834625
20163,0.014790389
20167,0.001104645
20168,0.0054914565
20169,0.0023740218
20170,0.005391357
20176,0.9613415
20179,0.0010410085
20180,0.9945326
20182,0.9945326
20185,0.00059861597
20188,0.012220082
20190,0.99890935
20193,0.017015647
20199,0.005921417
20200,0.96988004
20203,0.001104645
20207,0.012220082
20212,0.0054914565
20217,0.040487528
20222,0.98572195
20223,0.0015118856
20235,0.0054914565
20238,0.0023942434
20241,0.46483666
20249,0.007585784
20250,0.007895487
20251,0.9943869
20252,0.005921417
20253,0.001104645
20257,0.00051202066
20263,0.005391357
20271,0.0051897475
20272,0.0026242237
20279,0.0025683052
20290,0.75549006
20292,0.007882682
20293,0.007585784
20294,0.0017725392
20295,0.0051897475
20296,0.024132876
20297,0.90349114
20306,0.00029706894
20308,0.039199963
20313,0.0027537947
20318,0.006510688
20319,0.9945326
20324,0.005391357
20326,0.95989203
20330,0.0017603867
20332,0.9988852
20335,0.99890935
20339,0.009700544
20343,0.97776663
20348,0.08179209
20349,0.00050922687
20352,0.85238993
20355,0.0013153577
20356,0.17660639
20361,0.012192876
20362,0.007585784
20363,0.43663505
20369,0.0025466175
20380,0.82987344
20381,0.97776663
20382,0.0054914565
20384,0.001104645
20385,0.005391357
20388,0.0054914565
20390,0.001104645
20398,0.0067771617
20409,0.0057161534
20415,0.9943869
20416,0.08179209
20426,0.005391357
20430,0.000573012
20436,0.0012419914
20444,0.00029706894
20454,0.007585784
20460,0.007895487
20461,0.9342636
20465,0.97938216
20468,0.012192876
20472,0.94736594
20475,0.005391357
20479,0.005391357
20482,0.11140559
20487,0.016173588
20488,0.08253657
20490,0.001104645
20493,0.0015772562
20501,0.00029706894
20502,0.016262198
20506,0.007585784
20512,0.0018306518
20514,0.930262
20516,0.001104645
20522,0.009700544
20524,0.016173588
20526,0.007895487
20528,0.946454
20535,0.0010953033
20536,0.009700544
20539,0.011303512
20541,0.006510688
20542,0.007882682
20543,0.08253657
20545,0.006834625
20550,0.9945326
20551,0.011766127
20558,0.007895487
20559,0.011766127
20566,0.98984957
20570,0.9945326
20576,0.005391357
20579,0.99890935
20580,0.005391357
20588,0.0017725392
20589,0.0015118856
20600,0.042192385
20602,0.0026645584
20606,0.016173588
20608,0.005391357
20617,0.96988004
20623,0.946454
20624,0.10980627
20628,0.96988004
20630,0.9945326
20631,0.008915491
20632,0.009700544
20642,0.008915491
20644,0.009700544
20646,0.016283624
20647,0.007585784
20654,0.005921417
20670,0.0019260534
20671,0.008915491
20674,0.005071878
20681,0.0057161534
20688,0.0018151832
20691,0.005391357
20701,0.00018858463
20716,0.0054914565
20718,0.9613415
20725,0.009700544
20728,0.0025466175
20729,0.008915491
20731,0.806718
20737,0.006510688
20738,0.0004408163
20739,0.009852302
20740,0.0054914565
20749,0.0067771617
20752,0.007882682
20754,0.0018151832
20758,0.0013243644
20763,0.0051897475
20767,0.97938216
20771,0.0054914565
20789,0.029718162
20793,0.6808016
20794,0.016283624
20795,0.97859406
20796,0.8543968
20806,0.008915491
20809,0.99195975
20810,0.007585784
20815,0.0010263313
20820,0.0030530815
20823,0.016173588
20826,0.9943869
20831,0.97859406
20832,0.9943869
20833,0.0027375577
20836,0.9730453
20837,0.0012844531
20839,0.98572195
20840,0.007585784
20843,0.97938216
20848,0.9687404
20856,0.00059861597
20859,0.0004408163
20864,0.008915491
20866,0.0025466175
20872,0.007585784
20873,0.0010498866
20876,0.007895487
20882,0.0013153577
20884,0.0015907019
20885,0.0023495292
20886,0.99036855
20887,0.97938216
20893,0.0002989136
20899,0.0054914565
20904,0.006834625
20908,0.03645669
20910,0.0166352
20918,0.0030530815
20923,0.085064985
20926,0.97776663
20929,0.91451764
20942,0.008204403
20946,0.007882682
20956,0.0030530815
20958,0.00050922687
20961,0.9687404
20966,0.0023495292
20973,0.0064976667
20974,0.005921417
20975,0.0004408163
20977,0.0025683052
20980,0.000573012
20981,0.03782678
20992,0.009700544
20996,0.9943869
20998,0.007895487
20999,0.042192385
21007,0.0025466175
21010,0.99195975
21013,0.084099986
21015,0.0054914565
21016,0.0002989136
21017,0.01646172
21020,0.90356064
21024,0.0010953033
21045,0.11326046
21053,0.012220082
21056,0.005391357
21059,0.9916277
21060,0.017360479
21061,0.007895487
21064,0.012220082
21072,0.0001859878
21078,0.00018858463
21088,0.98056465
21091,0.0025466175
21092,0.009700544
21094,0.0004408163
21099,0.042192385
21104,0.007585784
21109,0.009700544
21115,0.0010953033
21119,0.00050922687
21123,0.8098255
21134,0.0030530815
21146,0.007895487
21147,0.11518964
21150,0.8519362
21152,0.0012844531
21165,0.08253657
21166,0.0064036483
21168,0.0057161534
21169,0.9711275
21179,0.004633185
21181,0.00029706894
21186,0.012192876
21191,0.007895487
21195,0.08179209
21201,0.94736594
21206,0.0054914565
21209,0.7450826
21214,0.007882682
21215,0.011688998
21221,0.00050922687
21222,0.04065981
21225,0.008915491
21227,0.20311116
21228,0.031098463
21230,0.97914463
21233,0.005391357
21236,0.9916277
21237,0.0166352
21238,0.0010131501
21240,0.946454
21241,0.06416396
21245,0.08253657
21246,0.9943869
21247,0.009700544
21252,0.08253657
21253,0.85686016
21258,0.0067771617
21261,0.0054914565
21266,0.0001859878
21275,0.0063078487
21276,0.009700544
21277,0.90356064
21278,0.00029706894
21282,0.92545295
21285,0.0004408163
21287,0.0013153577
21289,0.0036427644
21301,0.0013934174
21306,0.0010498866
21308,0.9613415
21312,0.9730453
21314,0.0017603867
21318,0.0023942434
21319,0.0017891184
21321,0.88438606
21322,0.10980627
21328,0.11140559
21331,0.82406247
21337,0.0027375577
21346,0.0001859878
21352,0.98572195
21359,0.0017725392
21364,0.017360479
21365,0.0023334303
21366,0.0057161534
21367,0.84809923
21368,0.0054914565
21372,0.012220082
21378,0.11518964
21390,0.012192876
21394,0.0013153577
21396,0.96988004
21399,0.0057161534
21401,0.0012844531
21402,0.0054914565
21404,0.0051897475
21405,0.946454
21410,0.9896904
21412,0.0002989136
21413,0.9897552
21417,0.005391357
21419,0.00050922687
21420,0.0067771617
21423,0.001104645
21428,0.005391357
21429,0.0004408163
21441,0.0026242237
21448,0.008915491
21451,0.006834625
21455,0.0025466175
21459,0.9687404
21465,0.9711275
21468,0.0025683052
21471,0.00059861597
21478,0.0013356558
21485,0.012220082
21492,0.007895487
21509,0.0054914565
21513,0.006555418
21516,0.9613415
21523,0.97950304
21524,0.85291594
21529,0.0010410085
21531,0.012220082
21532,0.9945326
21536,0.17660639
21538,0.0014414012
21550,0.9903944
21558,0.0002989136
21564,0.0057161534
21567,0.9945326
21571,0.81263715
21573,0.0018306518
21575,0.08253657
21581,0.0004408163
21591,0.0025683052
21593,0.0019260534
21602,0.009700544
21605,0.9613415
21617,0.0057161534
21619,0.008915491
21625,0.9988852
21627,0.0057161534
21629,0.0054914565
21630,0.005391357
21631,0.012220082
21636,0.007585784
21637,0.08179209
21642,0.9730453
21646,0.0057161534
21647,0.005921417
21652,0.008915491
21654,0.03782678
21657,0.9578168
21664,0.012192876
21676,0.031098463
21683,0.0027375577
21690,0.0054914565
21695,0.00029706894
21699,0.008738777
21701,0.0025683052
21707,0.11140559
21708,0.0025683052
21719,0.0002989136
21720,0.042192385
21724,0.9711275
21737,0.9943869
21743,0.005391357
21744,0.11518964
21746,0.9711275
21750,0.0051897475
21758,0.02394888
21762,0.0051897475
21770,0.012220082
21772,0.008915491
21775,0.00029706894
21786,0.9943869
21787,0.007895487
21796,0.99890935
21799,0.9945326
21805,0.0012844531
21816,0.007585784
21820,0.0030741303
21826,0.96988004
21834,0.0026020675
21835,0.0025683052
21839,0.005071878
21841,0.007882682
21851,0.011425274
21854,0.007585784
21855,0.0057161534
21857,0.0010410085
21863,0.007882682
21866,0.0025683052
21867,0.98508495
21868,0.0014052979
21872,0.00050922687
21874,0.0054914565
21875,0.007895487
21877,0.0010953033
21889,0.946454
21890,0.005391357
21891,0.0067771617
21894,0.0004450682
21897,0.0012419914
21898,0.94736594
21900,0.11518964
21905,0.9943869
21907,0.016173588
21910,0.0025466175
21911,0.005921417
21912,0.0012399772
21915,0.9711275
21919,0.005391357
21922,0.9943869
21934,0.9810044
21935,0.005921417
21942,0.012220082
21943,0.0027537947
21952,0.0011777725
21954,0.0013934174
21956,0.005391357
21964,0.00029706894
21966,0.08179209
21968,0.007585784
21970,0.96988004
21971,0.9945326
21974,0.006834625
21976,0.0017603867
21977,0.0054914565
21982,0.08179209
21983,0.0057161534
21991,0.9711275
21992,0.0054914565
22003,0.97938216
22006,0.012192876
22009,0.20311116
22010,0.016173588
22011,0.005391357
22015,0.08253657
22017,0.011425274
22019,0.9730453
22025,0.43663505
22027,0.09627604
22028,0.8838407
22034,0.011303512
22035,0.0014052979
22040,0.97938216
22047,0.0027375577
22053,0.001104645
22064,0.00029706894
22065,0.0026242237
22067,0.029718162
22068,0.0057161534
22072,0.001104645
22073,0.006363628
22077,0.008915491
22081,0.08179209
22087,0.0010953033
22090,0.9810044
22100,0.012220082
22102,0.9943869
22105,0.009965756
22107,0.11518964
22112,0.11518964
22117,0.0013934174
22118,0.008915491
22119,0.006555418
22121,0.007882682
22123,0.0013934174
22126,0.011303512
22131,0.0027375577
22147,0.0017603867
22158,0.9945326
22169,0.007585784
22170,0.007882682
22178,0.0010953033
22181,0.011659807
22185,0.8039765
22189,0.009700544
22193,0.0019260534
22196,0.012192876
22200,0.97859406
22211,0.011766127
22212,0.011766127
22213,0.017360479
22221,0.0054914565
22223,0.0047442787
22224,0.0010953033
22231,0.0027608671
22233,0.010470025
22234,0.97938216
22239,0.00029706894
22241,0.011739908
22244,0.08253657
22245,0.9943869
22247,0.04395666
22250,0.007882682
22252,0.009801603
22254,0.009801603
22257,0.0027608671
22259,0.9711275
22268,0.005627036
22269,0.0025466175
22273,0.9613415
22279,0.007882682
22283,0.9943869
22284,0.001104645
22287,0.0017603867
22288,0.20311116
22293,0.011739908
22294,0.9730453
22301,0.007585784
22303,0.0013243644
22310,0.98572195
22317,0.0054914565
22318,0.0166352
22320,0.0025683052
22328,0.0067771617
22337,0.0012419914
22338,0.8838407
22341,0.008915491
22346,0.007895487
22351,0.0013243644
22353,0.005391357
22360,0.9945326
22370,0.922272
22371,0.011766127
22372,0.008915491
22377,0.99890935
22382,0.0054914565
22387,0.007585784
22394,0.9943869
22401,0.0010953033
22402,0.11518964
22414,0.039199963
22415,0.08253657
22422,0.002564381
22428,0.97938216
22429,0.8097181
22444,0.99890935
22449,0.11518964
22461,0.0166352
22462,0.9755976
22467,0.11518964
22478,0.9903071
22480,0.0010498866
22486,0.007895487
22488,0.009700544
22498,0.007585784
22505,0.0013243644
22507,0.009801603
22511,0.9711275
22517,0.005921417
22518,0.012192876
22521,0.005391357
22533,0.00050922687
22538,0.9810044
22545,0.005391357
22546,0.98572195
22551,0.006834625
22557,0.0015772562
22561,0.012192876
22563,0.0036427644
22568,0.11518964
22570,0.97776663
22572,0.9687404
22576,0.98056465
22580,0.007585784
22583,0.007741327
22584,0.0054914565
22591,0.9945326
22592,0.0004450682
22597,0.0064976667
22599,0.009700544
22604,0.007585784
22605,0.005921417
22607,0.97683495
22613,0.9755976
22628,0.0010953033
22630,0.007895487
22631,0.002734933
22636,0.0014052979
22637,0.0054914565
22640,0.94736594
22641,0.0027537947
22642,0.008738777
22646,0.007895487
22654,0.007585784
22655,0.0057161534
22657,0.11140559
22664,0.0025466175
22666,0.11518964
22668,0.006834625
22672,0.0030530815
22675,0.0010953033
22678,0.13788998
22679,0.0054914565
22680,0.047139168
22687,0.001104645
22688,0.0067771617
22691,0.0027537947
22695,0.0017603867
22696,0.0010953033
22702,0.97938216
22703,0.0013934174
22706,0.9943869
22708,0.006510688
22713,0.00029706894
22715,0.08253657
22716,0.008915491
22719,0.011938224
22726,0.98572195
22731,0.011766127
22736,0.0054914565
22738,0.08253657
22739,0.007585784
22754,0.0017603867
22756,0.007585784
22758,0.0004408163
22761,0.0001859878
22762,0.0054914565
22765,0.97938216
22772,0.0054914565
22773,0.001104645
22774,0.006510688
22777,0.012220082
22780,0.007585784
22787,0.016173588
22795,0.0014052979
22807,0.97859406
22809,0.006137708
22814,0.9988852
22820,0.9988852
22823,0.0030530815
22824,0.11140559
22830,0.0057161534
22831,0.9943869
22832,0.0166352
22835,0.008915491
22846,0.0025683052
22855,0.047139168
22857,0.009801603
22858,0.03782678
22868,0.19284585
22869,0.9943869
22872,0.0002989136
22875,0.009700544
22876,0.007585784
22877,0.0067771617
22885,0.016283624
22886,0.008915491
22887,0.016173588
22890,0.012192876
22891,0.008915491
22892,0.0010953033
22898,0.98572195
22899,0.0017603867
22909,0.39862266
22910,0.0023942434
22912,0.97776663
22919,0.0054914565
22926,0.0011027167
22935,0.9988852
22936,0.9943869
22937,0.0017891184
22941,0.0004408163
22942,0.08253657
22943,0.012220082
22945,0.012220082
22951,0.0057161534
22952,0.006834625
22953,0.0019097788
22955,0.009095114
22957,0.94736594
22962,0.0025683052
22970,0.0054914565
22977,0.9943869
22985,0.0017603867
22995,0.9613415
23000,0.01632463
23015,0.012192876
23018,0.008915491
23019,0.009700544
23022,0.007882682
23023,0.11518964
23024,0.0009746589
23025,0.012220082
23026,0.0027537947
23028,0.008915491
23034,0.97938216
23036,0.0012419914
23039,0.08253657
23040,0.011303512
23041,0.0017603867
23042,0.0015772562
23043,0.008915491
23054,0.009700544
23055,0.97776663
23058,0.0018151832
23059,0.9114744
23062,0.0010498866
23070,0.0012419914
23071,0.8097181
23073,0.8543968
23076,0.0054914565
23079,0.0010953033
23080,0.005391357
23081,0.0010410085
23086,0.012192876
23094,0.008915491
23104,0.007585784
23106,0.0057161534
23107,0.19284585
23109,0.0025466175
23111,0.016283624
23112,0.97859406
23116,0.007895487
23119,0.98508495
23122,0.9943869
23124,0.9943869
23125,0.007585784
23128,0.007585784
23132,0.94736594
23135,0.0063078487
23136,0.9943869
23140,0.11518964
23143,0.007585784
23145,0.007412488
23150,0.008915491
23151,0.00029706894
23154,0.0025683052
23155,0.08253657
23159,0.9943869
23167,0.007895487
23168,0.029718162
23172,0.009801603
23173,0.0027375577
23176,0.0166352
23177,0.001104645
23181,0.000573012
23188,0.99049765
23192,0.0051897475
23197,0.011739908
23198,0.0010953033
23199,0.98572195
23204,0.012192876
23205,0.9945326
23208,0.0054914565
23214,0.8007142
23218,0.97938216
23222,0.0054914565
23224,0.0025466175
23227,0.9711275
23234,0.0017603867
23245,0.012220082
23246,0.0015118856
23251,0.006834625
23252,0.9945326
23256,0.9903944
23257,0.08253657
23271,0.0017603867
23273,0.0027375577
23274,0.0010953033
23277,0.08179209
23285,0.97938216
23286,0.005391357
23287,0.0025683052
23293,0.0023942434
23298,0.96988004
23300,0.9730453
23312,0.9613415
23314,0.97776663
23315,0.012220082
23321,0.95989203
23323,0.009700544
23326,0.0057161534
23332,0.0051897475
23337,0.007585784
23338,0.11140559
23340,0.17660639
23346,0.0004408163
23348,0.008915491
23353,0.016173588
23355,0.012220082
23356,0.00051202066
23362,0.008915491
23363,0.007895487
23364,0.8543968
23368,0.0017603867
23370,0.0013934174
23372,0.97776663
23379,0.99009657
23386,0.0002989136
23392,0.0027375577
23402,0.0054914565
23406,0.99195975
23408,0.00029706894
23411,0.9730453
23412,0.02394888
23420,0.9711275
23422,0.0057161534
23426,0.008915491
23429,0.0054914565
23434,0.0004450682
23435,0.009700544
23436,0.0054914565
23438,0.001526529
23439,0.00029706894
23441,0.002564381
23442,0.0019260534
23444,0.99890935
23454,0.0051897475
23455,0.00050922687
23459,0.0057161534
23461,0.9943869
23469,0.0054914565
23472,0.992168
23475,0.045271073
23484,0.011766127
23488,0.0017725392
23491,0.084099986
23495,0.0030530815
23498,0.005391357
23500,0.006834625
23503,0.0026020675
23504,0.001104645
23506,0.97681046
23507,0.006885858
23508,0.008915491
23509,0.0025466175
23517,0.0010410085
23519,0.0030530815
23526,0.0054914565
23529,0.007895487
23532,0.0027608671
23539,0.0054914565
23547,0.9945326
23552,0.0067771617
23553,0.8572607
23556,0.0054914565
23557,0.98572195
23559,0.005071878
23562,0.0057161534
23563,0.0015907019
23573,0.0017725392
23576,0.012192876
23580,0.9943869
23587,0.20311116
23588,0.82067186
23589,0.087064154
23600,0.0013153577
23603,0.98272187
23605,0.0014052979
23611,0.9730453
23614,0.008915491
23618,0.0054914565
23619,0.009700544
23632,0.0010953033
23635,0.9613415
23641,0.0057161534
23642,0.11518964
23652,0.95624125
23653,0.0017603867
23656,0.9943869
23665,0.008915491
23666,0.007882682
23671,0.0027608671
23678,0.012220082
23681,0.11518964
23688,0.0054914565
23690,0.005627036
23691,0.0026242237
23693,0.00029706894
23695,0.0036427644
23698,0.0166352
23699,0.98572195
23711,0.0001859878
23714,0.008915491
23717,0.0010953033
23719,0.0018306518
23726,0.0012844531
23733,0.0064036483
23736,0.97859406
23738,0.007895487
23741,0.9988852
23750,0.0012419914
23753,0.9945326
23754,0.9902085
23755,0.007895487
23758,0.001104645
23761,0.04752252
23764,0.98572195
23770,0.0027375577
23775,0.98572195
23779,0.0010410085
23791,0.0051897475
23793,0.005627036
23799,0.0025466175
23801,0.0057161534
23802,0.007882682
23805,0.0054914565
23806,0.042355873
23812,0.011766127
23814,0.11140559
23835,0.0051897475
23840,0.0004408163
23841,0.01632463
23848,0.99890935
23851,0.0014052979
23861,0.0023495292
23864,0.007585784
23868,0.9943869
23872,0.98572195
23880,0.00051202066
23883,0.0017603867
23887,0.11140559
23892,0.001104645
23906,0.0057161534
23909,0.99890935
23917,0.0015907019
23922,0.0013153577
23925,0.0037301993
23929,0.0004408163
23930,0.96988004
23949,0.08179209
23960,0.9943869
23964,0.001104645
23967,0.0026020675
23974,0.0002989136
23981,0.0004450682
23986,0.012220082
24000,0.08179209
24003,0.004633185
24005,0.007895487
24008,0.0014052979
24009,0.9943869
24010,0.0012844531
24013,0.0004408163
24014,0.18620667
24017,0.96988004
24020,0.006834625
24021,0.0051897475
24022,0.0054914565
24023,0.9945326
24027,0.001104645
24031,0.006834625
24034,0.9945326
24035,0.012220082
24043,0.0025683052
24049,0.0064430186
24050,0.0013356558
24053,0.007585784
24054,0.9943869
24057,0.9784611
24059,0.08179209
24062,0.0054914565
24063,0.08253657
24064,0.0054914565
24065,0.96988004
24069,0.012192876
24071,0.0017603867
24075,0.98969984
24076,0.0054914565
24077,0.03645669
24080,0.005391357
24082,0.008204403
24085,0.0017725392
24102,0.007882682
24110,0.03645669
24116,0.9943869
24118,0.11518964
24119,0.0004408163
24120,0.002564381
24122,0.6808016
24123,0.9945326
24124,0.0012419914
24126,0.0010953033
24129,0.012220082
24130,0.99890935
24143,0.0166352
24146,0.0025466175
24149,0.0054914565
24154,0.005391357
24157,0.008738777
24159,0.017360479
24164,0.9711275
24166,0.0015772562
24172,0.0002989136
24180,0.9810044
24182,0.008204403
24183,0.012220082
24184,0.008915491
24185,0.0036427644
24190,0.0030741303
24193,0.00029706894
24199,0.0010953033
24200,0.007585784
24203,0.007882682
24204,0.96988004
24207,0.94736594
24217,0.94736594
24222,0.006510688
24233,0.016173588
24237,0.007895487
24240,0.0013934174
24242,0.98572195
24248,0.007585784
24252,0.99890935
24255,0.007882682
24272,0.9916277
24276,0.012192876
24279,0.11518964
24280,0.0023334303
24281,0.0025466175
24282,0.9943869
24294,0.002564381
24295,0.99890935
24308,0.0054914565
24311,0.012220082
24313,0.0054914565
24314,0.0025683052
24317,0.9943869
24318,0.97859406
24319,0.0023495292
24321,0.02394888
24324,0.8070536
24325,0.0057161534
24331,0.0027375577
24334,0.13285466
24342,0.005921417
24345,0.9988852
24352,0.005921417
24355,0.005921417
24362,0.007895487
24365,0.0013243644
24366,0.0017603867
24367,0.007882682
24368,0.97681046
24371,0.0010953033
24373,0.001104645
24381,0.0012419914
24383,0.08253657
24385,0.98572195
24386,0.008915491
24387,0.00050922687
24392,0.009801603
24397,0.007895487
24399,0.00029706894
24400,0.9943869
24401,0.00029706894
24402,0.08179209
24403,0.0025683052
24406,0.9903278
24412,0.08179209
24417,0.97938216
24425,0.007585784
24426,0.005921417
24432,0.98572195
24433,0.039199963
24434,0.13788998
24438,0.0023740218
24446,0.0054914565
24465,0.00029706894
24466,0.9945326
24469,0.9943869
24475,0.0017603867
24478,0.0010953033
24479,0.9943869
24480,0.19284585
24482,0.9943869
24491,0.0054914565
24493,0.008738777
24502,0.007585784
24504,0.9893175
24507,0.99067444
24516,0.98572195
24521,0.9988852
24522,0.9711275
24526,0.001104645
24541,0.0054914565
24548,0.00018757534
24556,0.09376705
24559,0.0054914565
24563,0.08253657
24566,0.011739908
24571,0.0018306518
24572,0.0054914565
24573,0.95989203
24574,0.9943869
24576,0.0025466175
24579,0.012220082
24586,0.0026242237
24594,0.0026020675
24601,0.005921417
24611,0.007585784
24613,0.97776663
24616,0.08179209
24621,0.005921417
24639,0.0054914565
24644,0.08179209
24649,0.005627036
24650,0.97681046
24655,0.992168
24659,0.0057161534
24663,0.8119041
24669,0.012192876
24671,0.9943869
24684,0.99890935
24688,0.011303512
24690,0.016283624
24691,0.08253657
24694,0.007895487
24695,0.9730453
24697,0.08953822
24700,0.0017603867
24708,0.007585784
24710,0.007882682
24718,0.011659807
24722,0.011739908
24726,0.0027537947
24727,0.0012419914
24728,0.8835139
24732,0.009700544
24740,0.0054914565
24741,0.0012419914
24746,0.85291594
24750,0.008915491
24754,0.99003744
24758,0.011766127
24762,0.0023334303
24768,0.007585784
24774,0.992168
24779,0.19284585
24781,0.008915491
24783,0.9943869
24786,0.97938216
24787,0.012220082
24791,0.0010498866
24798,0.0054914565
24799,0.9902293
24800,0.97938216
24801,0.0017603867
24802,0.08179209
24812,0.011303512
24816,0.0017603867
24822,0.005391357
24823,0.92545295
24824,0.0054914565
24826,0.0054914565
24827,0.0063078487
24836,0.0054914565
24840,0.0063078487
24842,0.007585784
24844,0.0036427644
24845,0.9943869
24855,0.012220082
24869,0.0054914565
24871,0.0017725392
24873,0.008204403
24874,0.0057161534
24884,0.008204403
24885,0.007882682
24887,0.11518964
24889,0.96988004
24890,0.012192876
24906,0.0017603867
24907,0.008204403
24908,0.008915491
24911,0.00059861597
24914,0.15731338
24915,0.08253657
24922,0.98272187
24927,0.08179209
24932,0.008204403
24938,0.9897552
24939,0.15640186
24944,0.98912126
24948,0.0017603867
24952,0.9945326
24954,0.9943869
24955,0.017360479
24957,0.0023942434
24958,0.71311164
24963,0.00029706894
24965,0.008915491
24968,0.0002989136
24971,0.97938216
24974,0.03645669
24975,0.012220082
24978,0.012220082
24980,0.97681046
24981,0.017273542
24983,0.08179209
24993,0.0057161534
24994,0.008204403
25001,0.012192876
25005,0.08253657
25010,0.0017603867
25014,0.11140559
25015,0.0017603867
25022,0.00029706894
25025,0.0002989136
25027,0.005391357
25028,0.001104645
25036,0.0011777725
25037,0.008915491
25046,0.0002989136
25055,0.008915491
25057,0.0017603867
25059,0.00029706894
25064,0.92254364
25066,0.9943869
25071,0.00029214445
25072,0.012192876
25073,0.97868824
25078,0.0067771617
25079,0.99890935
25081,0.97938216
25083,0.016886668
25101,0.0025466175
25102,0.9943869
25104,0.008738777
25107,0.007895487
25109,0.005627036
25111,0.0023334303
25140,0.00029706894
25144,0.90356064
25148,0.005391357
25150,0.001104645
25151,0.012220082
25152,0.009700544
25153,0.0051897475
25158,0.001104645
25163,0.007585784
25174,0.006834625
25176,0.000573012
25195,0.087064154
25199,0.007882682
25201,0.97950304
25210,0.007585784
25211,0.11518964
25214,0.0012419914
25224,0.0063078487
25225,0.9988852
25227,0.9755976
25228,0.9300587
25230,0.0166352
25235,0.0023740218
25236,0.0010498866
25241,0.9943869
25252,0.0054914565
25254,0.9715737
25256,0.0017603867
25265,0.005627036
25271,0.0010410085
25272,0.97681046
25274,0.0013153577
25279,0.98572195
25280,0.9945326
25282,0.012220082
25283,0.007585784
25285,0.0054914565
25288,0.0025683052
25292,0.0054914565
25297,0.011766127
25300,0.0054914565
25317,0.0004408163
25322,0.98508495
25323,0.99890935
25334,0.00029706894
25340,0.0009746589
25344,0.11140559
25350,0.0037301993
25351,0.08253657
25355,0.0017603867
25359,0.06560839
25363,0.9943869
25367,0.11140559
25371,0.007895487
25378,0.007585784
25382,0.0026645584
25394,0.43663505
25396,0.012192876
25403,0.007895487
25405,0.9943869
25406,0.0012844531
25407,0.99890935
25408,0.9613415
25422,0.011766127
25423,0.01632463
25431,0.005627036
25433,0.005391357
25434,0.0025466175
25436,0.0027375577
25437,0.00029706894
25438,0.0054914565
25440,0.9711275
25462,0.007585784
25463,0.0025683052
25466,0.005921417
25471,0.002564381
25472,0.08253657
25478,0.0025466175
25479,0.0010953033
25482,0.007585784
25493,0.007585784
25502,0.005391357
25507,0.008915491
25509,0.011303512
25510,0.08253657
25511,0.009700544
25512,0.008915491
25518,0.97681046
25519,0.97938216
25522,0.007895487
25526,0.007585784
25529,0.005921417
25531,0.0013153577
25534,0.0166352
25537,0.008738777
25541,0.007585784
25545,0.0025466175
25547,0.00029706894
25548,0.0017603867
25552,0.005391357
25556,0.011739908
25560,0.005921417
25566,0.08253657
25567,0.005921417
25568,0.0054914565
25571,0.00029706894
25573,0.005391357
25575,0.11140559
25577,0.02394888
25579,0.9945326
25586,0.0054914565
25594,0.03782678
25595,0.9730453
25598,0.98572195
25599,0.008915491
25605,0.0027375577
25608,0.008204403
25609,0.007585784
25613,0.000573012
25614,0.0051897475
25617,0.0001859878
25621,0.97683495
25623,0.0054914565
25624,0.19284585
25635,0.014790389
25636,0.007895487
25637,0.007585784
25638,0.0013056975
25640,0.008915491
25642,0.15731338
25643,0.006834625
25644,0.0017603867
25646,0.005391357
25649,0.039199963
25655,0.0057161534
25663,0.9300587
25666,0.007585784
25667,0.001104645
25672,0.005391357
25673,0.012220082
25676,0.008204403
25679,0.001104645
25681,0.97776663
25690,0.9988852
25692,0.0023740218
25710,0.08253657
25711,0.007585784
25713,0.9945326
25720,0.08560292
25722,0.992168
25729,0.005391357
25731,0.007585784
25738,0.96988004
25740,0.007882682
25743,0.0027608671
25748,0.08253657
25750,0.9810044
25753,0.0054914565
25755,0.0057161534
25757,0.0054914565
25759,0.0026242237
25770,0.97938216
25771,0.0017603867
25772,0.08253657
25776,0.005627036
25779,0.99890935
25781,0.0013153577
25785,0.9613415
25803,0.009801603
25808,0.039199963
25812,0.0054914565
25819,0.0067771617
25824,0.005921417
25831,0.9943869
25836,0.0017603867
25837,0.005071878
25858,0.007585784
25860,0.008915491
25862,0.005391357
25865,0.92254364
25866,0.0023942434
25870,0.806782
25871,0.9943869
25887,0.96988004
25889,0.00051202066
25895,0.0004450682
25896,0.6808016
25906,0.9943869
25914,0.0017891184
25915,0.0051897475
25920,0.007882682
25922,0.9687404
25924,0.001104645
25926,0.0017725392
25927,0.005391357
25938,0.0166352
25939,0.0012391927
25943,0.007585784
25944,0.007585784
25945,0.99890935
25954,0.0004408163
25959,0.009801603
25968,0.765343
25969,0.8019817
25970,0.85269266
25971,0.9988852
25972,0.8835139
25975,0.0051897475
25977,0.0054914565
25979,0.008915491
25988,0.005391357
25990,0.0054914565
25995,0.11518964
25997,0.008915491
26004,0.9943869
26007,0.0025683052
26011,0.97868824
26019,0.016173588
26020,0.000573012
26021,0.008915491
26024,0.0067771617
26032,0.0026020675
26033,0.0057161534
26035,0.0063078487
26037,0.006510688
26039,0.000573012
26042,0.0019097788
26048,0.00029706894
26052,0.9945326
26054,0.0023740218
26056,0.0054914565
26059,0.04752252
26061,0.9943869
26064,0.9114744
26065,0.007895487
26071,0.0010207595
26073,0.9943869
26075,0.0025683052
26076,0.007882682
26077,0.0017603867
26078,0.08179209
26091,0.007895487
26092,0.0015118856
26100,0.007585784
26104,0.9755976
26107,0.005921417
26114,0.0014052979
26117,0.0002989136
26119,0.011494618
26121,0.007585784
26127,0.9730453
26128,0.0051897475
26131,0.0004408163
26132,0.0010953033
26133,0.85291594
26134,0.016874032
26137,0.0025466175
26140,0.005391357
26141,0.80152863
26154,0.9730453
26156,0.00051202066
26157,0.0025683052
26158,0.00029214445
26160,0.8835139
26162,0.9903944
26165,0.005391357
26173,0.0054914565
26175,0.0063078487
26177,0.00029706894
26183,0.0023740218
26189,0.001104645
26200,0.008204403
26205,0.0012419914
26216,0.0067771617
26220,0.0027608671
26222,0.0017603867
26229,0.850176
26237,0.0011777725
26239,0.0036427644
26246,0.99195975
26248,0.0026242237
26255,0.00029706894
26259,0.9730453
26261,0.99045134
26263,0.97938216
26276,0.98572195
26277,0.0010498866
26279,0.11140559
26285,0.0054914565
26286,0.00029706894
26290,0.007895487
26291,0.03645669
26292,0.08253657
26295,0.016874032
26296,0.0014906703
26300,0.930262
26301,0.95989203
26307,0.97776663
26308,0.7936612
26313,0.92254364
26319,0.008204403
26332,0.016173588
26333,0.0063078487
26337,0.005627036
26339,0.0054914565
26342,0.0064036483
26344,0.99195975
26347,0.00029706894
26348,0.005391357
26353,0.9943869
26354,0.0002989136
26357,0.008915491
26369,0.008915491
26371,0.11140559
26374,0.006834625
26375,0.012192876
26388,0.08253657
26392,0.002734933
26394,0.005921417
26409,0.0057161534
26415,0.0064976667
26419,0.0026645584
26422,0.0027608671
26430,0.9943869
26431,0.008915491
26441,0.0017891184
26445,0.0017603867
26448,0.0020052171
26459,0.94736594
26462,0.005391357
26465,0.007895487
26466,0.0018306518
26468,0.8838407
26469,0.0025683052
26470,0.006555418
26472,0.08253657
26473,0.98572195
26476,0.008915491
26477,0.0010410085
26481,0.012220082
26482,0.9943869
26483,0.0012844531
26492,0.99890935
26499,0.0057161534
26500,0.001104645
26505,0.007882682
26507,0.084116235
26516,0.807717
26518,0.0027608671
26519,0.9945326
26523,0.9943869
26526,0.20311116
26534,0.08179209
26539,0.008915491
26543,0.0027375577
26545,0.9943869
26551,0.11140559
26553,0.0012391927
26556,0.007882682
26559,0.005627036
26560,0.005391357
26565,0.0067771617
26568,0.0004408163
26570,0.99890935
26575,0.00018757534
26576,0.9613415
26579,0.08253657
26582,0.0004408163
26583,0.97681046
26588,0.9755976
26592,0.0015907019
26594,0.0004408163
26601,0.011303512
26604,0.98572195
26606,0.97776663
26607,0.007585784
26610,0.0030530815
26611,0.0057161534
26616,0.042192385
26621,0.9730453
26623,0.9943869
26627,0.007882682
26631,0.011766127
26640,0.009700544
26642,0.0002989136
26649,0.0004408163
26655,0.006834625
26656,0.9730453
26661,0.0067771617
26662,0.0054914565
26667,0.005391357
26669,0.97776663
26676,0.0017725392
26679,0.040487528
26684,0.007585784
26687,0.9945326
26698,0.0061644185
26703,0.007895487
26704,0.0054914565
26706,0.03645669
26708,0.0017603867
26712,0.0017603867
26718,0.0017725392
26720,0.98913145
26728,0.005391357
26730,0.009095114
26731,0.005391357
26734,0.9943869
26736,0.009700544
26740,0.98572195
26744,0.0010410085
26746,0.9943869
26753,0.08253657
26759,0.008204403
26760,0.005391357
26761,0.000573012
26767,0.0051897475
26777,0.0054914565
26778,0.0025683052
26781,0.009801603
26789,0.007882682
26791,0.005391357
26792,0.0051897475
26794,0.9943869
26796,0.005391357
26799,0.0057161534
26800,0.008915491
26809,0.9945326
26814,0.011303512
26818,0.0010953033
26820,0.0025683052
26822,0.97859406
26827,0.0010953033
26829,0.0023334303
26830,0.005627036
26833,0.001104645
26834,0.0023740218
26835,0.0013934174
26838,0.97859406
26844,0.005921417
26845,0.0054914565
26846,0.9810044
26848,0.017015647
26849,0.98272187
26851,0.005546289
26852,0.0004450682
26858,0.00051202066
26859,0.9943869
26865,0.0023942434
26866,0.011766127
26869,0.0010410085
26880,0.99890935
26882,0.005921417
26884,0.007585784
26886,0.040487528
26887,0.009700544
26888,0.007412488
26890,0.012192876
26892,0.0057161534
26898,0.009700544
26902,0.005391357
26907,0.946454
26909,0.005627036
26917,0.97914463
26920,0.20311116
26928,0.99890935
26931,0.001104645
26940,0.007882682
26944,0.9300587
26946,0.016173588
26948,0.0014414012
26952,0.016173588
26953,0.9730453
26955,0.009700544
26958,0.0054914565
26959,0.0011777725
26963,0.98572195
26964,0.005391357
26965,0.9687404
26970,0.0054914565
26975,0.001104645
26979,0.9945326
26981,0.009700544
26983,0.0017891184
26984,0.00018858463
26996,0.0057161534
26997,0.9755976
26999,0.98572195
27014,0.005627036
27023,0.8541287
27027,0.97681046
27030,0.0054914565
27032,0.008915491
27034,0.0010953033
27038,0.0012419914
27043,0.99890935
27044,0.0026242237
27048,0.9943869
27054,0.001104645
27061,0.0026020675
27062,0.0015772562
27063,0.43663505
27064,0.008204403
27068,0.009700544
27069,0.016173588
27072,0.00051202066
27074,0.001104645
27082,0.009700544
27083,0.041240726
27084,0.9711275
27091,0.0010263313
27098,0.0054914565
27099,0.946454
27105,0.9943869
27107,0.005391357
27109,0.0004450682
27117,0.08253657
27124,0.13285466
27130,0.0015907019
27135,0.03782678
27136,0.98572195
27142,0.012220082
27149,0.0025683052
27151,0.765343
27153,0.08179209
27160,0.007585784
27166,0.9687404
27168,0.0004408163
27174,0.008915491
27175,0.005921417
27178,0.000573012
27182,0.98572195
27186,0.007585784
27195,0.9098902
27198,0.008204403
27200,0.0027608671
27202,0.9945326
27211,0.008738777
27213,0.97938216
27214,0.007585784
27217,0.009700544
27218,0.08253657
27219,0.8097181
27221,0.0051897475
27222,0.039199963
27229,0.0051897475
27232,0.9945326
27234,0.008915491
27237,0.9810044
27238,0.0017603867
27240,0.9730453
27249,0.008915491
27250,0.0025683052
27251,0.006510688
27252,0.0010953033
27256,0.0016289179
27258,0.007585784
27260,0.0054914565
27265,0.0057161534
27267,0.11518964
27268,0.0012419914
27275,0.0010953033
27278,0.0057161534
27279,0.11518964
27281,0.02394888
27287,0.82967675
27290,0.00029706894
27307,0.02394888
27310,0.0064976667
27318,0.9943869
27322,0.007882682
27327,0.0017603867
27345,0.0166352
27351,0.95624125
27354,0.0012419914
27356,0.01646172
27359,0.008738777
27363,0.0025683052
27365,0.007882682
27370,0.007585784
27371,0.0025466175
27373,0.00059861597
27383,0.97938216
27397,0.9755976
27398,0.989947
27401,0.012220082
27406,0.9730453
27409,0.0019260534
27410,0.008204403
27413,0.005921417
27415,0.85291594
27430,0.007585784
27433,0.0054914565
27434,0.007895487
27439,0.008915491
27440,0.0057161534
27442,0.007585784
27445,0.0054914565
27446,0.0054914565
27447,0.001104645
27449,0.06416396
27450,0.007585784
27451,0.015036823
27453,0.006555418
27459,0.9943869
27462,0.99890935
27465,0.007882682
27467,0.009700544
27468,0.0048809475
27472,0.012192876
27473,0.012220082
27476,0.9711275
27477,0.9810044
27482,0.007882682
27483,0.0010953033
27484,0.007585784
27486,0.005921417
27490,0.005627036
27500,0.9943869
27507,0.0054914565
27509,0.97776663
27516,0.005071878
27521,0.008915491
27524,0.0002989136
27525,0.009700544
27528,0.008915491
27532,0.007585784
27534,0.0010953033
27535,0.007585784
27541,0.008738777
27545,0.008738777
27546,0.0002989136
27548,0.005627036
27551,0.005391357
27555,0.08179209
27561,0.9945326
27562,0.9943869
27566,0.012192876
27573,0.008915491
27574,0.9943869
27575,0.00029706894
27577,0.9943869
27579,0.9711275
27583,0.0002989136
27586,0.0019097788
27589,0.08179209
27595,0.009801603
27598,0.0025466175
27599,0.010645246
27603,0.00029706894
27604,0.9755976
27605,0.0064976667
27610,0.008915491
27615,0.007882682
27623,0.0054914565
27630,0.9943869
27633,0.0014052979
27634,0.009801603
27640,0.97776663
27641,0.007585784
27651,0.08253657
27656,0.009700544
27658,0.9730453
27662,0.007895487
27664,0.008915491
27669,0.08179209
27673,0.0015907019
27687,0.007895487
27694,0.9755976
27701,0.008915491
27704,0.024132876
27707,0.9945326
27708,0.0010953033
27711,0.9943869
27713,0.00029706894
27716,0.029718162
27717,0.11518964
27719,0.0016932035
27720,0.0025466175
27722,0.012192876
27723,0.012220082
27726,0.03782678
27728,0.039199963
27729,0.0023740218
27732,0.0054914565
27744,0.04237643
27748,0.00029706894
27750,0.005627036
27760,0.9711275
27761,0.00029706894
27763,0.007585784
27769,0.012220082
27786,0.007585784
27793,0.9943869
27794,0.0023740218
27799,0.0051897475
27803,0.012192876
27806,0.0012419914
27816,0.9988852
27817,0.000573012
27823,0.0057161534
27825,0.9730453
27826,0.00059861597
27828,0.89210016
27832,0.81142193
27834,0.0054914565
27846,0.0054914565
27848,0.0010953033
27849,0.9613415
27852,0.007585784
27853,0.9943869
27854,0.009700544
27857,0.81263715
27862,0.0010953033
27865,0.005391357
27871,0.007895487
27875,0.011425274
27878,0.0054914565
27879,0.008915491
27881,0.9943869
27882,0.001104645
27888,0.006555418
27890,0.0025466175
27894,0.00050922687
27898,0.10980627
27902,0.001104645
27905,0.0014052979
27909,0.0063078487
27910,0.008915491
27916,0.012192876
27917,0.0023495292
27920,0.9943869
27921,0.015036823
27922,0.0036427644
27923,0.006885858
27932,0.9687404
27933,0.0019097788
27935,0.97681046
27937,0.15731338
27943,0.0054914565
27951,0.007585784
27954,0.009700544
27957,0.005391357
27959,0.001104645
27960,0.006363628
27969,0.001104645
27977,0.98572195
27991,0.0027608671
27993,0.98572195
28002,0.812726
28005,0.008915491
28011,0.0023740218
28022,0.0025683052
28024,0.008204403
28028,0.012192876
28029,0.016173588
28034,0.98508495
28035,0.007895487
28037,0.00059861597
28039,0.0027537947
28045,0.0027537947
28058,0.9945326
28059,0.008915491
28062,0.0010410085
28063,0.00027034435
28064,0.9943869
28065,0.005921417
28068,0.0023334303
28069,0.0010953033
28074,0.00029706894
28078,0.017360479
28081,0.0054914565
28083,0.68876815
28085,0.0027608671
28092,0.01646172
28096,0.97938216
28110,0.0063078487
28115,0.001104645
28121,0.9687404
28128,0.98572195
28132,0.03782678
28136,0.0017603867
28138,0.97914463
28139,0.0010953033
28140,0.008915491
28141,0.007895487
28146,0.0017725392
28150,0.012220082
28153,0.98572195
28156,0.007585784
28159,0.0012419914
28160,0.13788998
28164,0.9578168
28165,0.012192876
28169,0.001104645
28174,0.9943869
28181,0.08179209
28188,0.0013934174
28190,0.0012497588
28194,0.19284585
28196,0.005921417
28200,0.011739908
28205,0.00029706894
28208,0.00029706894
28210,0.005391357
28212,0.0004408163
28215,0.0015907019
28217,0.087064154
28218,0.00050922687
28219,0.006834625
28223,0.97938216
28225,0.9943869
28226,0.012220082
28235,0.0017603867
28242,0.008915491
28246,0.9730453
28248,0.00050922687
28249,0.006510688
28250,0.96988004
28256,0.008915491
28260,0.19284585
28266,0.08179209
28269,0.9810044
28270,0.9810044
28273,0.8519362
28276,0.0012419914
28277,0.98984957
28278,0.98329115
28279,0.007895487
28280,0.007895487
28292,0.9914534
28293,0.0011777725
28296,0.97776663
28301,0.96988004
28310,0.0025466175
28316,0.00051202066
28321,0.20311116
28322,0.009801603
28323,0.005391357
28326,0.007882682
28331,0.0025466175
28337,0.0057161534
28338,0.9943869
28344,0.009700544
28348,0.007895487
28351,0.039199963
28352,0.9943869
28361,0.012220082
28362,0.008915491
28365,0.97938216
28371,0.00029706894
28380,0.005391357
28384,0.0025683052
28388,0.9943869
28393,0.0057161534
28394,0.0017603867
28396,0.006834625
28397,0.0004408163
28402,0.8009081
28407,0.002734933
28413,0.0004450682
28420,0.08179209
28421,0.012220082
28422,0.99890935
28423,0.96988004
28426,0.0004450682
28430,0.007585784
28444,0.0017725392
28446,0.0010953033
28449,0.9578168
28451,0.005391357
28457,0.0054914565
28459,0.0057161534
28460,0.016173588
28461,0.99890935
28462,0.97776663
28466,0.011766127
28469,0.005921417
28470,0.11518964
28472,0.99890935
28475,0.0051897475
28482,0.08253657
28483,0.007895487
28488,0.0013356558
28490,0.008915491
28492,0.0017891184
28493,0.08560292
28498,0.01632463
28500,0.0166352
28503,0.008915491
28505,0.008915491
28506,0.0025466175
28508,0.9711275
28509,0.0025683052
28513,0.08179209
28516,0.0166352
28518,0.0054914565
28532,0.11140559
28543,0.9943869
28547,0.006510688
28550,0.012220082
28551,0.84456813
28562,0.00051202066
28565,0.016874032
28571,0.98508495
28576,0.0054914565
28578,0.0054914565
28579,0.007585784
28585,0.0054914565
28589,0.9945326
28597,0.9810044
28599,0.98508495
28609,0.0054914565
28614,0.0057161534
28637,0.00029706894
28639,0.8306396
28644,0.007895487
28650,0.97938216
28653,0.98572195
28656,0.007585784
28658,0.084116235
28661,0.00059861597
28665,0.005391357
28666,0.011938224
28667,0.0064430186
28670,0.008204403
28672,0.007895487
28674,0.9980508
28681,0.0013243644
28695,0.009700544
28696,0.9945326
28707,0.005921417
28713,0.00050922687
28719,0.0067771617
28726,0.0036427644
28731,0.0009746589
28735,0.0054914565
28738,0.0010410085
28747,0.008204403
28749,0.9945326
28750,0.0023942434
28751,0.008915491
28752,0.005391357
28759,0.946454
28761,0.08179209
28763,0.016283624
28767,0.9988852
28770,0.005627036
28771,0.008738777
28775,0.98572195
28776,0.08253657
28778,0.008204403
28784,0.06416396
28785,0.9943869
28789,0.0012497588
28791,0.0051897475
28792,0.08179209
28794,0.11518964
28799,0.0020052171
28806,0.00029706894
28813,0.008915491
28819,0.008915491
28822,0.11518964
28825,0.008915491
28832,0.0014052979
28833,0.007585784
28836,0.007585784
28837,0.0054914565
28842,0.012192876
28844,0.005391357
28846,0.0025466175
28850,0.005921417
28857,0.008915491
28860,0.9711275
28868,0.012220082
28875,0.010645246
28876,0.20311116
28878,0.98572195
28879,0.00027034435
28880,0.0054914565
28881,0.0064036483
28889,0.97938216
28890,0.11518964
28892,0.0004408163
28893,0.97938216
28898,0.06560839
28900,0.0012419914
28901,0.0004450682
28905,0.0054914565
28908,0.0017603867
28909,0.005391357
28910,0.009700544
28912,0.007412488
28919,0.94736594
28920,0.007585784
28923,0.007882682
28924,0.8589207
28932,0.88438606
28939,0.96988004
28947,0.11140559
28951,0.0057161534
28952,0.0018151832
28954,0.0017603867
28958,0.0025683052
28960,0.007585784
28964,0.00059861597
28976,0.0054914565
28979,0.0013056975
28994,0.007895487
29000,0.9943869
29005,0.9943869
29007,0.0057161534
29010,0.012192876
29011,0.11140559
29013,0.02394888
29016,0.0017603867
29018,0.11518964
29029,0.016173588
29030,0.0026020675
29033,0.012192876
29035,0.006834625
29038,0.04218095
29049,0.008915491
29055,0.005391357
29057,0.0030741303
29064,0.00029214445
29065,0.0019914724
29071,0.012220082
29074,0.0054914565
29076,0.039199963
29084,0.0018306518
29086,0.008915491
29092,0.0025683052
29098,0.9711275
29101,0.0017603867
29105,0.9905476
29110,0.0025683052
29120,0.9945326
29132,0.0780323
29134,0.0010953033
29141,0.08179209
29147,0.0054914565
29148,0.9730453
29159,0.9730453
29161,0.006834625
29165,0.0054914565
29177,0.9943869
29182,0.007585784
29184,0.0010953033
29190,0.01632463
29194,0.96988004
29202,0.000573012
29206,0.0010953033
29207,0.18620667
29210,0.007585784
29211,0.0009746589
29213,0.0012419914
29219,0.008915491
29221,0.98572195
29228,0.0023942434
29236,0.00029706894
29239,0.0054914565
29243,0.0009746589
29248,0.0004408163
29250,0.0023942434
29251,0.9988348
29253,0.00018757534
29255,0.007585784
29263,0.0017603867
29266,0.0012419914
29269,0.0010410085
29273,0.007585784
29276,0.029718162
29281,0.012192876
29284,0.008915491
29285,0.0166352
29298,0.8541287
29302,0.98572195
29304,0.9943869
29305,0.009700544
29308,0.97683495
29313,0.11518964
29319,0.0054914565
29322,0.007412488
29325,0.005921417
29329,0.0054914565
29335,0.0025683052
29336,0.0037301993
29342,0.08560292
29352,0.01646172
29358,0.0067771617
29359,0.0014052979
29370,0.9578168
29373,0.0057161534
29375,0.016173588
29382,0.96988004
29383,0.9943869
29385,0.0054914565
29387,0.08253657
29390,0.0057161534
29392,0.006510688
29401,0.0025466175
29411,0.9943869
29412,0.96988004
29416,0.008915491
29419,0.0054914565
29422,0.007585784
29426,0.0054914565
29428,0.0004408163
29430,0.9988852
29431,0.97859406
29446,0.0026020675
29451,0.9730453
29455,0.007895487
29461,0.011766127
29464,0.09376705
29473,0.0010953033
29474,0.9687404
29476,0.02394888
29477,0.011739908
29478,0.0002989136
29490,0.9300587
29506,0.005921417
29511,0.99890935
29513,0.96988004
29521,0.012192876
29526,0.0013934174
29534,0.96988004
29537,0.0023740218
29539,0.0057161534
29540,0.765343
29542,0.946454
29544,0.9988852
29545,0.9945326
29547,0.0054914565
29555,0.008738777
29560,0.11518964
29561,0.0027375577
29568,0.08253657
29575,0.012192876
29581,0.96988004
29583,0.012192876
29584,0.00029706894
29585,0.0051897475
29589,0.0025466175
29594,0.0013153577
29595,0.9711275
29598,0.806718
29599,0.0057161534
29603,0.0067771617
29604,0.0017725392
29608,0.008915491
29614,0.9943869
29615,0.9945326
29618,0.007585784
29622,0.005391357
29629,0.9988852
29631,0.0010953033
29632,0.9988348
29660,0.9943869
29666,0.039199963
29679,0.009700544
29680,0.0054914565
29682,0.43663505
29683,0.011739908
29684,0.9687404
29689,0.007585784
29707,0.946454
29716,0.8838407
29720,0.007895487
29734,0.08560292
29738,0.007882682
29741,0.007585784
29742,0.0025466175
29744,0.00029706894
29757,0.0004408163
29758,0.99890935
29765,0.007585784
29767,0.0017725392
29769,0.008915491
29781,0.008915491
29785,0.007585784
29787,0.0027375577
29791,0.009700544
29805,0.001104645
29808,0.007585784
29812,0.0018151832
29813,0.0051897475
29815,0.98572195
29816,0.04490503
29817,0.0030530815
29818,0.99890935
29819,0.007585784
29826,0.97967774
29827,0.00029706894
29829,0.007585784
29830,0.007585784
29833,0.00029214445
29836,0.85291594
29837,0.008204403
29845,0.98572195
29853,0.96988004
29855,0.9687404
29859,0.008915491
29860,0.0054914565
29861,0.0017603867
29865,0.0013153577
29869,0.005921417
29873,0.008915491
29874,0.00029706894
29876,0.9943869
29877,0.00050922687
29878,0.0017603867
29880,0.006834625
29885,0.9943869
29890,0.00050922687
29893,0.98056465
29894,0.007585784
29896,0.012192876
29898,0.007882682
29902,0.0009746589
29903,0.9943869
29904,0.0057161534
29905,0.0054914565
29909,0.0057161534
29911,0.005391357
29912,0.007895487
29921,0.0054914565
29922,0.016173588
29923,0.0054914565
29926,0.005391357
29931,0.0012399772
29932,0.13285466
29933,0.0037301993
29935,0.0019097788
29936,0.007585784
29939,0.0015907019
29941,0.08253657
29956,0.0013934174
29957,0.007895487
29958,0.97938216
29960,0.011609656
29967,0.008915491
29971,0.0030741303
29982,0.11518964
29983,0.8835139
29984,0.011303512
29985,0.0054914565
29987,0.009700544
29989,0.97938216
29990,0.007895487
29991,0.016283624
29995,0.97776663
29997,0.0019260534
30003,0.0004408163
30008,0.0012844531
30014,0.96988004
30020,0.97859406
30024,0.012220082
30029,0.012220082
30032,0.009801603
30042,0.96988004
30047,0.007882682
30052,0.005921417
30057,0.97938216
30065,0.0036427644
30072,0.007882682
30074,0.0013356558
30075,0.0013243644
30077,0.008915491
30081,0.9943869
30082,0.11518964
30084,0.99890935
30088,0.9730453
30105,0.08253657
30110,0.95989203
30111,0.0054914565
30113,0.005391357
30117,0.84456813
30124,0.009700544
30136,0.011739908
30144,0.0057161534
30149,0.0012399772
30156,0.96988004
30157,0.0027608671
30158,0.008738777
30161,0.007882682
30164,0.13285466
30165,0.007585784
30171,0.007895487
30174,0.9943869
30176,0.97776663
30180,0.005391357
30181,0.005921417
30190,0.03782678
30198,0.9945326
30202,0.008204403
30220,0.82067186
30223,0.011766127
30225,0.0063078487
30230,0.0010410085
30231,0.005921417
30235,0.89210016
30237,0.012220082
30238,0.97938216
30241,0.007585784
30242,0.007585784
30245,0.0017603867
30248,0.0010953033
30253,0.0010953033
30259,0.7990404
30262,0.99036855
30264,0.9613415
30265,0.006834625
30267,0.007585784
30268,0.008915491
30270,0.0026645584
30274,0.0057161534
30275,0.9943869
30276,0.0054914565
30277,0.9943869
30283,0.0010410085
30291,0.007585784
30295,0.005391357
30298,0.005921417
30310,0.9711275
30311,0.9943869
30320,0.00029706894
30323,0.0053347936
30324,0.96988004
30328,0.005921417
30334,0.005391357
30337,0.008915491
30339,0.001104645
30341,0.0013934174
30346,0.0054914565
30347,0.047139168
30350,0.007585784
30355,0.9886342
30360,0.008204403
30366,0.9730453
30367,0.0057161534
30370,0.007585784
30372,0.0054914565
30373,0.0054914565
30374,0.98501694
30378,0.0012419914
30380,0.97776663
30388,0.06416396
30397,0.001104645
30398,0.0066990736
30410,0.0025683052
30412,0.96988004
30418,0.0010953033
30422,0.00029706894
30424,0.9943869
30432,0.008204403
30439,0.08253657
30440,0.005391357
30449,0.009095114
30451,0.009700544
30452,0.97859406
30455,0.009700544
30459,0.0013243644
30460,0.9730453
30479,0.0025683052
30483,0.9730453
30484,0.97776663
30489,0.9943869
30493,0.008204403
30500,0.011659807
30503,0.0004408163
30516,0.012220082
30520,0.00029706894
30522,0.008915491
30526,0.0054914565
30527,0.0004408163
30528,0.0023740218
30537,0.8039765
30545,0.92254364
30549,0.80647737
30551,0.007585784
30555,0.0013356558
30558,0.9755976
30560,0.007882682
30562,0.21678838
30570,0.07373342
30577,0.08179209
30580,0.0054914565
30582,0.9730453
30583,0.0013934174
30584,0.0057161534
30588,0.006510688
30594,0.006510688
30602,0.007895487
30603,0.9945326
30610,0.0004450682
30612,0.91451764
30616,0.97776663
30622,0.00051202066
30623,0.8672062
30624,0.005627036
30629,0.006137708
30630,0.96988004
30637,0.011766127
30643,0.008738777
30657,0.8519362
30658,0.9943869
30665,0.0025683052
30668,0.0063078487
30671,0.000573012
30674,0.005921417
30675,0.98572195
30676,0.008915491
30682,0.012220082
30695,0.011739908
30696,0.9988852
30697,0.00059861597
30699,0.71928674
30701,0.007585784
30705,0.008915491
30710,0.97938216
30711,0.00029706894
30718,0.9687404
30725,0.04752252
30726,0.9943869
30727,0.0054914565
30729,0.006510688
30731,0.97938216
30735,0.85291594
30738,0.008915491
30740,0.0026242237
30743,0.007895487
30744,0.011739908
30749,0.001104645
30755,0.0012399772
30759,0.11140559
30760,0.008915491
30762,0.0023334303
30765,0.0054914565
30766,0.006510688
30774,0.0020052171
30786,0.009700544
30787,0.98986036
30795,0.00029706894
30796,0.006834625
30797,0.08179209
30798,0.8019817
30802,0.0013356558
30806,0.11140559
30812,0.007585784
30819,0.00059861597
30821,0.11518964
30825,0.008915491
30831,0.11140559
30832,0.0010953033
30833,0.0054914565
30837,0.012192876
30839,0.97938216
30840,0.0063078487
30842,0.011739908
30843,0.005627036
30844,0.009700544
30858,0.011303512
30862,0.9687404
30866,0.0012391927
30870,0.001104645
30871,0.998041
30875,0.0057161534
30876,0.08179209
30885,0.0010498866
30889,0.007882682
30890,0.0012844531
30896,0.0054914565
30899,0.008915491
30900,0.012192876
30906,0.011739908
30907,0.0027375577
30912,0.008915491
30913,0.005921417
30914,0.005391357
30921,0.0166352
30926,0.0025683052
30928,0.0054914565
30929,0.08075265
30931,0.007585784
30934,0.005921417
30940,0.006510688
30943,0.0012497588
30948,0.95624125
30949,0.0009746589
30951,0.98572195
30965,0.08253657
30968,0.0054914565
30978,0.11140559
30980,0.031098463
30983,0.0017725392
30986,0.012192876
30987,0.0002989136
30989,0.0015772562
30990,0.0010207595
30991,0.0010498866
30995,0.94736594
30997,0.000573012
30999,0.43663505
31002,0.03645669
31005,0.97859406
31007,0.97938216
31008,0.0061222124
31014,0.8056241
31017,0.00018757534
31027,0.005921417
31029,0.99890935
31030,0.97938216
31031,0.006510688
31036,0.0025466175
31042,0.0166352
31046,0.005391357
31048,0.0014906703
31051,0.009700544
31052,0.007895487
31053,0.0064976667
31056,0.807717
31060,0.00059861597
31062,0.99890935
31064,0.08253657
31070,0.0010498866
31073,0.85686016
31077,0.0025683052
31081,0.0025683052
31085,0.97938216
31093,0.007882682
31094,0.0036427644
31096,0.009700544
31097,0.0054914565
31102,0.9687404
31103,0.016173588
31107,0.0004450682
31109,0.03782678
31110,0.040487528
31120,0.007585784
31126,0.007882682
31136,0.0057161534
31138,0.0054914565
31139,0.7489893
31143,0.0027608671
31145,0.98572195
31153,0.009700544
31158,0.009700544
31162,0.008204403
31165,0.9730453
31166,0.9578168
31174,0.0057161534
31177,0.0025683052
31179,0.0037301993
31180,0.0015772562
31181,0.0013243644
31183,0.009700544
31184,0.0012419914
31187,0.01632463
31193,0.0004408163
31197,0.006834625
31202,0.0017603867
31205,0.97859406
31208,0.20311116
31214,0.0026020675
31217,0.0004408163
31224,0.0010410085
31229,0.01632463
31242,0.0054914565
31246,0.9687404
31249,0.006834625
31256,0.8186567
31261,0.97938216
31266,0.012192876
31267,0.008915491
31269,0.98508495
31278,0.011766127
31281,0.11996325
31282,0.00029706894
31289,0.007585784
31290,0.0027375577
31291,0.9945326
31293,0.97938216
31297,0.008915491
31299,0.09627604
31300,0.97938216
31303,0.97859406
31304,0.008738777
31312,0.0017603867
31316,0.0017603867
31317,0.0012419914
31318,0.008204403
31323,0.00029706894
31324,0.99890935
31326,0.0017603867
31335,0.007882682
31339,0.007895487
31342,0.0010410085
31350,0.0010953033
31351,0.016173588
31352,0.005546289
31356,0.005921417
31358,0.007895487
31365,0.0019097788
31368,0.9943869
31374,0.9613415
31376,0.9613415
31377,0.005391357
31378,0.0013356558
31379,0.005921417
31380,0.009700544
31383,0.9730453
31389,0.95989203
31390,0.0048809475
31399,0.0014052979
31401,0.0010410085
31404,0.001104645
31407,0.08179209
31410,0.016283624
31411,0.007882682
31421,0.0054914565
31423,0.08560292
31425,0.03782678
31426,0.84769374
31433,0.0064430186
31436,0.008915491
31438,0.008915491
31440,0.0012419914
31442,0.016283624
31443,0.9945326
31445,0.00029706894
31449,0.0012844531
31463,0.008915491
31469,0.08179209
31470,0.08253657
31473,0.005921417
31474,0.0057161534
31486,0.0002989136
31490,0.066384465
31498,0.0004450682
31502,0.0012419914
31507,0.040487528
31508,0.00029706894
31511,0.81366855
31532,0.96988004
31539,0.009095114
31540,0.9943869
31545,0.009801603
31546,0.0004450682
31547,0.0054914565
31548,0.85652375
31557,0.9902293
31565,0.0051897475
31567,0.0054914565
31570,0.11518964
31572,0.0019260534
31578,0.0025683052
31588,0.9730453
31607,0.006510688
31608,0.9730453
31609,0.0054914565
31611,0.99890935
31614,0.9945326
31618,0.0051897475
31619,0.005071878
31620,0.0015907019
31624,0.0166352
31625,0.0047442787
31628,0.0057161534
31632,0.009700544
31638,0.007412488
31639,0.81064224
31640,0.84947807
31645,0.946454
31659,0.0002989136
31666,0.011739908
31678,0.008915491
31681,0.0054914565
31684,0.99036855
31686,0.94736594
31688,0.946454
31692,0.9687404
31696,0.0014414012
31698,0.08253657
31699,0.0012844531
31700,0.0012419914
31702,0.0166352
31707,0.0054914565
31708,0.9711275
31710,0.008738777
31713,0.007585784
31718,0.00029214445
31719,0.02394888
31720,0.0023495292
31723,0.007882682
31724,0.0019097788
31734,0.012220082
31741,0.005921417
31749,0.0067771617
31751,0.012192876
31754,0.0027375577
31755,0.005627036
31757,0.0010953033
31771,0.0063078487
31772,0.008915491
31778,0.008915491
31779,0.88438606
31783,0.0010131501
31789,0.97938216
31792,0.039199963
31795,0.009700544
31796,0.0054914565
31803,0.006834625
31814,0.9755976
31819,0.19284585
31821,0.007585784
31823,0.8672062
31824,0.0027375577
31825,0.0017603867
31826,0.005921417
31829,0.012192876
31835,0.006834625
31836,0.0025466175
31837,0.9943869
31838,0.005391357
31840,0.98572195
31841,0.007585784
31844,0.007882682
31846,0.008915491
31850,0.11518964
31857,0.005921417
31866,0.006555418
31867,0.97938216
31868,0.005391357
31876,0.009700544
31878,0.0019260534
31883,0.9945326
31886,0.0023942434
31890,0.0054914565
31893,0.9901962
31895,0.96988004
31898,0.008915491
31905,0.002564381
31913,0.8070536
31919,0.0004408163
31921,0.0030530815
31922,0.00029706894
31923,0.0054914565
31925,0.0012419914
31931,0.0054914565
31932,0.009700544
31933,0.98572195
31940,0.13788998
31948,0.007882682
31953,0.005391357
31954,0.009965756
31957,0.011303512
31959,0.007585784
31960,0.0023334303
31961,0.007585784
31962,0.0047442787
31963,0.007585784
31966,0.0057161534
31975,0.0023942434
31980,0.9943869
31983,0.03782678
31987,0.6808016
31989,0.9988852
31995,0.006834625
32002,0.007585784
32003,0.005391357
32005,0.006834625
32007,0.0027537947
32015,0.98572195
32016,0.0027608671
32021,0.0026242237
32035,0.012220082
32037,0.0010498866
32044,0.0010953033
32050,0.0166352
32051,0.0054914565
32054,0.0002989136
32057,0.9945326
32060,0.005921417
32061,0.9897552
32062,0.13788998
32066,0.008204403
32071,0.9914534
32073,0.0057161534
32076,0.001104645
32084,0.016874032
32086,0.0017603867
32090,0.08179209
32091,0.0054914565
32096,0.9945326
32097,0.0054914565
32099,0.8572296
32103,0.9943869
32107,0.0067771617
32109,0.005627036
32112,0.0017725392
32115,0.20311116
32116,0.86645067
32117,0.000573012
32120,0.98572195
32127,0.008915491
32130,0.005391357
32131,0.007585784
32136,0.0025466175
32142,0.0054914565
32148,0.007585784
32152,0.9943869
32154,0.0009746589
32159,0.017360479
32166,0.0057161534
32172,0.0166352
32173,0.0002989136
32176,0.0027375577
32179,0.9988852
32189,0.807717
32190,0.007585784
32194,0.74379927
32200,0.005921417
32201,0.005391357
32205,0.001104645
32210,0.011609656
32216,0.0027375577
32224,0.006555418
32226,0.00029706894
32227,0.0019260534
32232,0.7489893
32236,0.007585784
32239,0.007585784
32240,0.0018151832
32252,0.008915491
32257,0.0057161534
32259,0.011766127
32280,0.0015772562
32284,0.11518964
32286,0.00029706894
32291,0.0036427644
32292,0.8838407
32295,0.97938216
32298,0.0054914565
32310,0.007895487
32314,0.0054914565
32315,0.007882682
32316,0.89210016
32326,0.9943869
32330,0.012192876
32333,0.06560839
32335,0.0166352
32344,0.6605896
32345,0.8672062
32348,0.9943869
32349,0.0019914724
32351,0.007882682
32354,0.0025683052
32355,0.0057161534
32358,0.005627036
32359,0.016173588
32363,0.007895487
32366,0.11518964
32380,0.0025683052
32385,0.0025683052
32386,0.0014052979
32387,0.01646172
32391,0.000573012
32396,0.0051897475
32397,0.08179209
32399,0.9945326
32401,0.9342636
32405,0.08253657
32414,0.017360479
32416,0.97859406
32418,0.0054914565
32419,0.005391357
32422,0.97859406
32428,0.0054914565
32434,0.0030741303
32435,0.98572195
32436,0.0025683052
32438,0.008915491
32449,0.0002989136
32451,0.0014052979
32452,0.96988004
32454,0.9730453
32456,0.0054914565
32457,0.000573012
32469,0.012220082
32472,0.005391357
32474,0.008915491
32479,0.11140559
32486,0.005627036
32490,0.0064430186
32505,0.0023942434
32508,0.20311116
32510,0.0054914565
32512,0.0054914565
32515,0.008915491
32517,0.99890935
32519,0.008915491
32523,0.13788998
32535,0.08179209
32540,0.9687404
32544,0.0012844531
32545,0.08253657
32549,0.0010953033
32550,0.0054914565
32557,0.007895487
32558,0.012220082
32571,0.0025683052
32577,0.084116235
32580,0.029718162
32581,0.011494618
32583,0.8177629
32590,0.0057161534
32600,0.0025466175
32633,0.009700544
32636,0.0023495292
32639,0.08179209
32641,0.0057161534
32642,0.0017603867
32645,0.0027375577
32653,0.0036427644
32654,0.007585784
32655,0.0019097788
32656,0.0054914565
32659,0.008915491
32667,0.0010498866
32668,0.0780323
32674,0.0017603867
32678,0.9988852
32679,0.0013153577
32680,0.00029706894
32682,0.8098255
32688,0.11518964
32699,0.08253657
32701,0.007585784
32705,0.9943869
32710,0.82603025
32714,0.0025683052
32715,0.9988348
32720,0.000573012
32723,0.13788998
32727,0.005391357
32731,0.0002989136
32734,0.9730453
32739,0.001104645
32744,0.0010953033
32755,0.20311116
32759,0.007585784
32761,0.11518964
32763,0.08253657
32764,0.007882682
32768,0.0017725392
32771,0.9943869
32774,0.0009746589
32778,0.0036427644
32802,0.97938216
32803,0.00029706894
32805,0.007585784
32808,0.9943869
32809,0.0057161534
32810,0.007895487
32814,0.0019260534
32817,0.9943869
32824,0.005391357
32831,0.98572195
32832,0.007895487
32838,0.0054914565
32863,0.98572195
32872,0.012192876
32876,0.98992926
32883,0.9984346
32886,0.008204403
32888,0.9943869
32889,0.00029706894
32891,0.00029706894
32895,0.0025683052
32905,0.012220082
32921,0.008915491
32924,0.0010953033
32928,0.9988852
32930,0.0027608671
32942,0.0015772562
32946,0.012220082
32947,0.008915491
32954,0.012220082
32959,0.39862266
32967,0.08179209
32978,0.0012844531
32983,0.98501694
32985,0.88766056
32987,0.0054914565
32989,0.007882682
32994,0.9730453
32995,0.08075265
33000,0.8519362
33001,0.0004408163
33002,0.89210016
33003,0.00050922687
33011,0.0054914565
33013,0.0026242237
33021,0.08179209
33023,0.930262
33025,0.0014991066
33032,0.008915491
33043,0.9943869
33046,0.85291594
33049,0.99890935
33054,0.0001859878
33056,0.005391357
33063,0.00051202066
33065,0.7450826
33069,0.08253657
33073,0.0054914565
33080,0.98948365
33098,0.0017603867
33101,0.005391357
33103,0.0010953033
33104,0.0054914565
33105,0.11518964
33106,0.005391357
33107,0.006137708
33108,0.007882682
33112,0.0012391927
33114,0.0064976667
33117,0.97776663
33118,0.0011777725
33120,0.005391357
33124,0.016173588
33130,0.0010953033
33136,0.0004408163
33137,0.0054914565
33140,0.0054914565
33141,0.02394888
33144,0.005921417
33152,0.005921417
33153,0.9943869
33158,0.005391357
33161,0.08179209
33163,0.00029706894
33178,0.005627036
33183,0.087064154
33186,0.017360479
33188,0.0036427644
33191,0.006510688
33193,0.97859406
33210,0.0054914565
33215,0.001104645
33219,0.0004450682
33228,0.11518964
33229,0.0025683052
33233,0.9945326
33234,0.0054914565
33246,0.99890935
33248,0.006834625
33250,0.0054914565
33258,0.007882682
33263,0.007585784
33266,0.0166352
33267,0.0054914565
33274,0.005391357
33275,0.007585784
33298,0.00050922687
33303,0.012192876
33307,0.0064976667
33311,0.9943869
33314,0.009700544
33315,0.0023334303
33322,0.9613415
33324,0.9945326
33335,0.039199963
33343,0.007882682
33344,0.9943869
33349,0.006137708
33354,0.009801603
33356,0.00050922687
33357,0.007585784
33365,0.0063078487
33367,0.96988004
33370,0.0012844531
33372,0.91451764
33373,0.08253657
33375,0.0014052979
33378,0.011739908
33381,0.017360479
33388,0.012220082
33391,0.0030530815
33394,0.010470025
33396,0.001104645
33400,0.97938216
33411,0.005921417
33414,0.0012844531
33419,0.97859406
33420,0.0025683052
33424,0.11140559
33428,0.08253657
33434,0.011739908
33436,0.001104645
33448,0.0002989136
33449,0.9687404
33457,0.0009746589
33471,0.9980508
33474,0.0017603867
33478,0.008915491
33481,0.0012419914
33487,0.0004450682
33488,0.009700544
33489,0.0015907019
33491,0.0010953033
33496,0.0013934174
33497,0.9988852
33504,0.11518964
33512,0.008915491
33517,0.08253657
33518,0.0017603867
33524,0.031098463
33529,0.97938216
33532,0.007585784
33541,0.006137708
33542,0.08179209
33546,0.08179209
33550,0.0015118856
33552,0.8927528
33555,0.92254364
33561,0.97859406
33562,0.0010410085
33564,0.0012844531
33566,0.005391357
33576,0.00029706894
33582,0.9943869
33586,0.007585784
33591,0.0023334303
33595,0.005627036
33596,0.96988004
33601,0.0054914565
33603,0.005546289
33605,0.0025466175
33607,0.82406247
33609,0.9943869
33611,0.001526529
33618,0.0051897475
33619,0.008915491
33627,0.008204403
33633,0.007882682
33637,0.006834625
33638,0.0054914565
33640,0.08253657
33644,0.79935104
33647,0.812726
33648,0.9905794
33652,0.98572195
33654,0.0051897475
33657,0.0017603867
33659,0.0004450682
33662,0.007882682
33669,0.012220082
33670,0.0019914724
33682,0.012220082
33685,0.9943869
33690,0.0051340163
33704,0.90356064
33715,0.0023740218
33716,0.007895487
33722,0.0064430186
33723,0.0023740218
33733,0.00029214445
33737,0.006834625
33739,0.008738777
33740,0.80647737
33743,0.001104645
33747,0.009700544
33757,0.007585784
33766,0.0023942434
33769,0.008915491
33783,0.98272187
33786,0.96988004
33790,0.9730453
33794,0.9300587
33796,0.82665855
33798,0.9943869
33802,0.812726
33804,0.11140559
33807,0.9613415
33809,0.005546289
33810,0.016173588
33811,0.000573012
33812,0.0054914565
33821,0.0002989136
33833,0.009700544
33834,0.08253657
33837,0.0054914565
33838,0.005921417
33839,0.007585784
33843,0.0067771617
33848,0.0064430186
33849,0.0017603867
33854,0.0010953033
33856,0.0057161534
33860,0.9715737
33862,0.0010498866
33867,0.74379927
33869,0.008915491
33875,0.012192876
33876,0.0054914565
33877,0.005391357
33879,0.000573012
33883,0.9687404
33885,0.0019914724
33887,0.9943869
33889,0.99067444
33900,0.9943869
33903,0.0017603867
33905,0.00029706894
33908,0.99890935
33912,0.96988004
33915,0.012220082
33920,0.8306396
33926,0.0018306518
33927,0.13285466
33929,0.11140559
33932,0.006834625
33951,0.0054914565
33965,0.0013934174
33971,0.0012419914
33972,0.0019097788
33976,0.0027375577
33980,0.08179209
33982,0.009700544
33984,0.007585784
33985,0.008915491
33991,0.0019914724
33995,0.005627036
34001,0.97938216
34007,0.011766127
34011,0.0011878167
34014,0.0054914565
34017,0.007585784
34020,0.007882682
34022,0.9945326
34024,0.0002989136
34025,0.99195975
34027,0.017015647
34037,0.0054914565
34040,0.9687404
34046,0.9943869
34047,0.012192876
34052,0.0067771617
34053,0.39862266
34055,0.20311116
34056,0.012220082
34057,0.0026142595
34058,0.015036823
34059,0.007882682
34061,0.007882682
34067,0.0025466175
34070,0.97938216
34075,0.11518964
34077,0.008915491
34084,0.005627036
34088,0.8037468
34090,0.0023942434
34095,0.11140559
34096,0.0010953033
34098,0.005391357
34101,0.0057161534
34102,0.006363628
34106,0.00050922687
34112,0.0025683052
34115,0.005391357
34116,0.005391357
34117,0.0023740218
34120,0.001104645
34128,0.012192876
34129,0.98272187
34139,0.9755976
34140,0.0017603867
34150,0.97776663
34152,0.00051202066
34155,0.008915491
34158,0.0013243644
34159,0.9711275
34165,0.007585784
34167,0.00018718441
34170,0.96988004
34171,0.90556467
34172,0.6808016
34176,0.009700544
34182,0.0019914724
34184,0.039199963
34187,0.007585784
34191,0.001104645
34195,0.9730453
34198,0.0054914565
34202,0.009700544
34209,0.005921417
34216,0.0010953033
34219,0.0004408163
34226,0.0002989136
34227,0.0054914565
34229,0.0064430186
34231,0.96988004
34237,0.007882682
34242,0.007895487
34250,0.012192876
34253,0.08253657
34257,0.000573012
34262,0.9943869
34265,0.007585784
34266,0.016173588
34274,0.008915491
34280,0.0023740218
34281,0.0070505836
34283,0.96988004
34296,0.8838407
34300,0.008915491
34302,0.000573012
34307,0.009801603
34308,0.008915491
34310,0.008915491
34311,0.007585784
34314,0.008915491
34317,0.0067771617
34333,0.008738777
34337,0.0054914565
34338,0.19284585
34341,0.0017603867
34342,0.008915491
34343,0.005921417
34345,0.92254364
34346,0.99195975
34351,0.0054914565
34360,0.00029706894
34363,0.98572195
34366,0.0057161534
34369,0.9914534
34371,0.0017603867
34372,0.084116235
34373,0.012220082
34375,0.08253657
34376,0.0064430186
34385,0.006510688
34388,0.99890935
34394,0.8589207
34402,0.03782678
34403,0.9945326
34406,0.0054914565
34408,0.9943869
34410,0.03645669
34414,0.98272187
34415,0.0015772562
34416,0.006555418
34424,0.9945326
34426,0.97859406
34433,0.0054914565
34435,0.9578168
34441,0.9711275
34444,0.9715737
34452,0.0036427644
34453,0.9943869
34455,0.0025683052
34456,0.0037301993
34459,0.0026645584
34460,0.008915491
34466,0.0010410085
34467,0.0017603867
34475,0.001104645
34476,0.0054914565
34481,0.930262
34494,0.008915491
34495,0.9943869
34496,0.03782678
34498,0.97938216
34500,0.97938216
34502,0.00029706894
34507,0.0057161534
34508,0.0018306518
34510,0.001104645
34513,0.007895487
34516,0.9613415
34519,0.0010410085
34520,0.9755976
34526,0.000573012
34529,0.9755976
34536,0.0026142595
34539,0.016173588
34542,0.009700544
34544,0.0025683052
34550,0.98572195
34557,0.0051897475
34571,0.005391357
34575,0.96988004
34578,0.007412488
34586,0.9784611
34587,0.946454
34594,0.0057161534
34597,0.005391357
34599,0.005391357
34601,0.011766127
34611,0.19284585
34614,0.007585784
34615,0.0026020675
34619,0.74874145
34621,0.00050922687
34622,0.007585784
34623,0.95989203
34630,0.0012419914
34643,0.0004408163
34646,0.005391357
34647,0.008915491
34652,0.04218095
34653,0.012192876
34654,0.08253657
34655,0.008915491
34657,0.9945326
34667,0.006834625
34670,0.96988004
34681,0.006555418
34682,0.0017603867
34684,0.0166352
34688,0.007585784
34690,0.98572195
34693,0.005391357
34705,0.9988852
34715,0.0010498866
34717,0.0051897475
34718,0.005391357
34719,0.009700544
34721,0.0010953033
34722,0.0017603867
34727,0.0051897475
34729,0.007585784
34730,0.9730453
34731,0.007882682
34733,0.007882682
34734,0.97776663
34735,0.009700544
34736,0.9943869
34738,0.96988004
34743,0.005627036
34748,0.011739908
34753,0.9837658
34760,0.007585784
34765,0.97776663
34769,0.99195975
34773,0.0057161534
34778,0.007895487
34786,0.9943869
34788,0.9943869
34792,0.008915491
34794,0.97776663
34810,0.0015772562
34815,0.97938216
34816,0.0017725392
34822,0.0064430186
34824,0.008915491
34830,0.0025466175
34836,0.96988004
34841,0.016283624
34845,0.97938216
34848,0.8186567
34849,0.0013153577
34851,0.03782678
34856,0.0025466175
34859,0.20311116
34862,0.0002989136
34864,0.0051897475
34865,0.0025683052
34870,0.9943869
34871,0.08179209
34876,0.012192876
34886,0.0012419914
34889,0.0051897475
34890,0.0057161534
34891,0.01632463
34895,0.042192385
34896,0.0054914565
34897,0.008915491
34903,0.0004408163
34908,0.95624125
34909,0.016173588
34914,0.9988852
34917,0.0054914565
34924,0.012220082
34926,0.0057161534
34934,0.0018306518
34936,0.014790389
34938,0.009700544
34941,0.007895487
34948,0.0057161534
34957,0.9578168
34961,0.0004450682
34962,0.007882682
34966,0.99890935
34968,0.009700544
34969,0.0030530815
34974,0.007585784
34975,0.8838407
34976,0.087064154
34977,0.0017603867
34982,0.008915491
34988,0.0004408163
34990,0.9943869
34993,0.007585784
35024,0.0064036483
35027,0.0054914565
35034,0.03645669
35036,0.005071878
35051,0.0067771617
35053,0.97776663
35077,0.008738777
35080,0.008204403
35083,0.0051897475
35084,0.01632463
35091,0.03645669
35104,0.0002989136
35108,0.0015907019
35117,0.9988852
35125,0.008204403
35128,0.009700544
35132,0.19284585
35134,0.007585784
35137,0.99890935
35140,0.00029214445
35141,0.0010953033
35146,0.0010207595
35147,0.9945326
35150,0.0012419914
35153,0.011659807
35164,0.9943869
35165,0.99890935
35168,0.0054914565
35186,0.9988852
35187,0.08253657
35192,0.00029214445
35195,0.0025683052
35198,0.007585784
35205,0.0011698902
35206,0.9730453
35210,0.0054914565
35214,0.0017725392
35215,0.005391357
35219,0.011659807
35223,0.039199963
35227,0.9943869
35229,0.96988004
35232,0.016874032
35234,0.0048809475
35235,0.00029706894
35247,0.9916277
35251,0.08179209
35254,0.0025683052
35258,0.007882682
35260,0.02394888
35261,0.017360479
35262,0.11518964
35263,0.008915491
35264,0.90556467
35265,0.97859406
35270,0.00029706894
35272,0.08253657
35283,0.008915491
35286,0.9943869
35308,0.007882682
35311,0.98572195
35312,0.000573012
35315,0.9779538
35319,0.17660639
35321,0.946454
35322,0.001104645
35323,0.13285466
35330,0.011739908
35335,0.005391357
35343,0.009700544
35345,0.99195975
35347,0.0010410085
35351,0.0025466175
35352,0.016173588
35358,0.9943869
35361,0.8049218
35363,0.0047442787
35365,0.008915491
35368,0.009095114
35370,0.98986036
35372,0.00432384
35376,0.0023740218
35382,0.005921417
35385,0.0054914565
35386,0.8835139
35388,0.008915491
35392,0.43663505
35397,0.11140559
35401,0.0015118856
35409,0.0067771617
35411,0.0054914565
35415,0.0025683052
35417,0.0013356558
35420,0.9578168
35422,0.98572195
35434,0.007585784
35442,0.08253657
35445,0.007412488
35448,0.0017603867
35454,0.010470025
35456,0.9578168
35457,0.0054914565
35464,0.15640186
35467,0.98572195
35468,0.007895487
35473,0.88438606
35475,0.0025683052
35484,0.39862266
35487,0.012192876
35491,0.007895487
35493,0.08179209
35494,0.00050922687
35508,0.6808016
35517,0.9905476
35524,0.007585784
35525,0.0002989136
35527,0.008915491
35528,0.016173588
35532,0.0017725392
35536,0.0002989136
35537,0.0002989136
35544,0.97938216
35546,0.009700544
35550,0.0054914565
35561,0.007585784
35563,0.99890935
35566,0.08253657
35569,0.8835139
35570,0.08179209
35576,0.97938216
35578,0.08253657
35581,0.009700544
35583,0.002564381
35587,0.0054914565
35589,0.0014414012
35590,0.97938216
35591,0.8543968
35594,0.009700544
35595,0.9943869
35600,0.008915491
35601,0.009965756
35605,0.008204403
35606,0.0027375577
35612,0.0012844531
35613,0.007585784
35622,0.012192876
35626,0.0015118856
35633,0.0054914565
35639,0.7735213
35641,0.0026020675
35650,0.0051897475
35652,0.9730453
35654,0.011659807
35656,0.9945326
35657,0.0025466175
35660,0.002734933
35664,0.0014052979
35667,0.0057161534
35673,0.007585784
35674,0.000573012
35677,0.006510688
35678,0.0010953033
35682,0.946454
35683,0.0057161534
35685,0.08253657
35687,0.9943869
35689,0.011739908
35690,0.0026645584
35692,0.0010953033
35701,0.96988004
35702,0.02394888
35703,0.00050922687
35707,0.9730453
35713,0.0004408163
35716,0.005391357
35718,0.0010410085
35720,0.97938216
35721,0.946454
35727,0.0051897475
35728,0.9943869
35738,0.007585784
35746,0.81486064
35753,0.008738777
35754,0.0063078487
35755,0.006137708
35758,0.0067771617
35760,0.0002989136
35767,0.0023942434
35778,0.0051897475
35786,0.009700544
35796,0.08253657
35811,0.00051202066
35814,0.005921417
35816,0.98572195
35824,0.008204403
35826,0.96988004
35827,0.9943869
35829,0.0054914565
35832,0.012220082
35837,0.007585784
35843,0.807717
35844,0.005391357
35845,0.0014414012
35848,0.0054914565
35861,0.04218095
35864,0.005627036
35867,0.007585784
35870,0.9730453
35874,0.9943869
35877,0.9156015
35879,0.007585784
35883,0.0023740218
35901,0.11140559
35902,0.0001859878
35905,0.009700544
35908,0.00050922687
35912,0.009700544
35914,0.0019914724
35916,0.006510688
35917,0.96988004
35919,0.9945326
35928,0.0016289179
35929,0.008915491
35933,0.98056465
35942,0.11140559
35945,0.005391357
35955,0.00050922687
35962,0.0014052979
35969,0.0025466175
35972,0.006555418
35977,0.0025466175
35986,0.024132876
35988,0.43663505
35989,0.0054914565
35990,0.9945326
35991,0.0063078487
35996,0.008738777
36000,0.012220082
36009,0.9943869
36011,0.0012419914
36012,0.0023334303
36013,0.0054914565
36023,0.007895487
36025,0.006137708
36026,0.0025466175
36027,0.97776663
36031,0.9755976
36032,0.0057161534
36041,0.0010953033
36043,0.006834625
36050,0.0023334303
36052,0.9945326
36053,0.007585784
36061,0.99890935
36066,0.0010410085
36074,0.98572195
36075,0.0017603867
36077,0.0017603867
36092,0.005921417
36097,0.0057161534
36098,0.0054914565
36099,0.012192876
36101,0.946454
36104,0.0023942434
36107,0.0017603867
36108,0.97776663
36110,0.13788998
36111,0.9943869
36113,0.0019260534
36117,0.0017603867
36123,0.94736594
36128,0.0027608671
36129,0.0017603867
36131,0.99801946
36140,0.9945326
36142,0.007585784
36146,0.11140559
36149,0.002734933
36151,0.005921417
36152,0.0027375577
36153,0.0019260534
36168,0.00051202066
36178,0.00029706894
36181,0.0166352
36186,0.009095114
36191,0.96988004
36193,0.0067771617
36194,0.009700544
36197,0.0010498866
36204,0.0009746589
36207,0.0023334303
36208,0.08253657
36209,0.007585784
36211,0.000573012
36223,0.83873767
36225,0.016173588
36232,0.0026020675
36246,0.012220082
36250,0.008204403
36255,0.001104645
36262,0.084116235
36264,0.0016289179
36268,0.0025466175
36277,0.0067771617
36278,0.0010953033
36296,0.001104645
36300,0.0017603867
36302,0.016283624
36305,0.0025683052
36308,0.0064976667
36311,0.86465985
36314,0.9943869
36315,0.005921417
36316,0.006510688
36320,0.08253657
36321,0.0017725392
36327,0.6668949
36329,0.0012419914
36333,0.08179209
36341,0.0027375577
36346,0.0019260534
36349,0.0057161534
36352,0.0012391927
36355,0.007882682
36361,0.0054914565
36373,0.15731338
36374,0.0009746589
36376,0.001715217
36382,0.0063078487
36396,0.0063078487
36398,0.0012399772
36407,0.97938216
36411,0.9687404
36412,0.0025466175
36413,0.99890935
36416,0.0013934174
36420,0.012220082
36423,0.006137708
36447,0.00029706894
36449,0.0010953033
36451,0.0051897475
36454,0.946454
36459,0.0017603867
36460,0.0014991066
36461,0.97776663
36471,0.012192876
36472,0.21678838
36477,0.9578168
36481,0.005071878
36487,0.0026242237
36490,0.040487528
36491,0.0018151832
36498,0.97859406
36504,0.0067771617
36510,0.0027375577
36517,0.009700544
36520,0.0025683052
36522,0.008915491
36526,0.01632463
36530,0.008915491
36535,0.006363628
36537,0.9943869
36539,0.84456813
36541,0.98572195
36544,0.0166352
36546,0.9730453
36547,0.0017725392
36553,0.0027375577
36555,0.007412488
36560,0.98572195
36565,0.012220082
36570,0.012192876
36572,0.11518964
36574,0.007895487
36583,0.96988004
36589,0.0017725392
36590,0.009965756
36597,0.0013243644
36606,0.005921417
36607,0.007882682
36608,0.0015772562
36614,0.006510688
36618,0.008915491
36619,0.04218095
36627,0.9943869
36630,0.016173588
36634,0.97776663
36641,0.9943869
36645,0.0025683052
36646,0.0017725392
36653,0.00051202066
36656,0.017273542
36658,0.012220082
36661,0.007585784
36669,0.0017603867
36672,0.97776663
36673,0.0012497588
36680,0.0054914565
36683,0.9904795
36684,0.0054914565
36689,0.0166352
36696,0.8306396
36699,0.98572195
36705,0.005627036
36706,0.0025466175
36713,0.0057161534
36716,0.0054914565
36717,0.009700544
36721,0.9945326
36729,0.9903278
36730,0.005391357
36739,0.007585784
36740,0.85291594
36742,0.06261413
36749,0.0051897475
36752,0.016886668
36753,0.0020052171
36754,0.0013934174
36755,0.0057161534
36758,0.0054914565
36760,0.0017725392
36766,0.0017603867
36768,0.016173588
36769,0.0012419914
36770,0.9945326
36787,0.016173588
36792,0.008915491
36793,0.012192876
36795,0.0020052171
36797,0.11140559
36801,0.0025466175
36802,0.005921417
36805,0.016283624
36812,0.0009746589
36817,0.0166352
36819,0.007895487
36821,0.9687404
36822,0.007585784
36829,0.0051897475
36835,0.0054914565
36836,0.96988004
36838,0.00029706894
36843,0.43835506
36845,0.39862266
36846,0.0064976667
36849,0.0025466175
36850,0.012192876
36851,0.97914463
36854,0.0067771617
36858,0.9943869
36871,0.0004450682
36874,0.0054914565
36876,0.007585784
36883,0.001104645
36888,0.94736594
36895,0.90556467
36899,0.012192876
36905,0.0018151832
36911,0.0025466175
36914,0.9943869
36916,0.008204403
36918,0.005921417
36924,0.00029706894
36927,0.98508495
36930,0.9755976
36932,0.98986036
36934,0.90356064
36938,0.007585784
36942,0.006510688
36943,0.11140559
36954,0.0004408163
36961,0.008915491
36963,0.011739908
36964,0.017360479
36966,0.0014052979
36969,0.012192876
36974,0.008915491
36977,0.07742285
36990,0.0064976667
36993,0.005921417
36994,0.008915491
36997,0.012220082
36999,0.039199963
37004,0.0012419914
37009,0.0017725392
37014,0.9943869
37017,0.08179209
37018,0.007585784
37022,0.001104645
37028,0.0023334303
37032,0.0004450682
37034,0.008915491
37038,0.007882682
37039,0.005391357
37045,0.0015118856
37048,0.039199963
37050,0.03782678
37053,0.008915491
37054,0.9943869
37055,0.0030530815
37056,0.0051897475
37059,0.0025466175
37063,0.012192876
37065,0.011659807
37068,0.0019914724
37072,0.007895487
37083,0.0057161534
37088,0.11518964
37090,0.0010953033
37093,0.9943869
37096,0.00019452747
37100,0.012192876
37102,0.00029706894
37107,0.007895487
37108,0.9943869
37118,0.007895487
37120,0.03782678
37122,0.0030530815
37128,0.0025683052
37129,0.9988852
37143,0.0054914565
37146,0.08179209
37155,0.008915491
37156,0.9988348
37162,0.008915491
37166,0.11518964
37169,0.008738777
37171,0.8672062
37178,0.012220082
37183,0.0030741303
37185,0.014790389
37195,0.008204403
37197,0.9943869
37200,0.009801603
37205,0.0010953033
37206,0.9945326
37208,0.005627036
37212,0.007895487
37217,0.007585784
37219,0.00029706894
37221,0.0051897475
37222,0.001104645
37227,0.016173588
37237,0.00029706894
37238,0.0013934174
37255,0.0010953033
37259,0.0012844531
37260,0.0057161534
37261,0.0054914565
37263,0.005921417
37267,0.0025466175
37270,0.00029214445
37273,0.0012399772
37275,0.9900656
37278,0.98572195
37279,0.11518964
37283,0.0002989136
37286,0.11518964
37288,0.0019097788
37289,0.008204403
37290,0.01646172
37292,0.007585784
37307,0.0057161534
37313,0.85291594
37316,0.0019914724
37318,0.0054914565
37319,0.0023495292
37321,0.011766127
37322,0.0015772562
37333,0.0064976667
37343,0.9613415
37344,0.9945326
37346,0.085064985
37355,0.007895487
37362,0.0025683052
37363,0.9730453
37365,0.97859406
37371,0.0012419914
37386,0.0054914565
37388,0.007585784
37389,0.9578168
37393,0.016173588
37397,0.9943869
37398,0.0012844531
37400,0.0017603867
37401,0.0015772562
37402,0.012220082
37404,0.99890935
37405,0.0009746589
37407,0.03645669
37418,0.03782678
37420,0.005921417
37421,0.99840015
37422,0.0166352
37429,0.007882682
37432,0.012192876
37439,0.97938216
37443,0.011659807
37446,0.85269266
37455,0.00029706894
37460,0.007895487
37463,0.0051897475
37467,0.0012497588
37468,0.03782678
37470,0.007585784
37471,0.9730453
37476,0.9945326
37481,0.008915491
37482,0.006510688
37483,0.008915491
37487,0.006510688
37493,0.0004408163
37494,0.9578168
37501,0.9578168
37505,0.005391357
37519,0.11518964
37522,0.0064430186
37525,0.0051897475
37541,0.8672062
37544,0.0057161534
37546,0.0019260534
37553,0.007882682
37554,0.08253657
37563,0.042192385
37568,0.0010953033
37571,0.79978955
37573,0.08179209
37574,0.0010498866
37579,0.009700544
37582,0.09376705
37583,0.040487528
37594,0.039199963
37597,0.0054914565
37602,0.9943869
37608,0.0054914565
37609,0.0054914565
37610,0.0014991066
37614,0.007895487
37615,0.007585784
37616,0.00029706894
37619,0.007895487
37622,0.0054914565
37643,0.002734933
37646,0.9120336
37648,0.007585784
37650,0.009095114
37651,0.007585784
37656,0.0054914565
37661,0.005921417
37668,0.9943869
37669,0.0009746589
37674,0.011303512
37675,0.012220082
37677,0.0010953033
37678,0.0023942434
37679,0.009700544
37680,0.008204403
37692,0.007585784
37698,0.007585784
37699,0.009700544
37703,0.009700544
37705,0.0019260534
37710,0.9943869
37713,0.0054914565
37716,0.008915491
37719,0.001104645
37728,0.0057161534
37729,0.9945326
37731,0.0054914565
37732,0.007585784
37735,0.9810044
37736,0.009700544
37739,0.0023495292
37741,0.92254364
37752,0.0012419914
37760,0.007895487
37767,0.005391357
37773,0.9945326
37774,0.0064430186
37776,0.007882682
37779,0.0018151832
37780,0.9945326
37781,0.0012844531
37782,0.0010953033
37785,0.009700544
37786,0.008915491
37787,0.48226172
37789,0.97776663
37790,0.97967774
37801,0.08179209
37804,0.001104645
37806,0.007895487
37812,0.005391357
37818,0.9943869
37824,0.008915491
37827,0.0010953033
37835,0.007585784
37836,0.008738777
37851,0.0030530815
37852,0.98272187
37853,0.00029706894
37855,0.0030741303
37859,0.0002989136
37863,0.0027375577
37866,0.9988852
37872,0.008204403
37873,0.007585784
37874,0.98572195
37876,0.005391357
37884,0.0017725392
37890,0.0017603867
37891,0.9945326
37894,0.016874032
37900,0.009965756
37901,0.9578168
37902,0.009700544
37903,0.0012419914
37909,0.012192876
37914,0.005391357
37915,0.9945326
37919,0.0054914565
37920,0.0025683052
37923,0.97938216
37924,0.0004450682
37930,0.0051897475
37936,0.97938216
37937,0.946454
37940,0.9945326
37944,0.0015118856
37956,0.9943869
37959,0.0010498866
37964,0.0017603867
37966,0.97938216
37969,0.0019097788
37979,0.008915491
37981,0.005391357
37983,0.0054914565
37988,0.00029706894
37991,0.0063078487
37995,0.99195975
37996,0.00029706894
37998,0.0002989136
37999,0.009700544
38001,0.011739908
38002,0.008738777
38007,0.84456813
38011,0.007585784
38016,0.042355873
38017,0.0025683052
38020,0.00029214445
38027,0.008204403
38029,0.0012497588
38033,0.9730453
38036,0.0010953033
38053,0.0064430186
38055,0.97938216
38060,0.98572195
38062,0.016283624
38064,0.0023740218
38076,0.0051897475
38082,0.007895487
38086,0.006834625
38093,0.96988004
38095,0.006363628
38097,0.9943869
38099,0.005921417
38102,0.00187367
38108,0.0166352
38111,0.007895487
38114,0.007882682
38116,0.0064036483
38117,0.09273212
38120,0.007585784
38124,0.012220082
38135,0.005391357
38145,0.9945326
38149,0.31802842
38150,0.012220082
38152,0.047139168
38153,0.9837658
38158,0.74379927
38161,0.9943869
38178,0.9943869
38179,0.00059861597
38187,0.002734933
38192,0.01741845
38195,0.0023942434
38198,0.9943869
38199,0.007585784
38204,0.0025683052
38206,0.9687404
38217,0.0064430186
38220,0.008915491
38221,0.9613415
38230,0.009700544
38234,0.11518964
38244,0.92575645
38246,0.0063078487
38256,0.11140559
38259,0.011766127
38261,0.0017603867
38263,0.0023740218
38269,0.0026645584
38275,0.765343
38277,0.012192876
38279,0.97859406
38280,0.0051897475
38284,0.0017725392
38287,0.016173588
38291,0.0015772562
38292,0.08179209
38293,0.9943869
38301,0.9810044
38302,0.0012419914
38306,0.009700544
38307,0.99067444
38312,0.0027375577
38315,0.008915491
38319,0.008204403
38326,0.8543968
38327,0.012192876
38329,0.005391357
38343,0.0026645584
38344,0.017360479
38347,0.13788998
38353,0.0054914565
38356,0.0017725392
38357,0.03782678
38361,0.11140559
38362,0.11518964
38368,0.0051897475
38369,0.01741845
38371,0.0036427644
38374,0.009801603
38375,0.0015907019
38377,0.011766127
38378,0.9943869
38380,0.005391357
38384,0.007412488
38387,0.946454
38390,0.0010953033
38391,0.0023740218
38392,0.19902985
38408,0.0010410085
38410,0.94736594
38423,0.11140559
38425,0.007882682
38426,0.0054914565
38428,0.005391357
38431,0.86645067
38432,0.011688998
38434,0.00029706894
38435,0.04237643
38436,0.96988004
38438,0.08253657
38439,0.0054914565
38440,0.011739908
38445,0.047139168
38447,0.008738777
38456,0.0051897475
38463,0.9988852
38475,0.00029706894
38479,0.11140559
38480,0.005391357
38484,0.9745506
38486,0.007585784
38487,0.0004408163
38497,0.005921417
38499,0.81486064
38501,0.0023942434
38502,0.000573012
38507,0.98508495
38512,0.0004408163
38517,0.0017725392
38527,0.008915491
38530,0.00050922687
38532,0.008915491
38533,0.0013934174
38535,0.97859406
38540,0.007895487
38541,0.012192876
38547,0.005921417
38555,0.9730453
38561,0.005391357
38562,0.007585784
38563,0.001104645
38564,0.0054914565
38565,0.0017603867
38566,0.97776663
38570,0.012220082
38580,0.0012844531
38583,0.9916277
38585,0.01632463
38586,0.0017725392
38587,0.0027608671
38593,0.0018306518
38594,0.008915491
38597,0.0025466175
38598,0.0004408163
38600,0.07195984
38604,0.008915491
38607,0.0019097788
38608,0.005921417
38610,0.001104645
38617,0.007585784
38621,0.13285466
38625,0.011766127
38630,0.0010410085
38637,0.007895487
38649,0.007882682
38653,0.016173588
38656,0.9730453
38662,0.97938216
38666,0.005627036
38669,0.08179209
38675,0.0013934174
38680,0.11140559
38686,0.007585784
38687,0.97776663
38689,0.0057161534
38690,0.8519362
38692,0.0057161534
38710,0.97776663
38712,0.9943869
38719,0.9943869
38726,0.007585784
38732,0.0025466175
38742,0.007895487
38743,0.9988852
38744,0.0057161534
38749,0.009700544
38754,0.0017603867
38758,0.97938216
38759,0.011739908
38761,0.0051897475
38765,0.0054914565
38766,0.0166352
38767,0.0004408163
38773,0.9943869
38775,0.9711275
38778,0.06893223
38781,0.011938224
38784,0.0054914565
38787,0.00029706894
38789,0.06893223
38795,0.0054914565
38797,0.0054914565
38798,0.006510688
38801,0.007895487
38803,0.0018306518
38809,0.97683495
38811,0.007585784
38812,0.0026338627
38814,0.007895487
38822,0.8474271
38831,0.008915491
38836,0.005627036
38837,0.0013056975
38840,0.9943869
38841,0.0023942434
38843,0.9711275
38844,0.85291594
38846,0.9945326
38848,0.0004450682
38851,0.0018597144
38853,0.97938216
38855,0.011766127
38864,0.011739908
38870,0.0054914565
38871,0.084116235
38874,0.9943869
38880,0.0015907019
38882,0.047139168
38891,0.0010410085
38896,0.017273542
38899,0.0017725392
38901,0.0012844531
38903,0.040487528
38904,0.98572195
38910,0.0057161534
38915,0.9943869
38918,0.008915491
38923,0.011938224
38925,0.19284585
38930,0.99890935
38936,0.0019914724
38938,0.006510688
38940,0.946454
38943,0.011659807
38945,0.8039765
38947,0.016173588
38950,0.0067771617
38956,0.0057161534
38957,0.007585784
38971,0.11140559
38972,0.00029706894
38979,0.0036427644
38985,0.008915491
38989,0.0014052979
38992,0.76381266
38999,0.007585784
39001,0.807717
39002,0.0027375577
39003,0.0017603867
39008,0.0054914565
39009,0.9711275
39014,0.08179209
39018,0.97859406
39019,0.0017603867
39021,0.98272187
39024,0.68532646
39028,0.006510688
39029,0.008915491
39031,0.005921417
39035,0.016173588
39037,0.0054914565
39040,0.001104645
39054,0.007895487
39064,0.9001699
39065,0.0017603867
39069,0.087064154
39073,0.007882682
39078,0.005391357
39083,0.0004450682
39084,0.0004408163
39085,0.001104645
39089,0.007585784
39090,0.0023334303
39094,0.0064036483
39097,0.0023740218
39099,0.97776663
39102,0.007585784
39103,0.9943869
39105,0.001526529
39106,0.0010953033
39111,0.8306396
39112,0.00059861597
39113,0.9988852
39117,0.11140559
39123,0.009700544
39124,0.012192876
39130,0.08253657
39133,0.007585784
39135,0.08253657
39140,0.001104645
39144,0.0014414012
39145,0.0067771617
39151,0.008915491
39155,0.00029706894
39166,0.0017725392
39167,0.8149166
39174,0.0013356558
39176,0.007882682
39179,0.0054914565
39180,0.0166352
39181,0.0023740218
39184,0.9730453
39185,0.087064154
39186,0.0010498866
39190,0.016173588
39196,0.98572195
39199,0.0015907019
39205,0.9945326
39207,0.78950566
39212,0.007585784
39215,0.0054914565
39216,0.00029706894
39219,0.007882682
39221,0.98572195
39225,0.008915491
39227,0.011739908
39229,0.98508495
39230,0.007585784
39231,0.08179209
39233,0.03782678
39235,0.008915491
39237,0.92254364
39246,0.007882682
39247,0.0027537947
39248,0.96988004
39249,0.016173588
39254,0.0015118856
39257,0.0063078487
39260,0.98508495
39265,0.08253657
39270,0.98572195
39272,0.08253657
39274,0.10980627
39282,0.0037301993
39287,0.9810044
39289,0.0054914565
39290,0.005391357
39305,0.98572195
39309,0.0012844531
39318,0.98572195
39320,0.0012497588
39325,0.007585784
39327,0.11518964
39328,0.007585784
39329,0.9945326
39333,0.005391357
39336,0.009700544
39338,0.0064036483
39339,0.009095114
39340,0.9988348
39341,0.0027608671
39344,0.9711275
39345,0.0026242237
39355,0.0054914565
39356,0.000573012
39357,0.00029706894
39359,0.19284585
39361,0.0010498866
39362,0.012220082
39367,0.0002989136
39372,0.9943869
39373,0.007585784
39377,0.010470025
39385,0.9945326
39386,0.0010953033
39393,0.005391357
39396,0.0004408163
39406,0.0012419914
39408,0.007585784
39411,0.0054914565
39412,0.9711275
39413,0.99890935
39415,0.0019097788
39418,0.0002989136
39429,0.99890935
39433,0.0019097788
39435,0.0002989136
39441,0.0054914565
39453,0.008915491
39466,0.0054914565
39480,0.96988004
39505,0.992168
39507,0.0013356558
39519,0.0025466175
39522,0.005391357
39540,0.012220082
39552,0.0166352
39554,0.03645669
39555,0.86908126
39561,0.007882682
39569,0.0023334303
39571,0.009700544
39573,0.009700544
39575,0.011609656
39579,0.008915491
39582,0.07761259
39588,0.0010410085
39591,0.8589207
39595,0.0054914565
39600,0.0025466175
39605,0.009801603
39608,0.9943869
39614,0.01741845
39621,0.0025683052
39624,0.97859406
39625,0.04752252
39628,0.0012419914
39629,0.0023495292
39631,0.0017603867
39632,0.9943869
39636,0.0054914565
39639,0.005627036
39641,0.00050922687
39649,0.087064154
39651,0.011303512
39657,0.008915491
39671,0.0054914565
39672,0.0027608671
39676,0.011609656
39679,0.97859406
39683,0.0023334303
39686,0.009801603
39688,0.85686016
39693,0.001104645
39694,0.007585784
39698,0.0025683052
39699,0.009965756
39702,0.9943869
39703,0.9943869
39707,0.0057161534
39710,0.765343
39712,0.0054914565
39716,0.008915491
39717,0.011659807
39718,0.96988004
39719,0.0017603867
39730,0.0013153577
39731,0.0012844531
39734,0.0025466175
39737,0.0025466175
39740,0.0010953033
39744,0.005391357
39746,0.0036427644
39747,0.005391357
39752,0.0025683052
39762,0.00059861597
39764,0.11140559
39768,0.00029706894
39770,0.00050922687
39772,0.9988852
39775,0.9810044
39784,0.08253657
39785,0.9711275
39790,0.0010953033
39792,0.008915491
39793,0.9810044
39797,0.0010498866
39798,0.806718
39799,0.00050922687
39806,0.001104645
39807,0.0030530815
39815,0.0025683052
39820,0.04218095
39831,0.008915491
39832,0.0051897475
39837,0.007585784
39838,0.039199963
39841,0.0051897475
39843,0.0051897475
39844,0.009700544
39848,0.20311116
39856,0.0030530815
39859,0.00050922687
39860,0.9945326
39862,0.010470025
39865,0.012192876
39869,0.008915491
39892,0.0054914565
39897,0.012192876
39899,0.0054914565
39904,0.04490503
39917,0.016283624
39939,0.19284585
39943,0.007585784
39945,0.008915491
39946,0.0026242237
39949,0.0017603867
39950,0.008915491
39956,0.0010953033
39957,0.0027608671
39963,0.008915491
39966,0.0010498866
39973,0.005391357
39975,0.012192876
39980,0.006137708
39981,0.0054914565
39982,0.008915491
39985,0.96988004
39987,0.8019817
39989,0.97938216
39996,0.98968315
40004,0.007585784
40009,0.011766127
40016,0.008915491
40017,0.99890935
40019,0.0017725392
40025,0.007882682
40028,0.007882682
40030,0.946454
40032,0.99890935
40033,0.0067771617
40037,0.0011878167
40038,0.0012419914
40043,0.007585784
40052,0.9988091
40061,0.0054914565
40062,0.008915491
40075,0.005921417
40076,0.0025683052
40088,0.97938216
40095,0.0025466175
40097,0.0004408163
40100,0.0027608671
40110,0.0010498866
40113,0.00059861597
40116,0.9755976
40120,0.0067771617
40122,0.9100341
40123,0.0017603867
40124,0.0067771617
40134,0.0010498866
40135,0.001104645
40138,0.0063078487
40141,0.016283624
40142,0.008915491
40148,0.0054914565
40151,0.007585784
40163,0.0025466175
40165,0.0057161534
40170,0.007585784
40171,0.0063078487
40175,0.0030530815
40179,0.040487528
40181,0.9730453
40185,0.011739908
40197,0.0054914565
40202,0.007585784
40206,0.0054914565
40210,0.08560292
40215,0.9730453
40216,0.0015907019
40225,0.0054914565
40229,0.08179209
40232,0.007882682
40264,0.005921417
40265,0.9730453
40267,0.0019097788
40269,0.040487528
40272,0.005921417
40281,0.024132876
40286,0.00029214445
40291,0.0054914565
40292,0.02394888
40298,0.0054914565
40310,0.9988852
40324,0.00029706894
40328,0.016283624
40329,0.0030530815
40332,0.005627036
40337,0.98572195
40338,0.001104645
40345,0.0054914565
40351,0.0013153577
40353,0.005391357
40356,0.9945326
40363,0.005921417
40366,0.0017603867
40374,0.007585784
40375,0.008915491
40388,0.0012844531
40395,0.008915491
40397,0.9943869
40399,0.007895487
40408,0.007585784
40410,0.005391357
40412,0.0023740218
40426,0.0012399772
40427,0.0054914565
40436,0.007585784
40437,0.11140559
40440,0.98572195
40445,0.84057313
40447,0.0004450682
40450,0.00029706894
40452,0.08253657
40454,0.00029706894
40461,0.0017725392
40462,0.08253657
40472,0.08179209
40485,0.007895487
40490,0.9943869
40493,0.85291594
40499,0.0010953033
40504,0.007895487
40512,0.005921417
40517,0.96988004
40528,0.0054914565
40535,0.0002989136
40545,0.005391357
40548,0.98952323
40554,0.0025683052
40565,0.012192876
40571,0.21678838
40572,0.0023740218
40576,0.0009746589
40581,0.00029706894
40583,0.040487528
40592,0.97938216
40596,0.012220082
40597,0.006834625
40600,0.0064036483
40601,0.97938216
40603,0.008915491
40604,0.00029706894
40608,0.016283624
40617,0.0067771617
40620,0.00029706894
40631,0.005921417
40632,0.0064430186
40640,0.99890935
40642,0.006137708
40644,0.9730453
40646,0.00059861597
40658,0.008915491
40663,0.006834625
40666,0.74379927
40667,0.0025683052
40670,0.0002989136
40673,0.0019260534
40681,0.012220082
40694,0.0057161534
40699,0.0012419914
40701,0.0004450682
40705,0.9730453
40706,0.0010498866
40710,0.008204403
40711,0.946454
40715,0.97938216
40718,0.0017603867
40725,0.007585784
40729,0.9943869
40731,0.0054914565
40735,0.9943869
40741,0.0013934174
40743,0.0017725392
40751,0.0023942434
40752,0.0063078487
40753,0.0023334303
40754,0.042192385
40756,0.0013934174
40765,0.007585784
40768,0.0067771617
40775,0.0054914565
40780,0.9945326
40782,0.008915491
40791,0.0027375577
40794,0.0023942434
40796,0.0025683052
40805,0.08608862
40815,0.007895487
40819,0.9943869
40821,0.005391357
40822,0.9945326
40825,0.0054914565
40827,0.0037301993
40831,0.10980627
40843,0.98572195
40849,0.007585784
40864,0.0025683052
40865,0.0063078487
40866,0.005391357
40867,0.08253657
40873,0.0023942434
40878,0.9755976
40879,0.005391357
40882,0.016173588
40885,0.0004408163
40892,0.007882682
40894,0.007585784
40895,0.0010953033
40899,0.9945326
40901,0.0054914565
40911,0.9980094
40913,0.8186567
40919,0.9711275
40924,0.0037301993
40925,0.0054914565
40926,0.008915491
40930,0.9943869
40937,0.9980094
40938,0.07742285
40945,0.006510688
40954,0.0051897475
40956,0.0027608671
40959,0.0017725392
40963,0.006363628
40969,0.007585784
40970,0.0054914565
40976,0.0027375577
40982,0.08179209
40986,0.0012497588
41006,0.0057161534
41008,0.0010410085
41009,0.9755976
41013,0.004633185
41019,0.007585784
41025,0.008204403
41031,0.0010410085
41032,0.016173588
41033,0.0166352
41037,0.0025683052
41040,0.07195984
41044,0.016173588
41045,0.008204403
41048,0.012220082
41055,0.0054914565
41057,0.0054914565
41058,0.96988004
41062,0.005921417
41069,0.005391357
41070,0.04752252
41072,0.08179209
41074,0.0057161534
41077,0.008915491
41080,0.005921417
41082,0.007895487
41084,0.006834625
41087,0.9943869
41088,0.007882682
41095,0.007882682
41096,0.008738777
41101,0.99195975
41102,0.0027608671
41106,0.08253657
41111,0.007882682
41117,0.007895487
41124,0.005921417
41127,0.0027608671
41135,0.00051202066
41138,0.03782678
41139,0.0010498866
41143,0.0014052979
41144,0.0010410085
41153,0.005391357
41165,0.08179209
41166,0.98572195
41172,0.98572195
41176,0.007895487
41177,0.002564381
41186,0.0017603867
41187,0.00029706894
41191,0.0004408163
41196,0.99890935
41197,0.000573012
41209,0.0025683052
41213,0.9945326
41216,0.007585784
41218,0.9943869
41220,0.001526529
41221,0.0026242237
41223,0.0166352
41224,0.08179209
41235,0.97938216
41239,0.0057161534
41242,0.00029706894
41244,0.016173588
41245,0.006510688
41246,0.0027375577
41250,0.007585784
41251,0.011609656
41252,0.8044789
41254,0.0054914565
41256,0.9945326
41257,0.08253657
41261,0.0742403
41268,0.000573012
41270,0.8097181
41272,0.008915491
41276,0.0010410085
41278,0.0010953033
41279,0.047139168
41281,0.005627036
41284,0.0054914565
41285,0.0054914565
41287,0.011659807
41289,0.00029706894
41291,0.007741327
41292,0.9943869
41295,0.009965756
41299,0.8019817
41306,0.80152863
41313,0.0057161534
41315,0.008915491
41317,0.007895487
41318,0.8835139
41325,0.0017603867
41331,0.97938216
41332,0.007882682
41335,0.0013153577
41341,0.007895487
41345,0.0004408163
41352,0.0054914565
41358,0.9943869
41359,0.009700544
41365,0.008204403
41375,0.007585784
41388,0.007585784
41399,0.0017603867
41402,0.008915491
41413,0.0064430186
41414,0.11518964
41416,0.98959154
41423,0.9711275
41425,0.0070505836
41427,0.009965756
41429,0.008915491
41430,0.0061644185
41432,0.042192385
41439,0.005921417
41440,0.08179209
41445,0.008915491
41449,0.009700544
41451,0.010645246
41453,0.01646172
41460,0.95989203
41467,0.006834625
41468,0.011739908
41469,0.0166352
41475,0.0017603867
41480,0.0037301993
41488,0.98508495
41492,0.82406247
41499,0.90556467
41501,0.812726
41503,0.007585784
41510,0.8581069
41511,0.0018306518
41518,0.99890935
41524,0.007412488
41527,0.007585784
41530,0.007895487
41540,0.9687404
41541,0.0002989136
41546,0.009700544
41554,0.039199963
41555,0.042192385
41559,0.98572195
41573,0.008915491
41577,0.97938216
41583,0.0057161534
41584,0.11518964
41587,0.042192385
41591,0.005391357
41596,0.012192876
41600,0.0054914565
41601,0.0019097788
41614,0.011739908
41617,0.0004408163
41631,0.006834625
41634,0.95624125
41644,0.007585784
41647,0.0066990736
41655,0.0026020675
41661,0.0012419914
41666,0.97859406
41668,0.008915491
41669,0.98572195
41677,0.0013934174
41682,0.007895487
41683,0.010645246
41685,0.9711275
41693,0.9943869
41695,0.98572195
41698,0.08253657
41706,0.98572195
41707,0.19284585
41712,0.08253657
41715,0.08179209
41723,0.00029706894
41726,0.0054914565
41728,0.007585784
41735,0.0014052979
41738,0.0166352
41742,0.0054914565
41756,0.9943869
41757,0.008915491
41760,0.0017603867
41761,0.0015772562
41763,0.0018151832
41769,0.012220082
41771,0.0038993554
41772,0.00051202066
41776,0.9943869
41778,0.0004408163
41785,0.0054914565
41787,0.0067771617
41790,0.008915491
41797,0.97914463
41798,0.005921417
41801,0.0025466175
41802,0.946454
41805,0.85291594
41811,0.007895487
41816,0.00051202066
41818,0.084116235
41831,0.008915491
41834,0.08179209
41839,0.43663505
41847,0.9945326
41850,0.076624386
41852,0.006834625
41853,0.010470025
41855,0.008915491
41859,0.0017603867
41871,0.00029706894
41875,0.89210016
41885,0.9988852
41898,0.0009746589
41901,0.005391357
41903,0.97776663
41904,0.79094106
41908,0.98572195
41910,0.0012419914
41915,0.0023740218
41920,0.0027537947
41923,0.0057161534
41927,0.20311116
41931,0.0054914565
41934,0.007882682
41942,0.001104645
41956,0.85686016
41957,0.0030530815
41958,0.087064154
41959,0.008915491
41961,0.005627036
41967,0.9687404
41970,0.016283624
41973,0.98572195
41991,0.97938216
41993,0.0017725392
41997,0.9943869
42005,0.008915491
42009,0.99195975
42011,0.9901962
42012,0.008915491
42022,0.97681046
42024,0.012220082
42026,0.9730453
42036,0.85269266
42042,0.95989203
42043,0.009700544
42044,0.0010410085
42047,0.009095114
42048,0.0018306518
42060,0.005921417
42062,0.0017603867
42070,0.0014414012
42079,0.8519362
42082,0.0023740218
42084,0.99890935
42085,0.07195984
42087,0.03645669
42097,0.0063078487
42099,0.0027608671
42100,0.08253657
42101,0.8927528
42115,0.0051897475
42116,0.005391357
42121,0.9730453
42122,0.9711275
42127,0.98572195
42130,0.005391357
42131,0.0063078487
42132,0.992168
42138,0.0054914565
42144,0.08253657
42149,0.07195984
42156,0.0064976667
42160,0.012220082
42170,0.047139168
42173,0.008915491
42174,0.0017603867
42176,0.98501694
42177,0.0051897475
42178,0.81064224
42183,0.9755976
42186,0.0054914565
42187,0.9730453
42188,0.9943869
42193,0.8075788
42194,0.007585784
42196,0.992168
42200,0.009700544
42204,0.007895487
42216,0.9943869
42223,0.0017891184
42227,0.0012844531
42228,0.9730453
42229,0.9730453
42243,0.015036823
42244,0.008915491
42245,0.011494618
42248,0.0054914565
42251,0.96988004
42252,0.040487528
42254,0.43663505
42265,0.007882682
42273,0.0010498866
42275,0.012192876
42281,0.0054914565
42286,0.97938216
42287,0.007585784
42289,0.0023334303
42303,0.9784611
42304,0.98572195
42305,0.9755976
42306,0.0027375577
42308,0.00029706894
42315,0.99890935
42319,0.006555418
42321,0.9730453
42337,0.0012419914
42341,0.98508495
42348,0.08179209
42352,0.98572195
42355,0.08253657
42373,0.946454
42375,0.9943869
42384,0.005391357
42398,0.007585784
42400,0.0030530815
42401,0.0009746589
42405,0.008204403
42407,0.0002989136
42410,0.08179209
42411,0.008738777
42412,0.016283624
42415,0.007585784
42420,0.0010498866
42426,0.9945326
42428,0.0166352
42437,0.011766127
42439,0.012220082
42441,0.007585784
42447,0.0017725392
42458,0.007895487
42470,0.005391357
42476,0.007882682
42481,0.97938216
42484,0.005391357
42485,0.012192876
42488,0.0054914565
42490,0.97859406
42494,0.0166352
42497,0.0027375577
42498,0.82035464
42499,0.0017725392
42500,0.0017603867
42507,0.007882682
42508,0.00051202066
42509,0.0011777725
42510,0.005071878
42519,0.8039765
42523,0.0742403
42526,0.0025683052
42532,0.042192385
42535,0.0023740218
42537,0.0004408163
42542,0.0010953033
42549,0.0014052979
42550,0.040487528
42579,0.005391357
42583,0.0064976667
42584,0.0054914565
42593,0.0057161534
42595,0.0011878167
42596,0.007585784
42601,0.012192876
42604,0.001104645
42609,0.0004408163
42611,0.00029214445
42616,0.016886668
42623,0.9943869
42624,0.99890935
42628,0.0017603867
42635,0.012192876
42637,0.11518964
42640,0.002734933
42641,0.9945326
42643,0.008915491
42645,0.007882682
42651,0.006510688
42652,0.008738777
42653,0.03645669
42654,0.09627604
42659,0.8194916
42660,0.0030741303
42665,0.008915491
42670,0.08253657
42687,0.007585784
42690,0.946454
42695,0.00027034435
42700,0.88438606
42709,0.9943869
42714,0.016173588
42724,0.00029706894
42733,0.9943869
42740,0.0030530815
42741,0.0054914565
42748,0.9943869
42749,0.0025683052
42753,0.0051897475
42754,0.00051202066
42759,0.042192385
42765,0.0027608671
42774,0.98056465
42779,0.9945326
42780,0.006834625
42781,0.002734933
42784,0.0009746589
42786,0.005071878
42787,0.96988004
42793,0.0054914565
42795,0.017360479
42796,0.0017603867
42800,0.009801603
42814,0.0054914565
42828,0.007585784
42830,0.0017603867
42831,0.9943869
42834,0.00029706894
42838,0.0054914565
42844,0.008915491
42850,0.005921417
42852,0.97938216
42853,0.0012419914
42854,0.06560839
42862,0.008915491
42864,0.0017725392
42877,0.0018306518
42884,0.0054914565
42887,0.80824304
42888,0.97776663
42889,0.9945326
42903,0.97776663
42904,0.012192876
42907,0.0051897475
42910,0.0002989136
42912,0.009801603
42921,0.00029706894
42923,0.012192876
42934,0.9943869
42937,0.00029706894
42938,0.0025466175
42940,0.014790389
42947,0.97681046
42948,0.0051897475
42951,0.008915491
42960,0.0004408163
42962,0.000573012
42963,0.00029706894
42964,0.0010953033
42969,0.0017603867
42974,0.005921417
42976,0.0025683052
42977,0.001104645
42978,0.85291594
42986,0.006510688
42989,0.012192876
43002,0.009965756
43004,0.9943869
43011,0.0023942434
43012,0.0017603867
43019,0.0014052979
43022,0.0030530815
43032,0.001104645
43033,0.9687404
43035,0.0002989136
43037,0.007585784
43038,0.0025466175
43042,0.0054914565
43051,0.007882682
43055,0.9945326
43056,0.0002989136
43057,0.007882682
43059,0.0017603867
43062,0.0054914565
43065,0.9613415
43066,0.0057161534
43067,0.002734933
43078,0.007585784
43081,0.0025466175
43084,0.0015907019
43087,0.0004450682
43088,0.008915491
43090,0.011659807
43091,0.005391357
43094,0.9943869
43100,0.97914463
43102,0.0054914565
43109,0.9784611
43112,0.9943869
43114,0.011739908
43115,0.008915491
43116,0.00029706894
43118,0.99036855
43119,0.008915491
43121,0.005391357
43123,0.006363628
43132,0.005921417
43140,0.008915491
43147,0.97938216
43159,0.9988852
43161,0.17660639
43169,0.0026020675
43170,0.017015647
43174,0.005391357
43177,0.9945326
43180,0.9945326
43182,0.006137708
43191,0.005921417
43194,0.007585784
43196,0.96988004
43201,0.95989203
43207,0.02394888
43208,0.98272187
43211,0.008915491
43212,0.0030530815
43213,0.005921417
43219,0.0010953033
43220,0.007585784
43224,0.94736594
43236,0.007585784
43237,0.039199963
43244,0.005391357
43248,0.00051202066
43249,0.0010953033
43253,0.9943869
43259,0.007882682
43263,0.97859406
43265,0.0004408163
43269,0.94736594
43282,0.0025466175
43285,0.007585784
43287,0.9945326
43293,0.8039765
43294,0.9943869
43299,0.0054914565
43300,0.9984346
43313,0.9943869
43325,0.10980627
43329,0.005627036
43334,0.008915491
43335,0.0023740218
43339,0.9687404
43343,0.005391357
43346,0.9943869
43347,0.011494618
43348,0.008915491
43355,0.0010953033
43361,0.002734933
43364,0.001104645
43368,0.0025683052
43369,0.0017725392
43374,0.008915491
43384,0.11518964
43387,0.012220082
43391,0.0057161534
43392,0.10980627
43394,0.0019260534
43395,0.85291594
43396,0.0004408163
43398,0.99890935
43406,0.012192876
43411,0.001104645
43413,0.9578168
43415,0.0030741303
43416,0.99890935
43417,0.0013155012
43420,0.0025683052
43421,0.97938216
43425,0.006834625
43434,0.9895836
43448,0.008915491
43450,0.0023740218
43458,0.0014052979
43459,0.007585784
43466,0.0012419914
43469,0.9945326
43475,0.0004450682
43479,0.9943869
43480,0.008915491
43486,0.96988004
43491,0.007585784
43503,0.0054914565
43506,0.0004408163
43532,0.0012419914
43537,0.0009746589
43541,0.97859406
43543,0.9730453
43546,0.009700544
43547,0.98572195
43549,0.97681046
43550,0.08179209
43551,0.11518964
43557,0.00029706894
43559,0.008915491
43567,0.005391357
43584,0.005391357
43586,0.9895836
43591,0.97776663
43594,0.0054914565
43596,0.0001859878
43603,0.008915491
43608,0.0017603867
43615,0.97683495
43619,0.0054914565
43620,0.0015907019
43621,0.0057161534
43638,0.95989203
43640,0.0010953033
43641,0.0067771617
43644,0.005391357
43646,0.005921417
43647,0.009700544
43649,0.0026020675
43664,0.0057161534
43666,0.007585784
43670,0.0061222124
43672,0.0013153577
43678,0.005921417
43680,0.0027375577
43685,0.89210016
43687,0.9895836
43690,0.0017603867
43701,0.011425274
43702,0.03645669
43709,0.0166352
43718,0.9943869
43722,0.0025466175
43728,0.007882682
43731,0.0054914565
43738,0.0054914565
43741,0.005546289
43746,0.9945326
43747,0.0015772562
43755,0.99890935
43758,0.002564381
43762,0.005546289
43763,0.0013153577
43772,0.07373342
43777,0.005627036
43795,0.0017603867
43798,0.0002989136
43801,0.0054914565
43802,0.085064985
43812,0.85291594
43817,0.007412488
43818,0.9745506
43819,0.0010953033
43821,0.98572195
43822,0.0063078487
43824,0.0001859878
43830,0.96988004
43831,0.016173588
43843,0.9945326
43854,0.0010953033
43857,0.005391357
43860,0.0019260534
43864,0.0054914565
43865,0.005391357
43866,0.0054914565
43867,0.008915491
43870,0.001104645
43872,0.007585784
43873,0.99890935
43875,0.9945326
43878,0.008738777
43882,0.0054914565
43883,0.00029706894
43892,0.0026242237
43894,0.9687404
43909,0.008915491
43910,0.007585784
43914,0.008915491
43918,0.007585784
43921,0.11140559
43926,0.005921417
43927,0.8572296
43931,0.00029706894
43933,0.98056465
43935,0.0057161534
43936,0.9945326
43940,0.9711275
43944,0.0064976667
43945,0.0054914565
43947,0.07373342
43955,0.005391357
43958,0.017015647
43960,0.97776663
43965,0.0054914565
43966,0.00029706894
43967,0.040487528
43969,0.087064154
43970,0.0057161534
43974,0.9755976
43979,0.001104645
43990,0.0023334303
43993,0.9730453
43994,0.9810044
43996,0.97776663
43999,0.085064985
44000,0.9943869
44003,0.9943869
44004,0.97859406
44005,0.98572195
44012,0.0027537947
44015,0.9943869
44020,0.006834625
44021,0.0026020675
44022,0.99890935
44023,0.001104645
44024,0.00050922687
44025,0.96988004
44029,0.0054914565
44030,0.012192876
44051,0.0010498866
44054,0.946454
44057,0.007882682
44058,0.0057161534
44062,0.0018151832
44065,0.042192385
44067,0.08253657
44072,0.08179209
44076,0.0015118856
44078,0.9988852
44081,0.9578168
44082,0.007895487
44093,0.0051897475
44101,0.0010953033
44112,0.08179209
44114,0.0018306518
44115,0.11140559
44122,0.9001699
44126,0.008915491
44128,0.0057161534
44129,0.07195984
44130,0.9943869
44133,0.0019260534
44137,0.0027608671
44139,0.0017603867
44147,0.0013356558
44150,0.0026020675
44156,0.0057161534
44165,0.001526529
44167,0.9945326
44171,0.007585784
44172,0.96988004
44173,0.006137708
44174,0.009965756
44176,0.0027375577
44187,0.007895487
44188,0.0010953033
44191,0.0009746589
44200,0.03645669
44205,0.087064154
44207,0.0014414012
44209,0.9916277
44210,0.00029706894
44217,0.9730453
44218,0.9943869
44221,0.9943869
44234,0.9943869
44236,0.016173588
44237,0.0030530815
44238,0.08253657
44240,0.97859406
44245,0.009700544
44246,0.008204403
44249,0.9613415
44250,0.008915491
44252,0.0051897475
44260,0.96988004
44269,0.00051202066
44288,0.0030530815
44290,0.98572195
44291,0.94736594
44295,0.9943869
44304,0.9687404
44310,0.007585784
44320,0.17660639
44324,0.0063078487
44326,0.016886668
44331,0.012192876
44339,0.007882682
44344,0.90356064
44347,0.0025466175
44348,0.0066990736
44349,0.007895487
44356,0.0054914565
44357,0.00050922687
44362,0.0012419914
44367,0.0057161534
44371,0.0015907019
44376,0.005391357
44377,0.0012419914
44378,0.008915491
44383,0.9687404
44386,0.9943869
44387,0.005627036
44393,0.0012391927
44396,0.96988004
44398,0.0054914565
44399,0.0004408163
44404,0.005391357
44405,0.0017603867
44413,0.006510688
44414,0.9645805
44417,0.005921417
44419,0.009095114
44428,0.008204403
44430,0.0057161534
44436,0.045271073
44440,0.0020052171
44442,0.11518964
44446,0.007585784
44450,0.008915491
44453,0.007412488
44454,0.0009746589
44460,0.07195984
44464,0.0166352
44467,0.03782678
44468,0.0067771617
44473,0.008915491
44483,0.0025466175
44484,0.0051897475
44485,0.012220082
44487,0.012192876
44489,0.042192385
44492,0.0054914565
44494,0.9687404
44495,0.0054914565
44503,0.9945326
44504,0.0017603867
44508,0.0054914565
44512,0.00051202066
44514,0.08253657
44529,0.00029706894
44530,0.96988004
44531,0.11518964
44535,0.012192876
44536,0.012220082
44553,0.007585784
44555,0.002564381
44558,0.99890935
44560,0.0166352
44561,0.008915491
44564,0.9715737
44569,0.007895487
44575,0.0054914565
44587,0.08179209
44588,0.9810044
44592,0.0017725392
44593,0.0009746589
44598,0.084116235
44601,0.008915491
44604,0.0023334303
44607,0.99195975
44613,0.0023942434
44615,0.98508495
44619,0.9897552
44625,0.9945326
44627,0.011739908
44628,0.9943869
44636,0.00029706894
44637,0.9943869
44642,0.9943869
44649,0.009801603
44653,0.0010410085
44657,0.0025683052
44658,0.006510688
44664,0.00029706894
44666,0.0019097788
44667,0.007585784
44668,0.007585784
44669,0.00050922687
44672,0.007882682
44677,0.012192876
44679,0.005627036
44680,0.016173588
44684,0.039199963
44695,0.0010498866
44696,0.98056465
44697,0.007895487
44711,0.08179209
44714,0.0004408163
44715,0.0067771617
44720,0.08531508
44725,0.007412488
44728,0.047139168
44730,0.012220082
44735,0.9943869
44737,0.012192876
44739,0.00059861597
44741,0.0013934174
44744,0.00050922687
44745,0.9687404
44754,0.9730453
44757,0.000573012
44759,0.9613415
44766,0.007585784
44767,0.99195975
44769,0.006510688
44771,0.99890935
44772,0.0027608671
44776,0.0025466175
44781,0.9943869
44782,0.008915491
44784,0.00029706894
44792,0.008915491
44800,0.11518964
44802,0.0013356558
44803,0.0027608671
44804,0.98572195
44805,0.9943869
44810,0.007585784
44821,0.9945326
44823,0.007585784
44825,0.007882682
44826,0.00029706894
44828,0.007585784
44829,0.0054914565
44834,0.99890935
44840,0.9578168
44842,0.008915491
44844,0.11518964
44847,0.0054914565
44857,0.012192876
44860,0.97914463
44864,0.005391357
44874,0.0017603867
44876,0.001104645
44877,0.006510688
44879,0.0010953033
44881,0.008915491
44890,0.0010498866
44899,0.007882682
44902,0.95624125
44903,0.0017603867
44904,0.08253657
44906,0.03782678
44908,0.008915491
44909,0.0025466175
44916,0.0054914565
44917,0.008738777
44919,0.012192876
44921,0.0023334303
44925,0.007585784
44927,0.0014052979
44928,0.007895487
44929,0.00029706894
44943,0.08253657
44944,0.0051897475
44945,0.97938216
44948,0.0025683052
44952,0.007585784
44955,0.0054914565
44957,0.97683495
44959,0.84456813
44961,0.008738777
44962,0.0025683052
44966,0.007895487
44971,0.99009657
44972,0.7735213
44975,0.0025683052
44976,0.00029706894
44977,0.9711275
44979,0.00050922687
44980,0.0015907019
44981,0.85291594
44982,0.0030530815
44986,0.0027903668
44991,0.017015647
44993,0.011766127
44995,0.005627036
44996,0.0025683052
44997,0.000573012
44998,0.97938216
45007,0.012220082
45013,0.9943869
45014,0.005071878
45015,0.86465985
45016,0.016173588
45018,0.0017603867
45020,0.009700544
45028,0.0054914565
45033,0.9613415
45036,0.0030530815
45044,0.005391357
45050,0.98572195
45063,0.8672062
45064,0.0064430186
45071,0.0010953033
45076,0.806718
45077,0.21678838
45080,0.0025683052
45088,0.00029706894
45089,0.0019260534
45091,0.97776663
45094,0.11140559
45099,0.087064154
45108,0.0030741303
45111,0.11140559
45127,0.07742285
45135,0.0057161534
45137,0.0030741303
45139,0.10980627
45140,0.008204403
45142,0.012220082
45143,0.08253657
45163,0.0057161534
45171,0.005391357
45172,0.001104645
45174,0.0054914565
45179,0.0036427644
45189,0.11140559
45194,0.002734933
45197,0.0013934174
45211,0.8186567
45224,0.0010498866
45229,0.0012419914
45230,0.007585784
45236,0.005416517
45237,0.9943869
45240,0.08253657
45242,0.005391357
45251,0.007895487
45261,0.0013153577
45271,0.0009746589
45280,0.0057161534
45281,0.012220082
45289,0.98572195
45291,0.0027608671
45292,0.005391357
45294,0.007585784
45297,0.86645067
45301,0.0054914565
45303,0.007585784
45305,0.0013243644
45306,0.99890935
45312,0.9755976
45315,0.0023495292
45316,0.0166352
45317,0.007585784
45327,0.00029706894
45329,0.99890935
45331,0.012220082
45333,0.009700544
45337,0.01646172
45338,0.0054914565
45340,0.000573012
45341,0.0004408163
45350,0.0057161534
45355,0.002734933
45358,0.0023740218
45361,0.0054914565
45367,0.9916277
45377,0.9613415
45378,0.005391357
45379,0.039199963
45382,0.008915491
45383,0.97776663
45388,0.00059861597
45391,0.0004450682
45395,0.0014414012
45401,0.005921417
45402,0.0017725392
45406,0.07195984
45411,0.0166352
45412,0.9945326
45413,0.0057161534
45416,0.007895487
45420,0.00029706894
45421,0.09627604
45423,0.008915491
45435,0.9943869
45443,0.99890935
45455,0.005391357
45461,0.005546289
45472,0.008915491
45485,0.08179209
45490,0.08253657
45506,0.99890935
45507,0.0063078487
45513,0.9755976
45514,0.0012419914
45519,0.00029706894
45520,0.017360479
45521,0.007882682
45522,0.0054914565
45528,0.08253657
45532,0.7996295
45536,0.005391357
45539,0.00029706894
45545,0.005921417
45546,0.016173588
45553,0.009700544
45556,0.84769374
45557,0.0027608671
45567,0.007882682
45575,0.9943869
45578,0.0025683052
45580,0.0010953033
45589,0.005391357
45590,0.005391357
45592,0.0004408163
45603,0.012220082
45604,0.005921417
45606,0.005391357
45611,0.005391357
45617,0.08253657
45620,0.8037468
45625,0.007585784
45627,0.0030741303
45628,0.007895487
45633,0.9730453
45638,0.007585784
45642,0.0010410085
45643,0.008915491
45647,0.9810044
45650,0.012192876
45653,0.0051897475
45654,0.8526608
45658,0.0015772562
45661,0.008738777
45670,0.06893223
45673,0.15731338
45685,0.08179209
45691,0.00018858463
45693,0.9943869
45694,0.946454
45696,0.9687404
45700,0.31802842
45703,0.98572195
45708,0.9943869
45711,0.08179209
45714,0.0019097788
45717,0.0027608671
45721,0.0017725392
45722,0.0011878167
45723,0.9613415
45726,0.007585784
45733,0.006510688
45735,0.0019260534
45737,0.0054914565
45743,0.04065981
45746,0.012220082
45749,0.98272187
45751,0.98947585
45752,0.9943869
45757,0.9755976
45759,0.0017725392
45764,0.008915491
45768,0.040487528
45781,0.68532646
45785,0.008915491
45798,0.9730453
45801,0.0013356558
45808,0.006834625
45814,0.0017891184
45815,0.97938216
45816,0.008915491
45825,0.97938216
45828,0.009700544
45831,0.0025683052
45832,0.0025683052
45834,0.11140559
45844,0.008915491
45847,0.99890935
45848,0.012220082
45853,0.005391357
45854,0.0054914565
45856,0.007882682
45861,0.98572195
45862,0.011739908
45871,0.946454
45882,0.0023495292
45891,0.011766127
45893,0.0037301993
45898,0.009700544
45901,0.9988852
45905,0.9943869
45908,0.005391357
45911,0.005391357
45919,0.012192876
45928,0.0027608671
45931,0.39862266
45934,0.007585784
45938,0.009700544
45940,0.9943869
45944,0.8098255
45950,0.97859406
45953,0.08253657
45954,0.08253657
45960,0.0025466175
45965,0.0017603867
45967,0.0027375577
45968,0.11518964
45976,0.085064985
45977,0.0030530815
45978,0.0017725392
45985,0.08179209
45986,0.97859406
45994,0.008915491
45997,0.0025683052
45999,0.087064154
46000,0.08253657
46001,0.0025683052
46006,0.007585784
46010,0.007895487
46011,0.99890935
46012,0.97938216
46016,0.9943869
46025,0.85291594
46027,0.008915491
46029,0.0057161534
46036,0.03782678
46041,0.012192876
46043,0.0004408163
46050,0.99805236
46053,0.07047591
46059,0.0012391927
46060,0.0004450682
46063,0.047139168
46070,0.0018306518
46071,0.96988004
46076,0.008915491
46078,0.011303512
46081,0.0054914565
46084,0.0010953033
46087,0.0054914565
46092,0.007585784
46093,0.00029706894
46096,0.00018718441
46105,0.0002989136
46110,0.9803535
46114,0.006834625
46116,0.9730453
46120,0.007882682
46121,0.97938216
46127,0.99890935
46132,0.0014052979
46136,0.008738777
46138,0.76381266
46140,0.0063078487
46142,0.007895487
46143,0.9730453
46145,0.03645669
46151,0.0002989136
46156,0.17660639
46160,0.011766127
46161,0.07047591
46172,0.0015118856
46186,0.0014052979
46187,0.005391357
46199,0.97776663
46201,0.0054914565
46205,0.0057161534
46210,0.88438606
46220,0.009095114
46222,0.0004408163
46227,0.0064036483
46231,0.0064036483
46237,0.85291594
46244,0.0054914565
46247,0.007741327
46250,0.008915491
46251,0.012220082
46252,0.007585784
46253,0.0057161534
46256,0.0051897475
46257,0.9730453
46259,0.9945326
46261,0.029718162
46263,0.08253657
46265,0.0054914565
46266,0.98572195
46270,0.0012419914
46273,0.0054914565
46277,0.97938216
46284,0.0010410085
46288,0.0023740218
46291,0.000573012
46304,0.04237643
46306,0.0009746589
46320,0.00029706894
46321,0.812726
46323,0.9755976
46327,0.045271073
46332,0.005627036
46336,0.9578168
46339,0.0067771617
46341,0.001104645
46342,0.0013153577
46343,0.98272187
46345,0.08253657
46349,0.9578168
46354,0.03782678
46356,0.0015907019
46363,0.012220082
46366,0.007585784
46367,0.00029214445
46369,0.0012419914
46373,0.9711275
46376,0.005921417
46381,0.9943869
46388,0.007585784
46389,0.0025466175
46390,0.9613415
46396,0.005071878
46400,0.012220082
46404,0.040487528
46408,0.9810044
46409,0.99890935
46410,0.0025683052
46411,0.012220082
46413,0.08253657
46416,0.0030741303
46419,0.97950304
46428,0.06560839
46432,0.99049115
46433,0.007882682
46434,0.03782678
46438,0.0013934174
46442,0.006510688
46443,0.006510688
46446,0.0057161534
46449,0.008915491
46456,0.8541287
46469,0.9943869
46473,0.0057161534
46474,0.0010953033
46483,0.0023740218
46486,0.007585784
46490,0.0012844531
46494,0.97776663
46495,0.039199963
46499,0.00029706894
46503,0.0025683052
46506,0.007882682
46518,0.007585784
46519,0.005921417
46526,0.08253657
46528,0.98508495
46533,0.0054914565
46540,0.0054914565
46543,0.0067771617
46548,0.9943869
46549,0.0010498866
46553,0.0025466175
46555,0.0025466175
46557,0.0010131501
46561,0.005921417
46567,0.009801603
46568,0.8186567
46571,0.0054914565
46580,0.008204403
46581,0.005921417
46582,0.00029706894
46592,0.10980627
46594,0.00051202066
46595,0.007895487
46597,0.9730453
46599,0.007895487
46602,0.006510688
46612,0.97938216
46623,0.008915491
46625,0.9988852
46630,0.01632463
46642,0.98572195
46645,0.008204403
46648,0.007585784
46659,0.0051897475
46662,0.006137708
46670,0.08560292
46671,0.008915491
46678,0.9711275
46681,0.9755976
46687,0.005391357
46688,0.0010953033
46689,0.92545295
46690,0.0027608671
46697,0.00029706894
46709,0.00050922687
46711,0.9943869
46717,0.0054914565
46718,0.007895487
46719,0.005391357
46720,0.0054914565
46722,0.005627036
46726,0.007882682
46729,0.0023334303
46731,0.0063078487
46732,0.0030530815
46750,0.96988004
46752,0.005391357
46754,0.008915491
46763,0.07195984
46774,0.008915491
46776,0.0025466175
46780,0.97776663
46784,0.0166352
46786,0.0016289179
46791,0.006363628
46793,0.85269266
46796,0.00051202066
46806,0.8835139
46820,0.99009657
46824,0.012220082
46826,0.08253657
46830,0.0063078487
46831,0.0025466175
46837,0.009700544
46840,0.9945326
46841,0.946454
46842,0.0057161534
46845,0.0010498866
46846,0.97938216
46852,0.0026020675
46855,0.012192876
46860,0.0023942434
46866,0.0019097788
46868,0.008915491
46871,0.03782678
46873,0.0025683052
46874,0.0166352
46882,0.9943869
46888,0.08253657
46893,0.007585784
46896,0.005391357
46898,0.08179209
46900,0.005391357
46907,0.0054914565
46908,0.99890935
46911,0.008915491
46912,0.0023334303
46914,0.9114744
46915,0.97950304
46916,0.001104645
46919,0.008915491
46921,0.012192876
46927,0.007585784
46932,0.012192876
46933,0.97776663
46934,0.98572195
46948,0.009801603
46952,0.9945326
46954,0.007585784
46956,0.0004450682
46963,0.0030530815
46964,0.97683495
46966,0.0054914565
46969,0.0025466175
46971,0.9943869
46973,0.010645246
46974,0.08253657
46980,0.001104645
46985,0.08253657
46987,0.19284585
46998,0.001104645
46999,0.005391357
47002,0.9755976
47003,0.946454
47006,0.007412488
47007,0.97938216
47013,0.08179209
47015,0.007895487
47017,0.009700544
47026,0.10980627
47032,0.00029706894
47033,0.0067771617
47035,0.007412488
47044,0.00018698837
47048,0.0054914565
47050,0.0014906703
47055,0.0054914565
47056,0.96988004
47062,0.011688998
47067,0.012192876
47070,0.0054914565
47072,0.0013934174
47075,0.0010410085
47076,0.9943869
47079,0.99195975
47080,0.0054914565
47084,0.0166352
47086,0.0023334303
47091,0.0010953033
47097,0.98272187
47100,0.016173588
47102,0.9945326
47103,0.855553
47106,0.81263715
47109,0.016283624
47113,0.9943869
47114,0.0051897475
47121,0.00029706894
47133,0.001104645
47137,0.0023740218
47138,0.0023334303
47139,0.7936612
47140,0.98572195
47143,0.9943869
47145,0.008915491
47147,0.43663505
47149,0.005921417
47150,0.08253657
47152,0.008915491
47155,0.99890935
47157,0.9578168
47164,0.946454
47169,0.98056465
47174,0.0017725392
47184,0.0010953033
47188,0.007585784
47189,0.0036427644
47192,0.99890935
47193,0.13508427
47194,0.0004408163
47196,0.0054914565
47210,0.0742403
47215,0.009700544
47218,0.9687404
47220,0.0054914565
47222,0.97938216
47227,0.012220082
47228,0.11518964
47233,0.81263715
47237,0.00051202066
47238,0.0004408163
47239,0.9755976
47240,0.15640186
47243,0.9711275
47250,0.11438565
47251,0.20311116
47252,0.0023334303
47253,0.08253657
47254,0.0010953033
47258,0.9943869
47260,0.006834625
47263,0.9730453
47264,0.0026020675
47269,0.99890935
47274,0.0025683052
47277,0.0004450682
47278,0.0051897475
47282,0.001104645
47286,0.002564381
47288,0.0051897475
47291,0.9943869
47292,0.0010498866
47296,0.007882682
47300,0.97776663
47304,0.0023334303
47306,0.0027537947
47307,0.00029706894
47309,0.012220082
47315,0.99890935
47316,0.992168
47324,0.0010498866
47325,0.008915491
47326,0.9943869
47327,0.9943869
47328,0.0054914565
47336,0.0023334303
47342,0.0054914565
47346,0.0054914565
47347,0.007585784
47351,0.005391357
47364,0.08179209
47365,0.009700544
47375,0.00029706894
47376,0.0054914565
47384,0.011938224
47390,0.0030741303
47395,0.98056465
47398,0.97938216
47411,0.97938216
47416,0.9687404
47417,0.006510688
47418,0.0063078487
47425,0.014790389
47434,0.007882682
47456,0.000573012
47457,0.9943869
47465,0.009700544
47466,0.9943869
47472,0.0012419914
47475,0.0015772562
47478,0.007585784
47479,0.0002989136
47487,0.97938216
47497,0.0057161534
47498,0.0010953033
47503,0.01741845
47509,0.0051897475
47516,0.007412488
47520,0.008915491
47524,0.8581069
47525,0.00050922687
47537,0.0057161534
47541,0.009700544
47550,0.9784611
47551,0.009700544
47555,0.017360479
47560,0.017360479
47563,0.0054914565
47565,0.0061644185
47571,0.96988004
47574,0.98572195
47583,0.007585784
47585,0.9896904
47590,0.012192876
47600,0.08953822
47608,0.765343
47611,0.005546289
47614,0.006137708
47615,0.008915491
47620,0.0166352
47627,0.9687404
47632,0.005391357
47633,0.005391357
47634,0.99890935
47636,0.0054914565
47637,0.007585784
47641,0.9945326
47654,0.001104645
47655,0.008915491
47662,0.0064430186
47663,0.0010410085
47667,0.17660639
47669,0.0023942434
47671,0.00029706894
47672,0.0025466175
47675,0.99890935
47676,0.012192876
47691,0.0017725392
47692,0.0015907019
47696,0.0009746589
47697,0.0017603867
47699,0.98572195
47706,0.9755976
47714,0.005391357
47715,0.008915491
47717,0.0009746589
47718,0.009700544
47720,0.007585784
47722,0.009700544
47737,0.9730453
47742,0.11518964
47744,0.005921417
47751,0.0010953033
47753,0.0054914565
47755,0.20311116
47758,0.0010410085
47760,0.9730453
47768,0.8817539
47773,0.9730453
47777,0.006834625
47785,0.012192876
47787,0.009852302
47790,0.0054914565
47801,0.000573012
47804,0.9945326
47809,0.0013153577
47811,0.0002989136
47814,0.9687404
47815,0.9943869
47823,0.0063078487
47828,0.0017725392
47831,0.00029706894
47839,0.0057161534
47840,0.0004408163
47853,0.008915491
47860,0.0054914565
47871,0.0054914565
47876,0.9945326
47877,0.11140559
47878,0.005921417
47886,0.08179209
47887,0.0010498866
47891,0.00029706894
47894,0.005391357
47899,0.001104645
47903,0.0025466175
47906,0.008915491
47914,0.0010953033
47915,0.0027537947
47916,0.00029706894
47920,0.008915491
47926,0.0004408163
47928,0.9730453
47929,0.001526529
47930,0.0054914565
47939,0.0013153577
47942,0.012192876
47945,0.04065981
47947,0.007882682
47949,0.005921417
47955,0.005391357
47956,0.0054914565
47962,0.00051202066
47974,0.007585784
47977,0.8672062
47978,0.0010410085
47996,0.08253657
47998,0.007412488
47999,0.15640186
48010,0.0054914565
48016,0.9945326
48017,0.0012419914
48018,0.11518964
48021,0.00018718441
48030,0.008204403
48033,0.005391357
48035,0.008915491
48041,0.001104645
48044,0.0010340397
48046,0.00017462124
48047,0.09273212
48050,0.9943869
48058,0.0166352
48065,0.007585784
48066,0.009700544
48075,0.0026020675
48081,0.008915491
48082,0.005921417
48090,0.08253657
48098,0.97938216
48104,0.005391357
48105,0.0004450682
48107,0.011766127
48110,0.9988348
48115,0.9810044
48119,0.0010498866
48120,0.000573012
48122,0.0054914565
48127,0.0054914565
48131,0.0025683052
48136,0.0010498866
48144,0.000573012
48147,0.98572195
48150,0.08253657
48152,0.82067186
48171,0.9943869
48174,0.008915491
48177,0.009700544
48181,0.016173588
48194,0.012220082
48199,0.9578168
48200,0.04752252
48203,0.0013934174
48205,0.03782678
48207,0.008915491
48210,0.11140559
48211,0.8474271
48219,0.03782678
48221,0.9943869
48223,0.08253657
48237,0.009700544
48240,0.007895487
48241,0.0025466175
48245,0.0054914565
48248,0.96988004
48253,0.0002989136
48259,0.00018757534
48260,0.97938216
48261,0.0054914565
48262,0.0054914565
48268,0.0027375577
48271,0.0019097788
48273,0.005391357
48274,0.007895487
48279,0.007585784
48286,0.08179209
48289,0.0010953033
48295,0.11140559
48301,0.007585784
48304,0.011609656
48306,0.002734933
48315,0.0017725392
48316,0.9945326
48319,0.0054914565
48320,0.011766127
48323,0.008915491
48334,0.9730453
48336,0.82938033
48341,0.9943869
48342,0.08253657
48350,0.008915491
48363,0.9945326
48370,0.007585784
48377,0.012192876
48384,0.0013243644
48397,0.9611762
48403,0.040487528
48405,0.97859406
48406,0.012220082
48413,0.9988852
48414,0.005627036
48417,0.0030530815
48423,0.007585784
48428,0.006510688
48431,0.97859406
48434,0.9730453
48437,0.0009746589
48438,0.11518964
48441,0.047139168
48447,0.0012419914
48450,0.00029706894
48458,0.97776663
48462,0.005921417
48464,0.08253657
48465,0.0017603867
48467,0.08253657
48469,0.005391357
48480,0.008915491
48481,0.0014052979
48485,0.0054914565
48494,0.012220082
48496,0.8491912
48514,0.63951206
48521,0.9613415
48524,0.0017603867
48526,0.012220082
48528,0.008915491
48538,0.005627036
48540,0.9844712
48545,0.00029706894
48551,0.94736594
48552,0.0054914565
48556,0.012192876
48558,0.0025466175
48563,0.0023334303
48564,0.008915491
48566,0.007585784
48575,0.007585784
48576,0.087064154
48577,0.97859406
48580,0.0166352
48584,0.012192876
48585,0.009700544
48588,0.11140559
48604,0.009965756
48610,0.0023334303
48615,0.000573012
48620,0.0051897475
48626,0.007585784
48627,0.011739908
48635,0.008915491
48639,0.0064036483
48643,0.9711275
48650,0.0004408163
48656,0.9943869
48658,0.11140559
48660,0.007585784
48662,0.08096825
48682,0.82406247
48684,0.0017603867
48688,0.008915491
48689,0.0015118856
48693,0.016886668
48694,0.97950304
48695,0.0010498866
48699,0.9945326
48700,0.016173588
48715,0.39862266
48728,0.005921417
48735,0.0025683052
48736,0.005391357
48742,0.0013153577
48743,0.0019097788
48745,0.012192876
48746,0.9943869
48748,0.0010953033
48757,0.0017725392
48759,0.009700544
48772,0.0063078487
48777,0.011766127
48787,0.97967774
48788,0.08253657
48795,0.012192876
48798,0.012220082
48799,0.007585784
48807,0.040487528
48810,0.00059861597
48811,0.0054914565
48812,0.9945326
48816,0.9945326
48819,0.007585784
48823,0.0054914565
48829,0.012220082
48831,0.9903278
48833,0.97938216
48842,0.007585784
48844,0.009700544
48849,0.11518964
48851,0.005391357
48855,0.0017725392
48856,0.006555418
48859,0.005391357
48863,0.9730453
48871,0.9613415
48872,0.0010263313
48873,0.0067771617
48874,0.0015907019
48876,0.11140559
48877,0.0017603867
48878,0.97859406
48879,0.11140559
48882,0.0027375577
48887,0.9943869
48890,0.0023942434
48895,0.087064154
48897,0.007585784
48899,0.012220082
48904,0.9613415
48910,0.011659807
48912,0.9943869
48915,0.0054914565
48919,0.89210016
48922,0.007882682
48925,0.89210016
48926,0.9897512
48928,0.005921417
48929,0.005391357
48932,0.007585784
48943,0.0017603867
48951,0.11518964
48957,0.001526529
48960,0.9578168
48961,0.0017725392
48977,0.00059861597
48979,0.008915491
48981,0.0012844531
48982,0.0012391927
48986,0.97776663
48996,0.02394888
49007,0.0004450682
49008,0.012192876
49009,0.008915491
49011,0.005391357
49014,0.007882682
49015,0.009700544
49024,0.01632463
49025,0.031098463
49026,0.00029706894
49027,0.009801603
49033,0.9943869
49043,0.007895487
49046,0.95624125
49061,0.005391357
49063,0.011609656
49065,0.011659807
49068,0.85291594
49073,0.002734933
49075,0.0023740218
49082,0.08179209
49083,0.98572195
49087,0.0054914565
49089,0.005921417
49093,0.008915491
49099,0.99890935
49105,0.0054914565
49112,0.92254364
49113,0.9342636
49126,0.97776663
49131,0.8541287
49136,0.0017603867
49140,0.005391357
49146,0.11518964
49147,0.0012844531
49151,0.95989203
49156,0.04065981
49160,0.0017725392
49162,0.0009746589
49168,0.9613415
49169,0.007585784
49175,0.007585784
49176,0.0054914565
49181,0.0057161534
49182,0.007895487
49186,0.0017603867
49194,0.11140559
49200,0.00029706894
49209,0.005391357
49210,0.0051897475
49211,0.084099986
49215,0.009700544
49222,0.0166352
49230,0.9945326
49234,0.9943869
49240,0.9943869
49242,0.9943869
49245,0.0054914565
49246,0.016173588
49247,0.0025683052
49256,0.0064430186
49259,0.0054914565
49268,0.0014052979
49272,0.029718162
49279,0.0166352
49280,0.9945326
49281,0.99890935
49282,0.0054914565
49284,0.0017725392
49285,0.006510688
49289,0.008915491
49293,0.0027375577
49294,0.001526529
49296,0.0054914565
49298,0.012192876
49300,0.0067771617
49303,0.0004408163
49306,0.0017603867
49307,0.007412488
49308,0.0054914565
49310,0.98572195
49311,0.012192876
49314,0.8244107
49321,0.0027375577
49322,0.0054914565
49324,0.008738777
49326,0.8672062
49336,0.009700544
49338,0.0004408163
49347,0.000573012
49350,0.0027375577
49351,0.0012419914
49352,0.97681046
49353,0.024132876
49355,0.08179209
49369,0.008915491
49372,0.9945326
49379,0.011303512
49383,0.9943869
49385,0.006510688
49387,0.087064154
49392,0.007585784
49393,0.08253657
49396,0.00029706894
49401,0.8037468
49404,0.008915491
49405,0.0015118856
49412,0.85291594
49419,0.97776663
49421,0.007895487
49422,0.002564381
49424,0.007882682
49426,0.007895487
49428,0.10980627
49431,0.009700544
49433,0.007585784
49439,0.007895487
49440,0.9156015
49441,0.0010953033
49443,0.9943869
49448,0.0054914565
49450,0.0018151832
49454,0.0023942434
49466,0.0010953033
49467,0.007882682
49468,0.005921417
49482,0.047139168
49483,0.99890935
49484,0.008915491
49488,0.84809923
49489,0.0026645584
49493,0.9943869
49495,0.0015907019
49501,0.0010131501
49505,0.007882682
49506,0.21678838
49507,0.99890935
49508,0.0014052979
49511,0.0064036483
49523,0.0002989136
49525,0.007585784
49526,0.08179209
49527,0.009700544
49528,0.11518964
49529,0.8541287
49530,0.98572195
49534,0.007585784
49535,0.007895487
49538,0.0057161534
49543,0.0004408163
49545,0.007895487
49546,0.005921417
49548,0.005391357
49550,0.012220082
49552,0.76381266
49553,0.005921417
49559,0.91451764
49563,0.0054914565
49564,0.0023942434
49566,0.000573012
49578,0.08253657
49579,0.008204403
49586,0.005627036
49589,0.00051202066
49597,0.00029706894
49598,0.98272187
49607,0.0012419914
49617,0.90556467
49623,0.0010953033
49624,0.9810044
49626,0.0063078487
49628,0.0025466175
49632,0.029718162
49634,0.81486064
49635,0.0054914565
49638,0.99890935
49640,0.007895487
49641,0.0004408163
49644,0.0063078487
49645,0.0048809475
49652,0.0012497588
49653,0.009095114
49659,0.0019914724
49661,0.0010953033
49663,0.9943869
49666,0.97914463
49668,0.005627036
49670,0.9613415
49674,0.96988004
49682,0.0054914565
49683,0.0019097788
49685,0.946454
49686,0.10980627
49691,0.9945326
49693,0.041240726
49695,0.0014052979
49701,0.0025683052
49702,0.9730453
49703,0.0004408163
49704,0.00029706894
49708,0.0054914565
49709,0.006510688
49711,0.005391357
49714,0.012220082
49718,0.98572195
49721,0.0013934174
49722,0.08953822
49730,0.11518964
49732,0.97681046
49734,0.00029214445
49738,0.0054914565
49739,0.0025466175
49741,0.11140559
49742,0.0054914565
49743,0.9945326
49750,0.039199963
49751,0.9945326
49752,0.008915491
49759,0.00029706894
49760,0.012192876
49761,0.11140559
49766,0.005921417
49768,0.0010953033
49774,0.9730453
49777,0.9945326
49780,0.99005264
49789,0.00050922687
49795,0.21678838
49797,0.43663505
49798,0.00017462124
49802,0.0023740218
49805,0.011303512
49809,0.012220082
49811,0.008915491
49822,0.008915491
49825,0.9001699
49831,0.0027608671
49838,0.08253657
49839,0.0015772562
49843,0.014790389
49847,0.0017603867
49848,0.08253657
49850,0.016283624
49855,0.08253657
49856,0.087064154
49858,0.006834625
49859,0.005921417
49862,0.0017603867
49863,0.017360479
49864,0.0019260534
49865,0.9988852
49866,0.99195975
49867,0.9945326
49871,0.009700544
49873,0.008915491
49875,0.0025466175
49879,0.97776663
49882,0.946454
49885,0.9943869
49890,0.012220082
49896,0.13285466
49898,0.0025466175
49900,0.0013934174
49903,0.012220082
49906,0.005391357
49907,0.9943869
49908,0.39862266
49909,0.007895487
49911,0.0054914565
49915,0.005546289
49923,0.0026242237
49931,0.0018151832
49932,0.03782678
49937,0.0023942434
49940,0.0025466175
49946,0.0051897475
49947,0.81486064
49950,0.97681046
49961,0.9943869
49962,0.0054914565
49968,0.9943869
49971,0.0054914565
49973,0.0023740218
49980,0.98923826
49981,0.97938216
49989,0.0057161534
49991,0.9943869
49993,0.011739908
49994,0.012192876
49998,0.04490503
50000,0.007895487
50008,0.9613415
50010,0.007895487
50011,0.97859406
50012,0.97938216
50013,0.0004408163
50015,0.11140559
50016,0.0064430186
50021,0.008204403
50026,0.009801603
50027,0.9943869
50028,0.011303512
50031,0.8509398
50054,0.041240726
50058,0.0002989136
50062,0.11140559
50063,0.0019914724
50065,0.008915491
50069,0.0048809475
50070,0.007585784
50082,0.0009746589
50084,0.97859406
50086,0.0054914565
50087,0.95989203
50091,0.0010953033
50097,0.007585784
50099,0.9943869
50109,0.0027375577
50111,0.04752252
50114,0.0010410085
50118,0.0067771617
50119,0.0012844531
50122,0.0026645584
50123,0.007585784
50130,0.0030530815
50136,0.005391357
50142,0.0067771617
50144,0.9945326
50147,0.98572195
50156,0.9943869
50159,0.008204403
50161,0.008204403
50168,0.88438606
50169,0.0015907019
50170,0.0026020675
50174,0.040487528
50179,0.005391357
50187,0.9730453
50188,0.97938216
50189,0.001104645
50191,0.007585784
50196,0.0012391927
50199,0.007585784
50203,0.0026242237
50206,0.9730453
50207,0.9810044
50209,0.98572195
50211,0.0025466175
50215,0.012220082
50218,0.0012419914
50223,0.99890935
50225,0.9943869
50231,0.0018306518
50232,0.08253657
50237,0.002564381
50238,0.0002989136
50242,0.005391357
50243,0.007585784
50245,0.00029706894
50262,0.0013934174
50263,0.0064976667
50268,0.005391357
50269,0.0023334303
50271,0.13285466
50272,0.005391357
50280,0.0023334303
50283,0.0025466175
50286,0.011766127
50291,0.012192876
50293,0.085064985
50296,0.11518964
50301,0.008738777
50302,0.9945326
50303,0.00050922687
50304,0.9943869
50306,0.016173588
50314,0.9711275
50322,0.9943869
50323,0.68532646
50324,0.08179209
50327,0.005391357
50331,0.007585784
50338,0.012220082
50339,0.9943869
50343,0.9943869
50344,0.0010498866
50345,0.007882682
50359,0.007895487
50370,0.0054914565
50374,0.008915491
50379,0.03782678
50382,0.0054914565
50388,0.007882682
50389,0.0017725392
50392,0.99195975
50395,0.0054914565
50398,0.005391357
50404,0.00029706894
50407,0.009700544
50408,0.97776663
50413,0.0054914565
50423,0.007585784
50424,0.012220082
50428,0.005391357
50432,0.0051897475
50443,0.008915491
50444,0.0012419914
50446,0.89210016
50447,0.10980627
50448,0.00029706894
50451,0.0010410085
50467,0.0012399772
50468,0.18620667
50469,0.008204403
50470,0.9810044
50474,0.0057161534
50475,0.008915491
50477,0.0166352
50481,0.98572195
50482,0.85291594
50484,0.0014052979
50488,0.0057161534
50496,0.008738777
50497,0.0030530815
50499,0.007895487
50503,0.011659807
50513,0.0054914565
50518,0.00029706894
50519,0.9943869
50522,0.0057161534
50532,0.016173588
50533,0.06416396
50538,0.012220082
50541,0.9945326
50543,0.0010410085
50545,0.9945326
50548,0.0054914565
50549,0.012220082
50554,0.008204403
50555,0.009700544
50562,0.007585784
50575,0.9914534
50576,0.9988852
50581,0.039199963
50584,0.007882682
50587,0.006510688
50590,0.19284585
50601,0.005391357
50604,0.039199963
50608,0.008915491
50609,0.008915491
50610,0.006510688
50615,0.0011878167
50616,0.0010953033
50622,0.0009746589
50626,0.007585784
50630,0.9715737
50642,0.0057161534
50644,0.95989203
50665,0.9980508
50668,0.002564381
50672,0.9945326
50677,0.0009746589
50679,0.0054914565
50680,0.005921417
50681,0.0051897475
50682,0.96988004
50688,0.0166352
50692,0.07195984
50693,0.002564381
50696,0.9730453
50697,0.0166352
50698,0.0014414012
50702,0.0017603867
50713,0.765343
50718,0.0025466175
50720,0.007882682
50721,0.005921417
50726,0.001104645
50734,0.042192385
50736,0.0010953033
50737,0.98572195
50738,0.0027537947
50753,0.012192876
50754,0.8474271
50756,0.8835139
50759,0.016262198
50771,0.008915491
50772,0.006834625
50774,0.0054914565
50775,0.011303512
50783,0.9711275
50785,0.9810044
50787,0.007585784
50793,0.9916277
50794,0.0067771617
50795,0.007895487
50799,0.011659807
50800,0.8509398
50802,0.0037301993
50804,0.007882682
50811,0.0017603867
50812,0.0030741303
50818,0.0017603867
50819,0.946454
50823,0.017526275
50825,0.9943869
50826,0.008915491
50829,0.007895487
50831,0.98572195
50832,0.8927528
50833,0.0004408163
50840,0.11518964
50850,0.98572195
50859,0.97938216
50860,0.9687404
50870,0.017526275
50874,0.007585784
50875,0.0054914565
50877,0.0064976667
50878,0.008915491
50880,0.09627604
50882,0.9755976
50898,0.0051897475
50901,0.0023334303
50902,0.009700544
50910,0.005921417
50911,0.005391357
50912,0.012192876
50916,0.15640186
50917,0.0025466175
50921,0.04752252
50925,0.009700544
50929,0.6808016
50930,0.008915491
50938,0.005391357
50944,0.0019260534
50945,0.007895487
50949,0.006834625
50950,0.008915491
50957,0.008915491
50965,0.13285466
50966,0.00029706894
50969,0.0023334303
50972,0.0064430186
50973,0.0023942434
50975,0.0054914565
50977,0.008204403
50982,0.007585784
50987,0.06461905
50989,0.009700544
51001,0.0013243644
51006,0.0017725392
51007,0.0025466175
51010,0.11518964
51011,0.9613415
51012,0.084116235
51020,0.0019260534
51022,0.0019097788
51023,0.0010410085
51026,0.0017603867
51028,0.9730453
51030,0.0017603867
51042,0.98572195
51046,0.0002989136
51053,0.0004450682
51057,0.9943869
51059,0.007585784
51064,0.0030530815
51069,0.007585784
51076,0.11518964
51082,0.012192876
51086,0.0054914565
51089,0.007895487
51100,0.82603025
51104,0.18620667
51105,0.13788998
51112,0.007882682
51124,0.008204403
51128,0.00029706894
51129,0.0002989136
51135,0.11140559
51138,0.21678838
51142,0.005391357
51144,0.0017725392
51149,0.0025466175
51160,0.98508495
51161,0.0054914565
51168,0.0012419914
51172,0.08179209
51174,0.012192876
51175,0.9613415
51185,0.0014052979
51189,0.007585784
51194,0.0004408163
51196,0.97914463
51197,0.001104645
51200,0.0030530815
51205,0.0012419914
51209,0.007585784
51210,0.0011027167
51211,0.039199963
51216,0.006137708
51230,0.017273542
51231,0.08560292
51239,0.9945326
51241,0.016283624
51245,0.005391357
51250,0.011739908
51254,0.85269266
51256,0.040487528
51261,0.012192876
51264,0.0051897475
51268,0.0051897475
51270,0.0054914565
51271,0.011659807
51275,0.0023942434
51277,0.7450826
51281,0.012192876
51316,0.08179209
51318,0.039199963
51323,0.08253657
51327,0.011739908
51330,0.9687404
51333,0.0002989136
51334,0.0025466175
51335,0.00050922687
51342,0.007412488
51345,0.005921417
51349,0.97938216
51350,0.084099986
51354,0.005391357
51358,0.03782678
51359,0.005627036
51361,0.012192876
51373,0.9945326
51382,0.95624125
51388,0.008915491
51389,0.0023495292
51390,0.97938216
51392,0.9745506
51393,0.0057161534
51396,0.000573012
51398,0.9943869
51399,0.008915491
51402,0.43663505
51410,0.9943869
51411,0.012192876
51414,0.0013243644
51415,0.08179209
51418,0.0012419914
51435,0.0054914565
51450,0.9988852
51452,0.0013243644
51453,0.0054914565
51457,0.002734933
51458,0.0014052979
51459,0.8049218
51461,0.9945326
51462,0.0017603867
51464,0.0057161534
51465,0.98572195
51475,0.007895487
51481,0.946454
51483,0.9001699
51485,0.9945326
51492,0.008915491
51497,0.10980627
51511,0.007585784
51512,0.087064154
51514,0.08531508
51517,0.005627036
51518,0.008915491
51521,0.0025466175
51523,0.007882682
51525,0.97938216
51529,0.012220082
51531,0.0054914565
51533,0.0004408163
51539,0.7913508
51541,0.012220082
51542,0.9578168
51543,0.0025466175
51544,0.0026482164
51547,0.0009746589
51551,0.006834625
51556,0.0023495292
51559,0.0054914565
51562,0.008915491
51563,0.0166352
51565,0.012220082
51570,0.009700544
51577,0.9711275
51579,0.0010953033
51580,0.006510688
51586,0.90556467
51593,0.97776663
51594,0.0010953033
51596,0.007585784
51601,0.0012419914
51603,0.9730453
51609,0.009700544
51612,0.00029706894
51614,0.9943869
51615,0.08253657
51618,0.9943869
51623,0.8037468
51630,0.0054914565
51632,0.0063078487
51634,0.00029214445
51636,0.0019260534
51640,0.95624125
51641,0.9945326
51647,0.9943869
51650,0.9711275
51652,0.0057161534
51654,0.000573012
51657,0.0057161534
51666,0.002734933
51667,0.007585784
51673,0.0025683052
51676,0.98572195
51677,0.08253657
51680,0.009801603
51683,0.008915491
51686,0.0019097788
51691,0.0054914565
51694,0.005391357
51706,0.9945326
51707,0.0054914565
51710,0.99890935
51715,0.9730453
51722,0.0017891184
51727,0.007585784
51738,0.0013153577
51741,0.9943869
51742,0.008915491
51753,0.016173588
51754,0.0004450682
51758,0.085064985
51759,0.9730453
51772,0.0010953033
51773,0.007585784
51782,0.9943869
51798,0.0009746589
51801,0.0064976667
51807,0.9755976
51814,0.930262
51818,0.08953822
51820,0.006510688
51825,0.0054914565
51828,0.012192876
51829,0.008915491
51834,0.9897552
51836,0.76381266
51840,0.9914534
51847,0.9945326
51851,0.0025466175
51856,0.03645669
51857,0.0004408163
51859,0.0051897475
51861,0.009801603
51865,0.0025466175
51874,0.99890935
51879,0.0025466175
51883,0.9945326
51884,0.04752252
51888,0.00029706894
51891,0.98508495
51913,0.7931771
51914,0.00029706894
51917,0.007895487
51919,0.9988348
51920,0.96988004
51943,0.0057161534
51944,0.8519362
51946,0.03645669
51955,0.0002989136
51961,0.11140559
51963,0.087064154
51965,0.009965756
51966,0.008915491
51970,0.001104645
51972,0.0017603867
51985,0.001104645
51987,0.0025466175
51990,0.006834625
51996,0.016886668
52002,0.11140559
52005,0.0057161534
52007,0.8491912
52012,0.08253657
52016,0.9943869
52025,0.0051897475
52027,0.0010953033
52029,0.97776663
52032,0.00029706894
52034,0.9711275
52040,0.97859406
52041,0.005391357
52042,0.009700544
52044,0.008738777
52049,0.011739908
52053,0.0027608671
52056,0.008915491
52059,0.008915491
52061,0.012192876
52067,0.0010498866
52073,0.005627036
52079,0.0012419914
52080,0.0025466175
52083,0.007895487
52090,0.0054914565
52101,0.0012844531
52103,0.00029706894
52104,0.0017725392
52117,0.0016289179
52122,0.007895487
52123,0.03645669
52128,0.00029706894
52129,0.009700544
52131,0.002564381
52136,0.007585784
52137,0.0023740218
52139,0.96988004
52141,0.007882682
52150,0.0019097788
52159,0.008915491
52162,0.0054914565
52163,0.011659807
52165,0.0023740218
52168,0.98572195
52170,0.007882682
52173,0.009801603
52177,0.007585784
52178,0.0025683052
52182,0.011739908
52195,0.0027375577
52197,0.001104645
52200,0.007882682
52206,0.007585784
52210,0.9885627
52211,0.9896966
52218,0.0002989136
52223,0.0027537947
52229,0.0017603867
52235,0.03782678
52238,0.0054914565
52239,0.007895487
52240,0.0051897475
52241,0.006510688
52247,0.042192385
52248,0.9943869
52261,0.005921417
52262,0.09627604
52263,0.9730453
52265,0.99890935
52269,0.90556467
52270,0.00059861597
52272,0.00029706894
52277,0.97938216
52279,0.012192876
52281,0.43835506
52285,0.0064036483
52293,0.0010498866
52296,0.0010953033
52303,0.0027375577
52317,0.9943869
52318,0.005921417
52320,0.008915491
52321,0.99890935
52328,0.0020052171
52330,0.0004408163
52334,0.009700544
52347,0.94736594
52348,0.0057161534
52351,0.0004408163
52352,0.0026020675
52355,0.008915491
52359,0.0010953033
52360,0.0017603867
52363,0.012192876
52370,0.0057161534
52371,0.99890935
52383,0.004633185
52386,0.00051202066
52394,0.9645805
52398,0.008915491
52399,0.007585784
52400,0.00029706894
52406,0.005391357
52410,0.0025683052
52411,0.9342636
52415,0.0025683052
52418,0.0025683052
52419,0.007895487
52422,0.005391357
52425,0.042192385
52428,0.009095114
52429,0.8838407
52433,0.02394888
52434,0.007585784
52439,0.0019914724
52453,0.98958534
52456,0.012220082
52466,0.012220082
52479,0.007585784
52482,0.007412488
52483,0.0057161534
52489,0.0051897475
52490,0.0004450682
52498,0.0064976667
52509,0.005391357
52511,0.9943869
52512,0.012220082
52516,0.98272187
52518,0.00051202066
52529,0.006510688
52530,0.21678838
52532,0.0054914565
52533,0.9943869
52541,0.012220082
52544,0.98572195
52551,0.009801603
52557,0.0054914565
52559,0.9810044
52563,0.0030741303
52570,0.0010410085
52572,0.0037301993
52573,0.08179209
52576,0.007585784
52583,0.97938216
52584,0.97776663
52590,0.008915491
52593,0.0057161534
52594,0.007895487
52598,0.9943869
52600,0.0010953033
52601,0.11140559
52603,0.016173588
52606,0.68876815
52610,0.087064154
52621,0.011659807
52622,0.84619
52626,0.96988004
52628,0.9687404
52635,0.8838407
52639,0.0013153577
52640,0.008915491
52644,0.005546289
52653,0.946454
52661,0.005071878
52668,0.005391357
52669,0.009700544
52672,0.006613519
52682,0.007895487
52683,0.0012844531
52686,0.97776663
52689,0.0013934174
52691,0.08253657
52698,0.9902293
52699,0.042192385
52710,0.006834625
52712,0.012220082
52719,0.10980627
52722,0.0025466175
52728,0.0002989136
52735,0.008204403
52736,0.0017725392
52738,0.006613519
52741,0.0025466175
52775,0.0012419914
52780,0.0010131501
52789,0.0018151832
52793,0.0057161534
52794,0.0067771617
52795,0.009700544
52796,0.008915491
52798,0.97938216
52817,0.98572195
52825,0.006834625
52832,0.9784611
52833,0.005627036
52835,0.005921417
52836,0.8147041
52843,0.0057161534
52847,0.0004408163
52853,0.97938216
52854,0.0010953033
52865,0.012192876
52870,0.98913145
52877,0.005391357
52879,0.0064036483
52886,0.0057161534
52887,0.0004408163
52890,0.97938216
52893,0.0025683052
52894,0.0025466175
52895,0.012220082
52899,0.9943869
52908,0.008915491
52909,0.016173588
52910,0.007895487
52912,0.0054914565
52926,0.18620667
52936,0.98508495
52938,0.0051897475
52944,0.0054914565
52948,0.0012391927
52949,0.0004408163
52950,0.92575645
52954,0.007585784
52955,0.0051897475
52958,0.0014991066
52959,0.0054914565
52960,0.007585784
52962,0.006555418
52965,0.004633185
52966,0.0054914565
52969,0.9730453
52971,0.84947807
52972,0.005627036
52975,0.0010498866
52978,0.008915491
52981,0.0009746589
52984,0.005391357
52992,0.9887938
52994,0.0023942434
52995,0.005921417
52999,0.946454
53007,0.0012419914
53008,0.11140559
53012,0.012192876
53017,0.9730453
53020,0.007585784
53025,0.009700544
53027,0.0013243644
53029,0.9755976
53030,0.0025683052
53037,0.9943869
53041,0.9943869
53046,0.08075265
53053,0.0054914565
53056,0.0027537947
53061,0.0051897475
53065,0.94736594
53067,0.007895487
53074,0.11140559
53075,0.9578168
53079,0.005627036
53080,0.9755976
53085,0.007585784
53086,0.007585784
53087,0.0027537947
53094,0.8672062
53104,0.11518964
53107,0.007585784
53113,0.43663505
53114,0.0026242237
53117,0.039199963
53124,0.0027375577
53127,0.0054914565
53129,0.005391357
53130,0.0054914565
53134,0.0015907019
53135,0.0004408163
53136,0.0012419914
53139,0.005921417
53140,0.007882682
53142,0.99890935
53144,0.0004450682
53145,0.9943869
53146,0.0017891184
53150,0.0054914565
53154,0.98572195
53155,0.0004408163
53164,0.002734933
53165,0.946454
53166,0.9943869
53168,0.0002989136
53169,0.9945326
53173,0.97938216
53174,0.007882682
53178,0.20311116
53182,0.94736594
53185,0.9730453
53188,0.8098255
53190,0.005391357
53192,0.0166352
53194,0.07620151
53198,0.011766127
53200,0.19284585
53201,0.001104645
53217,0.007585784
53219,0.0004408163
53221,0.005391357
53228,0.98272187
53231,0.001104645
53235,0.0004408163
53237,0.0017603867
53244,0.7928329
53250,0.0057161534
53252,0.0025683052
53254,0.007882682
53256,0.0010953033
53265,0.012192876
53273,0.0010498866
53274,0.9711275
53275,0.07047591
53281,0.97938216
53286,0.008915491
53290,0.008915491
53293,0.0014906703
53294,0.007585784
53315,0.005391357
53321,0.11140559
53322,0.0010953033
53324,0.9945326
53326,0.007412488
53329,0.0004408163
53332,0.0025466175
53334,0.0057161534
53336,0.012220082
53341,0.0063078487
53342,0.84947807
53343,0.0057161534
53344,0.0057161534
53345,0.0010953033
53352,0.0057161534
53355,0.0014052979
53356,0.008915491
53366,0.007882682
53380,0.08075265
53381,0.0013356558
53386,0.005391357
53387,0.9988852
53388,0.012192876
53392,0.946454
53393,0.84365386
53397,0.0016289179
53400,0.0019097788
53402,0.9943869
53407,0.005391357
53408,0.0004408163
53411,0.0054914565
53413,0.99890935
53421,0.0067771617
53424,0.0019914724
53427,0.9943869
53428,0.002734933
53430,0.0004408163
53433,0.016262198
53440,0.012192876
53447,0.94736594
53451,0.0020052171
53458,0.006834625
53460,0.9988852
53461,0.0051897475
53466,0.0002989136
53469,0.9945326
53471,0.0017725392
53472,0.9943869
53474,0.0166352
53475,0.00029214445
53476,0.03782678
53485,0.0019260534
53486,0.08253657
53487,0.012220082
53491,0.0054914565
53495,0.9613415
53497,0.008915491
53499,0.96988004
53500,0.011303512
53501,0.08179209
53506,0.008915491
53515,0.008915491
53519,0.9988348
53522,0.9730453
53526,0.005627036
53534,0.007585784
53536,0.8039765
53540,0.006834625
53541,0.9730453
53545,0.016173588
53547,0.0012419914
53552,0.012220082
53556,0.0054914565
53561,0.0166352
53565,0.98508495
53566,0.006510688
53569,0.011766127
53573,0.98572195
53575,0.97681046
53582,0.011739908
53589,0.012220082
53592,0.9945326
53595,0.0057161534
53600,0.9943869
53601,0.9711275
53602,0.9945326
53603,0.9943869
53604,0.99890935
53616,0.9943869
53627,0.0025466175
53628,0.9810044
53632,0.03782678
53641,0.005391357
53644,0.012192876
53662,0.0002989136
53666,0.9943869
53675,0.005627036
53676,0.0017725392
53682,0.96988004
53686,0.008915491
53690,0.0023740218
53692,0.087064154
53704,0.0054914565
53707,0.97938216
53710,0.0025683052
53716,0.087064154
53717,0.9945326
53718,0.0054914565
53723,0.9943869
53724,0.96988004
53727,0.008915491
53730,0.042192385
53732,0.0023495292
53739,0.97776663
53749,0.005921417
53752,0.0004408163
53753,0.98508495
53765,0.007895487
53770,0.90556467
53774,0.8009081
53776,0.0054914565
53779,0.9943869
53780,0.012220082
53781,0.9943869
53788,0.0012419914
53789,0.13788998
53798,0.005391357
53806,0.0012419914
53807,0.0017603867
53808,0.0010953033
53809,0.0013243644
53811,0.016283624
53812,0.007895487
53813,0.0017725392
53820,0.0054914565
53822,0.005391357
53828,0.0054914565
53837,0.0036427644
53839,0.0023942434
53840,0.008915491
53848,0.00029214445
53862,0.9943869
53869,0.011739908
53871,0.0054914565
53875,0.0027608671
53881,0.0012844531
53882,0.0051897475
53883,0.9943869
53896,0.00059861597
53903,0.43663505
53904,0.98572195
53906,0.0057161534
53908,0.85291594
53917,0.005921417
53921,0.0010953033
53923,0.0015907019
53926,0.04490503
53934,0.042192385
53938,0.007585784
53948,0.76381266
53950,0.0023942434
53953,0.9613415
53956,0.007882682
53957,0.8058049
53962,0.005921417
53966,0.9988852
53967,0.9943869
53969,0.007585784
53973,0.97776663
53975,0.007412488
53994,0.0010498866
53997,0.9687404
53998,0.005391357
54005,0.9945326
54009,0.946454
54012,0.946454
54017,0.0010953033
54025,0.11518964
54029,0.9300587
54030,0.008915491
54031,0.08179209
54032,0.011659807
54039,0.007882682
54045,0.0011878167
54049,0.9687404
54056,0.9730453
54057,0.016173588
54060,0.006510688
54069,0.0051897475
54080,0.0017603867
54082,0.0054914565
54084,0.007882682
54085,0.0054914565
54088,0.98572195
54092,0.0057161534
54096,0.9755976
54099,0.007585784
54103,0.0027608671
54107,0.002734933
54111,0.8098255
54119,0.0054914565
54120,0.012192876
54126,0.008915491
54137,0.9988852
54139,0.8543968
54145,0.005391357
54147,0.0010498866
54148,0.011766127
54149,0.001104645
54153,0.008915491
54156,0.007585784
54157,0.008915491
54159,0.0010953033
54163,0.005391357
54169,0.946454
54172,0.029718162
54179,0.0013356558
54190,0.8543968
54192,0.0054914565
54195,0.0051897475
54199,0.97776663
54201,0.9914534
54202,0.9945326
54205,0.9730453
54208,0.9687404
54231,0.19284585
54232,0.9943869
54233,0.0057161534
54234,0.0010953033
54238,0.008204403
54241,0.0023942434
54245,0.0054914565
54247,0.009095114
54259,0.00029706894
54260,0.97938216
54261,0.00029706894
54263,0.0013356558
54264,0.0012391927
54266,0.0064976667
54270,0.016173588
54274,0.001104645
54278,0.012220082
54279,0.0014414012
54282,0.016283624
54285,0.98572195
54286,0.9943869
54287,0.000573012
54291,0.0010498866
54292,0.9730453
54293,0.9945326
54297,0.008915491
54300,0.930262
54301,0.006510688
54304,0.97776663
54305,0.005921417
54308,0.011739908
54316,0.20311116
54319,0.0010410085
54320,0.084116235
54325,0.0054914565
54326,0.85291594
54331,0.007585784
54332,0.0015772562
54334,0.0023495292
54337,0.007895487
54339,0.007585784
54340,0.007585784
54346,0.9943869
54352,0.0023740218
54354,0.97938216
54364,0.0017603867
54365,0.017360479
54372,0.0036427644
54378,0.001104645
54381,0.0166352
54385,0.88438606
54393,0.087064154
54397,0.011766127
54399,0.0023495292
54404,0.0017603867
54422,0.005921417
54427,0.0054914565
54429,0.97868824
54432,0.9945326
54440,0.0054914565
54442,0.98508495
54444,0.9943869
54445,0.006510688
54446,0.0018151832
54448,0.9929893
54449,0.00029706894
54450,0.001104645
54452,0.008915491
54456,0.0023334303
54460,0.9943869
54461,0.009700544
54462,0.00029706894
54464,0.98572195
54468,0.0051897475
54469,0.99890935
54470,0.017273542
54485,0.08253657
54487,0.005921417
54496,0.0037301993
54497,0.007585784
54524,0.008915491
54526,0.0054914565
54529,0.0027608671
54532,0.005391357
54533,0.9755976
54534,0.006834625
54545,0.0054914565
54546,0.008915491
54551,0.0017603867
54568,0.0054914565
54569,0.00029706894
54572,0.0063078487
54573,0.0051897475
54580,0.97776663
54592,0.001104645
54594,0.007585784
54599,0.0054914565
54600,0.8019817
54602,0.8306396
54604,0.007585784
54606,0.94736594
54610,0.9943869
54611,0.007585784
54613,0.0017725392
54615,0.008915491
54622,0.0030530815
54627,0.007585784
54629,0.007585784
54630,0.9945326
54632,0.0023942434
54634,0.0054914565
54637,0.08253657
54638,0.0010410085
54639,0.03782678
54647,0.0054914565
54648,0.930262
54652,0.9711275
54657,0.11326046
54661,0.9755976
54669,0.0012497588
54673,0.0051897475
54681,0.10980627
54684,0.0054914565
54695,0.012192876
54705,0.99890935
54706,0.9156015
54720,0.9943869
54721,0.0016289179
54727,0.0023334303
54731,0.005921417
54733,0.0025466175
54739,0.0051897475
54741,0.008915491
54747,0.9945326
54750,0.13508427
54751,0.99890935
54752,0.0026020675
54756,0.005627036
54757,0.016173588
54762,0.99890935
54767,0.012220082
54772,0.008915491
54773,0.007585784
54774,0.98572195
54779,0.007585784
54780,0.97868824
54787,0.0054914565
54796,0.0023740218
54797,0.17660639
54807,0.0010498866
54813,0.0067771617
54815,0.9945326
54818,0.0017725392
54820,0.9943869
54834,0.007412488
54835,0.0002989136
54842,0.00029706894
54846,0.007882682
54850,0.9943869
54854,0.0054914565
54855,0.008738777
54856,0.00029706894
54857,0.017360479
54860,0.806718
54871,0.07373342
54872,0.016874032
54874,0.005391357
54878,0.989947
54880,0.007882682
54884,0.96988004
54885,0.011766127
54891,0.007585784
54893,0.008915491
54900,0.008204403
54911,0.0012399772
54913,0.0017725392
54914,0.008915491
54916,0.0051897475
54918,0.98572195
54932,0.9945326
54940,0.9943869
54943,0.005921417
54948,0.005071878
54949,0.9899857
54950,0.011766127
54954,0.97938216
54955,0.85291594
54958,0.11518964
54964,0.007585784
54966,0.9943869
54967,0.96988004
54968,0.946454
54977,0.007882682
54979,0.012220082
54988,0.08253657
54991,0.0037301993
55005,0.0166352
55014,0.9905476
55021,0.0054914565
55024,0.0064430186
55028,0.008915491
55030,0.0026645584
55036,0.0010410085
55040,0.97859406
55042,0.007585784
55048,0.008915491
55049,0.9613415
55056,0.97914463
55057,0.008915491
55059,0.007585784
55065,0.08253657
55073,0.0019260534
55074,0.009700544
55076,0.11518964
55080,0.009700544
55085,0.97859406
55087,0.9943869
55089,0.0036427644
55090,0.0012399772
55091,0.0004450682
55092,0.007585784
55104,0.0019914724
55106,0.00029706894
55107,0.7669903
55111,0.011739908
55113,0.011739908
55117,0.88438606
55124,0.90356064
55131,0.0023740218
55141,0.8543968
55150,0.0017603867
55156,0.008915491
55161,0.007585784
55176,0.0010410085
55183,0.008915491
55186,0.007882682
55187,0.98508495
55190,0.08179209
55191,0.9945326
55193,0.0015907019
55194,0.9943869
55196,0.0013934174
55201,0.07047591
55207,0.017273542
55208,0.89210016
55211,0.00029706894
55212,0.95989203
55213,0.0014052979
55223,0.008915491
55224,0.009700544
55234,0.98572195
55241,0.99890935
55244,0.97938216
55245,0.009801603
55248,0.9988348
55249,0.0012419914
55250,0.002734933
55261,0.0019260534
55283,0.0064036483
55288,0.930262
55289,0.0067771617
55290,0.0166112
55294,0.9943869
55296,0.0054914565
55298,0.0054914565
55304,0.005921417
55307,0.007895487
55329,0.97938216
55335,0.0010498866
55344,0.008915491
55349,0.00029706894
55352,0.087064154
55353,0.005391357
55359,0.0017603867
55362,0.0023334303
55367,0.008915491
55370,0.97938216
55371,0.03782678
55376,0.0057161534
55378,0.07195984
55379,0.00051202066
55382,0.0004450682
55415,0.007585784
55416,0.005391357
55420,0.007585784
55423,0.008915491
55426,0.0017603867
55427,0.007585784
55433,0.0015907019
55439,0.9943869
55441,0.0004408163
55442,0.011739908
55446,0.012192876
55454,0.97938216
55455,0.9945326
55456,0.040487528
55462,0.9945326
55475,0.007585784
55487,0.00029706894
55488,0.00029706894
55496,0.0010410085
55502,0.011938224
55504,0.005627036
55510,0.8672062
55511,0.007585784
55513,0.0027375577
55518,0.08253657
55525,0.009700544
55526,0.06560839
55528,0.20311116
55529,0.005921417
55538,0.007882682
55550,0.9943869
55551,0.008915491
55571,0.0064036483
55572,0.01646172
55585,0.012192876
55597,0.0017725392
55606,0.00029706894
55610,0.07047591
55612,0.8835139
55615,0.00029706894
55616,0.007585784
55617,0.0064976667
55618,0.9943869
55619,0.8543968
55620,0.005391357
55622,0.90556467
55638,0.008915491
55642,0.88766056
55644,0.005391357
55646,0.9943869
55647,0.0010953033
55653,0.20311116
55655,0.9890982
55658,0.0010498866
55660,0.005921417
55661,0.0012419914
55665,0.009700544
55669,0.0014906703
55672,0.99890935
55676,0.0019097788
55680,0.0025466175
55682,0.0023740218
55683,0.97938216
55685,0.005391357
55687,0.0051897475
55688,0.005921417
55689,0.011766127
55702,0.08179209
55706,0.9988348
55710,0.007882682
55719,0.9943869
55720,0.005627036
55721,0.001104645
55722,0.08179209
55723,0.016173588
55739,0.0027375577
55741,0.008915491
55749,0.008204403
55754,0.008915491
55755,0.0010498866
55761,0.008915491
55762,0.005391357
55771,0.0004408163
55774,0.0025466175
55775,0.0013153577
55776,0.009700544
55778,0.006510688
55779,0.006510688
55784,0.009700544
55788,0.9943869
55791,0.0012419914
55799,0.008915491
55804,0.007895487
55805,0.007585784
55806,0.9943869
55808,0.10980627
55809,0.98508495
55811,0.0012844531
55813,0.0063078487
55816,0.0051897475
55820,0.005391357
55821,0.007882682
55822,0.0054914565
55824,0.9943869
55826,0.012192876
55827,0.0002989136
55830,0.0018151832
55835,0.084116235
55838,0.99890935
55843,0.007895487
55844,0.007895487
55852,0.8055378
55853,0.0017603867
55857,0.9943869
55859,0.08253657
55861,0.0017603867
55864,0.0025683052
55865,0.9755976
55866,0.9943869
55871,0.0054914565
55881,0.0017725392
55882,0.0015118856
55887,0.007585784
55895,0.005391357
55900,0.0054914565
55911,0.016283624
55913,0.99890935
55916,0.0004450682
55917,0.0025466175
55918,0.00029706894
55919,0.0017725392
55925,0.0010953033
55931,0.0017891184
55933,0.0009746589
55935,0.0010410085
55936,0.0019260534
55937,0.97681046
55939,0.0054914565
55941,0.007895487
55944,0.8838407
55945,0.8475974
55946,0.0057161534
55955,0.00029706894
55967,0.007895487
55972,0.007882682
55977,0.98572195
55982,0.007741327
55983,0.007882682
55988,0.008204403
55997,0.005627036
55998,0.8037468
55999,0.008915491
56002,0.0023740218
56006,0.0054914565
56011,0.0013356558
56012,0.01632463
56014,0.0012419914
56021,0.008915491
56024,0.0054914565
56026,0.012220082
56034,0.9755976
56035,0.00029706894
56041,0.0025683052
56043,0.011303512
56047,0.005546289
56049,0.9945326
56051,0.0054914565
56052,0.006834625
56053,0.930262
56054,0.0025466175
56058,0.011659807
56065,0.03645669
56067,0.97776663
56068,0.91451764
56071,0.005391357
56075,0.08253657
56078,0.012220082
56079,0.92545295
56086,0.08253657
56089,0.8037468
56095,0.0054914565
56101,0.0009746589
56109,0.85269266
56111,0.95989203
56115,0.0013934174
56118,0.08179209
56119,0.9943869
56121,0.9943869
56131,0.0027537947
56135,0.80503756
56137,0.08253657
56138,0.007882682
56141,0.7489893
56147,0.005921417
56150,0.007882682
56159,0.9943869
56163,0.39862266
56170,0.0030741303
56181,0.9943869
56198,0.9613415
56200,0.97776663
56204,0.0054914565
56208,0.7735213
56215,0.012192876
56230,0.0054914565
56238,0.0026242237
56241,0.46483666
56242,0.0010498866
56245,0.96988004
56247,0.007895487
56249,0.10980627
56250,0.0027537947
56254,0.08253657
56255,0.0057161534
56260,0.017360479
56262,0.9578168
56266,0.005921417
56267,0.006555418
56271,0.97938216
56274,0.0009746589
56276,0.0012419914
56281,0.005391357
56287,0.0023740218
56288,0.012192876
56291,0.9687404
56295,0.001104645
56297,0.0027537947
56299,0.0019097788
56304,0.9988852
56305,0.005391357
56312,0.016283624
56317,0.039199963
56319,0.96988004
56321,0.007895487
56322,0.9613415
56328,0.007882682
56331,0.007585784
56333,0.007882682
56334,0.0004408163
56339,0.0025466175
56342,0.007895487
56360,0.0017603867
56362,0.9945326
56363,0.01646172
56364,0.0048809475
56365,0.009700544
56366,0.0025683052
56367,0.008738777
56368,0.9988852
56369,0.0023740218
56370,0.0027608671
56373,0.042355873
56374,0.9943869
56382,0.0051897475
56398,0.9943869
56404,0.005546289
56409,0.006137708
56413,0.88438606
56414,0.00029706894
56419,0.0012391927
56421,0.00029706894
56422,0.0166352
56427,0.0025683052
56430,0.13285466
56432,0.007585784
56436,0.005391357
56438,0.9755976
56467,0.9730453
56470,0.0004408163
56476,0.0051897475
56477,0.99890935
56478,0.0023740218
56482,0.11140559
56493,0.0012391927
56494,0.0051897475
56498,0.0066629103
56501,0.98913145
56508,0.007585784
56510,0.007895487
56513,0.0023942434
56516,0.0002989136
56522,0.9945326
56523,0.9988348
56525,0.008915491
56533,0.8519362
56539,0.008915491
56549,0.012220082
56554,0.9810044
56556,0.005921417
56558,0.0057161534
56560,0.017015647
56562,0.012192876
56563,0.00050922687
56567,0.008915491
56568,0.9755976
56571,0.94736594
56572,0.98572195
56573,0.012220082
56574,0.08179209
56579,0.9943869
56593,0.000573012
56601,0.012220082
56610,0.007585784
56614,0.0023495292
56617,0.03782678
56620,0.005627036
56626,0.9945326
56627,0.005391357
56632,0.0004450682
56633,0.98572195
56635,0.007585784
56644,0.016173588
56645,0.9943869
56658,0.007895487
56659,0.9300587
56660,0.0010498866
56662,0.08179209
56663,0.0025683052
56667,0.9730453
56668,0.000573012
56674,0.0017603867
56680,0.005627036
56681,0.0051897475
56684,0.017360479
56689,0.0025683052
56696,0.0012497588
56699,0.0023740218
56701,0.085064985
56704,0.9715737
56705,0.9945326
56706,0.016173588
56707,0.0057161534
56713,0.98572195
56717,0.07195984
56721,0.001104645
56722,0.0025466175
56730,0.006137708
56736,0.0067771617
56737,0.001104645
56739,0.9945326
56740,0.008204403
56742,0.001104645
56744,0.0010131501
56747,0.0038993554
56750,0.0054914565
56751,0.029718162
56759,0.18620667
56761,0.0054914565
56763,0.00050922687
56769,0.0010953033
56770,0.00029706894
56772,0.0004408163
56780,0.9988852
56782,0.11518964
56791,0.0002989136
56793,0.0015772562
56798,0.0063078487
56805,0.0067771617
56807,0.98572195
56818,0.0027608671
56819,0.009700544
56827,0.0027375577
56834,0.0051897475
56835,0.0051897475
56836,0.016173588
56838,0.97776663
56839,0.000573012
56840,0.0012419914
56844,0.97776663
56846,0.006363628
56848,0.00029706894
56850,0.009700544
56855,0.9943869
56858,0.005391357
56869,0.009700544
56874,0.011739908
56881,0.85291594
56883,0.10980627
56889,0.005921417
56890,0.0012419914
56894,0.00018757534
56898,0.0010953033
56901,0.011938224
56908,0.000573012
56915,0.08179209
56921,0.8177629
56925,0.9943869
56926,0.8360522
56927,0.19284585
56933,0.88438606
56936,0.0012419914
56938,0.007882682
56942,0.0054914565
56943,0.0025466175
56945,0.9687404
56951,0.085064985
56955,0.005921417
56964,0.006137708
56965,0.08253657
56978,0.00051202066
56980,0.0023334303
56987,0.0025683052
57000,0.0002989136
57002,0.97776663
57009,0.99890935
57016,0.012192876
57018,0.99890935
57025,0.008915491
57026,0.0051340163
57027,0.008915491
57031,0.10980627
57034,0.0057161534
57036,0.97776663
57038,0.0004408163
57039,0.99890935
57044,0.0025683052
57048,0.00050922687
57049,0.006555418
57056,0.9945326
57057,0.0012419914
57061,0.0004450682
57064,0.0023495292
57066,0.00029706894
57067,0.9779538
57069,0.005391357
57076,0.0012844531
57081,0.00029706894
57084,0.0038993554
57085,0.0027608671
57086,0.00029706894
57093,0.43663505
57098,0.0012419914
57099,0.08253657
57104,0.007895487
57105,0.005391357
57113,0.9945326
57120,0.0019097788
57126,0.9943869
57130,0.008915491
57136,0.008915491
57137,0.0057161534
57139,0.98572195
57140,0.9943869
57143,0.0051897475
57147,0.9943869
57149,0.99890935
57151,0.008204403
57153,0.01646172
57155,0.9342636
57157,0.08179209
57158,0.0025466175
57163,0.03782678
57169,0.0012419914
57171,0.98272187
57172,0.011739908
57175,0.9755976
57176,0.005391357
57177,0.0012419914
57184,0.0025466175
57185,0.0012419914
57186,0.007585784
57187,0.016173588
57189,0.91451764
57192,0.001104645
57194,0.0027375577
57202,0.98572195
57203,0.0017603867
57207,0.0025466175
57208,0.0023942434
57217,0.9943869
57218,0.0023740218
57220,0.0015772562
57221,0.9943869
57222,0.005391357
57227,0.00029706894
57232,0.9730453
57244,0.11518964
57246,0.9943869
57253,0.012192876
57264,0.99890935
57267,0.007585784
57269,0.0002989136
57270,0.040487528
57271,0.039199963
57273,0.97914463
57274,0.96988004
57276,0.0002989136
57278,0.0057161534
57279,0.97938216
57287,0.0067771617
57292,0.001104645
57295,0.005391357
57297,0.007895487
57300,0.9943869
57306,0.0004450682
57312,0.007882682
57316,0.00027034435
57318,0.008915491
57319,0.81263715
57320,0.007882682
57321,0.76381266
57322,0.74379927
57323,0.97859406
57327,0.0023740218
57328,0.9730453
57333,0.0012391927
57336,0.0025466175
57340,0.085064985
57342,0.007895487
57344,0.007585784
57346,0.930262
57348,0.0051897475
57356,0.0048809475
57365,0.007585784
57366,0.0054914565
57368,0.0030530815
57370,0.9730453
57376,0.009700544
57378,0.008915491
57385,0.0010207595
57394,0.009801603
57405,0.0166352
57409,0.0004408163
57411,0.0054914565
57414,0.0054914565
57416,0.008915491
57419,0.0063078487
57422,0.0010953033
57429,0.007585784
57432,0.97776663
57433,0.008915491
57438,0.98572195
57439,0.007585784
57442,0.0057161534
57449,0.9943869
57450,0.0067771617
57461,0.03782678
57462,0.0051897475
57463,0.9943869
57467,0.11140559
57474,0.97938216
57475,0.0064976667
57483,0.0054914565
57492,0.97938216
57497,0.0017891184
57499,0.00050922687
57508,0.007585784
57513,0.0025466175
57515,0.007585784
57525,0.0054914565
57532,0.0012419914
57534,0.000573012
57536,0.006137708
57541,0.008915491
57542,0.9810044
57548,0.98572195
57559,0.011739908
57560,0.0014052979
57564,0.0057161534
57565,0.006834625
57583,0.008915491
57585,0.04237643
57588,0.00029706894
57589,0.0054914565
57595,0.008915491
57601,0.46483666
57609,0.001104645
57613,0.007882682
57623,0.97859406
57629,0.008915491
57631,0.005627036
57638,0.98272187
57649,0.0054914565
57650,0.008915491
57651,0.0013243644
57658,0.00029706894
57665,0.01646172
57666,0.0004450682
57672,0.0004408163
57677,0.008915491
57678,0.012220082
57681,0.005391357
57682,0.005391357
57686,0.008738777
57692,0.79218966
57694,0.0004408163
57700,0.008738777
57703,0.0010953033
57711,0.0054914565
57715,0.08179209
57718,0.0054914565
57725,0.03782678
57733,0.0010953033
57734,0.0023334303
57738,0.008915491
57739,0.0051897475
57743,0.0017603867
57745,0.039199963
57746,0.001104645
57748,0.0067771617
57749,0.9711275
57750,0.9755976
57757,0.008915491
57758,0.005391357
57759,0.0019260534
57760,0.008915491
57780,0.99195975
57781,0.0004450682
57782,0.0012844531
57787,0.0010498866
57789,0.005921417
57796,0.0002989136
57798,0.001104645
57801,0.0057161534
57802,0.0018306518
57805,0.011303512
57812,0.0023740218
57813,0.8475974
57816,0.005627036
57823,0.0054914565
57830,0.007412488
57832,0.005921417
57843,0.97681046
57850,0.0010498866
57856,0.0012844531
57864,0.0004408163
57871,0.11518964
57874,0.0023334303
57876,0.007585784
57878,0.97681046
57884,0.0057161534
57889,0.007585784
57898,0.0027608671
57901,0.0004450682
57902,0.0030741303
57909,0.9943869
57912,0.0004408163
57918,0.016886668
57923,0.97950304
57925,0.9784611
57939,0.008915491
57940,0.001104645
57946,0.0017603867
57948,0.9943869
57958,0.011303512
57959,0.007585784
57961,0.0025466175
57971,0.08179209
57977,0.0015118856
57979,0.11140559
57982,0.008738777
57989,0.0004408163
57997,0.006555418
57998,0.19284585
58008,0.9711275
58012,0.97859406
58014,0.0013934174
58016,0.011739908
58022,0.8838407
58026,0.007895487
58040,0.97776663
58042,0.0012391927
58048,0.08253657
58051,0.008915491
58055,0.006834625
58060,0.0780323
58075,0.9687404
58078,0.016173588
58080,0.011766127
58081,0.0057161534
58083,0.0017891184
58089,0.99195975
58091,0.98572195
58093,0.0063078487
58094,0.0026020675
58096,0.00029706894
58097,0.74379927
58110,0.9943869
58111,0.9916277
58114,0.007585784
58118,0.9943869
58120,0.009700544
58131,0.9730453
58139,0.9943869
58144,0.0017725392
58145,0.005921417
58146,0.047139168
58147,0.006363628
58152,0.0064976667
58163,0.0023740218
58167,0.9988348
58177,0.008915491
58192,0.9945326
58193,0.90556467
58194,0.011739908
58201,0.04752252
58212,0.005391357
58213,0.040487528
58223,0.0002989136
58228,0.02394888
58231,0.0054914565
58232,0.9945326
58235,0.016886668
58237,0.0054914565
58243,0.087064154
58250,0.0009746589
58254,0.0013153577
58256,0.9945326
58261,0.00029706894
58266,0.98572195
58275,0.0027537947
58294,0.9711275
58303,0.0057161534
58309,0.001104645
58310,0.0027608671
58311,0.97859406
58316,0.0054914565
58319,0.0025466175
58326,0.007585784
58335,0.007882682
58342,0.016874032
58347,0.9943869
58355,0.85291594
58357,0.001104645
58361,0.0019097788
58362,0.0010953033
58369,0.008738777
58373,0.009801603
58376,0.97681046
58379,0.97681046
58380,0.97938216
58382,0.9943869
58391,0.0054914565
58395,0.0004408163
58399,0.007585784
58403,0.80248785
58406,0.01632463
58407,0.9943869
58410,0.007585784
58414,0.009700544
58427,0.9943869
58429,0.007585784
58431,0.012192876
58435,0.007412488
58436,0.001104645
58439,0.016173588
58440,0.0017603867
58441,0.97938216
58442,0.007585784
58444,0.00050922687
58445,0.0057161534
58454,0.0017725392
58458,0.0019260534
58460,0.0047442787
58461,0.97938216
58475,0.012192876
58477,0.005391357
58488,0.0057161534
58491,0.0018306518
58496,0.042192385
58508,0.005921417
58510,0.000573012
58511,0.009700544
58512,0.97776663
58515,0.9730453
58516,0.0057161534
58528,0.946454
58529,0.005627036
58530,0.007895487
58533,0.11518964
58535,0.007585784
58544,0.82938033
58547,0.009700544
58549,0.9730453
58550,0.00029706894
58554,0.08179209
58557,0.98272187
58562,0.97938216
58569,0.8475974
58570,0.0010953033
58579,0.9730453
58581,0.001104645
58582,0.005921417
58598,0.0054914565
58604,0.00050922687
58607,0.09376705
58611,0.0012844531
58612,0.10980627
58618,0.011766127
58626,0.011303512
58636,0.0013153577
58643,0.0004408163
58646,0.8519362
58647,0.0025466175
58652,0.007585784
58653,0.97776663
58658,0.008204403
58670,0.8835139
58673,0.08253657
58675,0.012192876
58676,0.007585784
58678,0.011739908
58679,0.98572195
58685,0.084099986
58693,0.00029706894
58695,0.007882682
58698,0.946454
58699,0.9943869
58716,0.005391357
58719,0.0054914565
58722,0.00029706894
58736,0.0011777725
58739,0.9730453
58742,0.0054914565
58743,0.0025466175
58746,0.96988004
58759,0.81064224
58763,0.005921417
58765,0.0054914565
58766,0.008915491
58768,0.08253657
58769,0.11140559
58776,0.00029706894
58778,0.014790389
58779,0.97938216
58780,0.9943869
58784,0.017526275
58790,0.0017603867
58791,0.98572195
58792,0.00029706894
58795,0.008915491
58805,0.007585784
58809,0.85291594
58812,0.007585784
58813,0.8838407
58818,0.9943869
58823,0.007585784
58831,0.9687404
58835,0.08179209
58842,0.9943869
58847,0.011688998
58855,0.8037468
58858,0.0054914565
58859,0.97776663
58863,0.43663505
58865,0.007585784
58875,0.11518964
58884,0.005921417
58885,0.98572195
58886,0.08253657
58891,0.07047591
58894,0.21678838
58896,0.0054914565
58898,0.0027375577
58902,0.008204403
58904,0.08253657
58911,0.43663505
58912,0.042355873
58913,0.016173588
58915,0.9943869
58916,0.0014052979
58918,0.0002989136
58920,0.0064430186
58923,0.0012844531
58924,0.99049765
58925,0.97683495
58929,0.98572195
58933,0.016283624
58934,0.016173588
58936,0.0027537947
58938,0.96988004
58950,0.0010498866
58951,0.002564381
58952,0.94736594
58954,0.008915491
58959,0.8581069
58972,0.008915491
58978,0.0064430186
58985,0.0023942434
58986,0.96988004
58989,0.0026242237
58994,0.000573012
58996,0.96988004
58998,0.0012419914
58999,0.0010953033
59001,0.008915491
59006,0.9943869
59009,0.000573012
59011,0.0054914565
59014,0.008915491
59017,0.0004450682
59018,0.9945326
59033,0.005921417
59036,0.0057161534
59037,0.001104645
59041,0.19284585
59043,0.97776663
59047,0.0054914565
59054,0.016173588
59062,0.9730453
59066,0.006834625
59071,0.9745506
59075,0.0019260534
59079,0.006834625
59080,0.006834625
59085,0.0009746589
59086,0.0054914565
59087,0.99890935
59092,0.0017603867
59094,0.016173588
59095,0.9943869
59096,0.0010953033
59100,0.9943869
59105,0.007585784
59109,0.0027375577
59110,0.9943869
59116,0.0057161534
59118,0.002734933
59120,0.0054914565
59122,0.9945326
59128,0.9943869
59131,0.97859406
59134,0.0027608671
59135,0.0025683052
59140,0.016173588
59147,0.0054914565
59151,0.007585784
59153,0.012220082
59154,0.0023740218
59156,0.9945326
59157,0.007882682
59159,0.97776663
59167,0.0019097788
59169,0.007895487
59176,0.011766127
59177,0.9578168
59178,0.0054914565
59180,0.0012419914
59190,0.99890935
59192,0.0051897475
59194,0.0054914565
59198,0.99890935
59200,0.0054914565
59209,0.0166352
59210,0.009700544
59216,0.007585784
59219,0.012220082
59221,0.084116235
59222,0.011303512
59223,0.0051897475
59228,0.85269266
59236,0.99195975
59237,0.008915491
59243,0.0054914565
59248,0.07921433
59250,0.0054914565
59252,0.0012889329
59254,0.009700544
59258,0.90349114
59259,0.9943869
59263,0.005391357
59271,0.005921417
59277,0.0012419914
59278,0.0054914565
59285,0.0017891184
59286,0.19284585
59290,0.0166352
59292,0.009700544
59293,0.008915491
59297,0.08179209
59298,0.007882682
59303,0.00029706894
59306,0.011739908
59314,0.9945326
59316,0.99890935
59317,0.0036427644
59326,0.0023740218
59331,0.012220082
59333,0.0010953033
59338,0.00050922687
59342,0.008915491
59344,0.08253657
59351,0.0004408163
59352,0.005921417
59353,0.0014052979
59357,0.11140559
59359,0.0051897475
59369,0.008915491
59374,0.009700544
59386,0.08253657
59389,0.9730453
59390,0.9943869
59393,0.9945326
59396,0.008915491
59398,0.9943869
59400,0.009700544
59406,0.007895487
59409,0.00029706894
59414,0.0054914565
59416,0.86908126
59420,0.99890935
59424,0.03645669
59429,0.0027375577
59435,0.0019097788
59436,0.0027375577
59439,0.11518964
59441,0.9730453
59443,0.0057161534
59447,0.0010953033
59450,0.0054914565
59453,0.98572195
59455,0.90556467
59459,0.0011027167
59463,0.0023942434
59465,0.08253657
59468,0.005921417
59470,0.016283624
59472,0.0012419914
59475,0.0013934174
59476,0.00018698837
59478,0.008915491
59479,0.007585784
59489,0.11518964
59490,0.9943869
59493,0.011766127
59501,0.97859406
59503,0.9945326
59504,0.0015118856
59505,0.9943869
59511,0.08253657
59512,0.0018151832
59517,0.012220082
59522,0.99797577
59524,0.005921417
59532,0.0017725392
59537,0.0009746589
59540,0.005391357
59545,0.0025683052
59551,0.005391357
59562,0.011766127
59563,0.00050922687
59565,0.9943869
59567,0.9943869
59572,0.0010953033
59573,0.08179209
59576,0.012192876
59577,0.012220082
59585,0.0018151832
59591,0.005391357
59592,0.0012844531
59593,0.9943869
59605,0.012220082
59613,0.007412488
59614,0.0019260534
59616,0.008915491
59622,0.047139168
59625,0.8541287
59627,0.0036427644
59632,0.0018306518
59633,0.97776663
59634,0.005391357
59635,0.9943869
59638,0.0019914724
59640,0.0025683052
59645,0.97938216
59650,0.008915491
59660,0.0030530815
59667,0.006834625
59673,0.9943869
59674,0.9745506
59682,0.0037301993
59691,0.99890935
59698,0.0057161534
59700,0.005391357
59702,0.11140559
59705,0.008915491
59715,0.005921417
59717,0.9943869
59718,0.00029402386
59732,0.9730453
59738,0.97938216
59741,0.084116235
59750,0.97776663
59751,0.018115364
59757,0.9613415
59763,0.0025466175
59765,0.005391357
59771,0.19284585
59773,0.0054914565
59780,0.0004408163
59785,0.007585784
59787,0.0036427644
59789,0.99005264
59796,0.98572195
59806,0.011766127
59810,0.0054914565
59811,0.007895487
59814,0.008738777
59817,0.00029706894
59818,0.9943869
59821,0.765343
59834,0.007882682
59837,0.007585784
59844,0.0064036483
59848,0.11518964
59852,0.0020052171
59853,0.9837658
59854,0.0010953033
59859,0.012192876
59865,0.0054914565
59870,0.98572195
59871,0.01646172
59875,0.007895487
59877,0.0013356558
59883,0.0017603867
59885,0.06461905
59888,0.0010410085
59894,0.9943869
59896,0.007585784
59903,0.007585784
59904,0.011739908
59905,0.97938216
59908,0.90556467
59909,0.97776663
59913,0.13285466
59917,0.005921417
59919,0.0014414012
59924,0.0017603867
59926,0.98056465
59929,0.98572195
59938,0.008915491
59939,0.9945326
59943,0.11140559
59947,0.0054914565
59949,0.011303512
59951,0.007895487
59953,0.11518964
59955,0.10980627
59960,0.0012844531
59962,0.9945326
59970,0.0013934174
59981,0.007895487
59983,0.00027034435
59989,0.9730453
59995,0.008915491
59999,0.002734933
60001,0.005921417
60008,0.009700544
60010,0.011938224
60011,0.99890935
60012,0.9945326
60013,0.806718
60038,0.0064430186
60045,0.9943869
60057,0.007895487
60061,0.0054914565
60069,0.008204403
60074,0.005921417
60075,0.006510688
60079,0.0054914565
60082,0.9945326
60090,0.0017725392
60092,0.017273542
60104,0.011609656
60108,0.009700544
60111,0.99890935
60115,0.008915491
60116,0.0023495292
60134,0.001104645
60137,0.006834625
60141,0.9755976
60146,0.005391357
60150,0.0030530815
60156,0.0057161534
60158,0.002734933
60159,0.0027608671
60163,0.0054914565
60171,0.0004408163
60177,0.8572296
60178,0.19284585
60184,0.0026020675
60189,0.0054914565
60192,0.11140559
60194,0.0054914565
60215,0.00029706894
60217,0.0054914565
60218,0.005391357
60224,0.0012844531
60226,0.000573012
60227,0.008915491
60230,0.88766056
60234,0.94736594
60245,0.0002989136
60248,0.0030530815
60255,0.0067771617
60258,0.007585784
60259,0.008915491
60264,0.011303512
60265,0.011766127
60266,0.08253657
60271,0.0018306518
60279,0.007741327
60280,0.0166352
60282,0.009700544
60291,0.0023942434
60295,0.00050922687
60296,0.009801603
60297,0.0027537947
60299,0.9943869
60300,0.98272187
60301,0.005391357
60305,0.006510688
60307,0.0063078487
60309,0.0010498866
60311,0.9916277
60313,0.008204403
60316,0.68876815
60329,0.85291594
60338,0.009700544
60349,0.9300587
60351,0.005391357
60358,0.9988852
60362,0.0010953033
60378,0.18620667
60382,0.039199963
60395,0.0051897475
60396,0.0025466175
60397,0.08253657
60407,0.7450826
60408,0.0017603867
60415,0.009700544
60418,0.009700544
60421,0.012220082
60423,0.8450574
60427,0.0012419914
60432,0.0064430186
60433,0.007585784
60437,0.016173588
60439,0.0054914565
60455,0.0015118856
60461,0.13285466
60465,0.0009746589
60468,0.00050922687
60469,0.0018597144
60477,0.005391357
60485,0.006510688
60486,0.008915491
60495,0.0004408163
60496,0.0025683052
60503,0.0010498866
60506,0.0010131501
60507,0.0012497588
60511,0.9943869
60513,0.94736594
60515,0.8838407
60516,0.012192876
60522,0.03645669
60527,0.012220082
60528,0.007585784
60533,0.9711275
60534,0.81486064
60539,0.9943869
60543,0.0051897475
60546,0.007585784
60555,0.0017603867
60561,0.005391357
60563,0.006510688
60568,0.002564381
60569,0.008915491
60577,0.0019260534
60580,0.00029706894
60584,0.0002989136
60588,0.9810044
60591,0.0010953033
60598,0.0020052171
60602,0.008204403
60607,0.0002989136
60608,0.9914534
60618,0.9943869
60621,0.0015772562
60624,0.0019914724
60628,0.012192876
60630,0.806718
60631,0.005391357
60636,0.0010953033
60642,0.9613415
60643,0.07195984
60644,0.0057161534
60645,0.001104645
60647,0.007895487
60654,0.012192876
60666,0.007585784
60667,0.0051897475
60673,0.8581069
60676,0.15731338
60693,0.03782678
60696,0.946454
60702,0.029718162
60706,0.0064036483
60707,0.001104645
60708,0.007882682
60709,0.9687404
60724,0.9943869
60725,0.01632463
60729,0.0014991066
60731,0.96988004
60742,0.0013356558
60747,0.0057161534
60767,0.0004408163
60768,0.001104645
60769,0.946454
60771,0.0051897475
60780,0.68876815
60781,0.08253657
60783,0.011766127
60792,0.008915491
60794,0.0166352
60796,0.008204403
60798,0.0010953033
60802,0.0002989136
60810,0.0015907019
60813,0.98508495
60815,0.014790389
60817,0.039199963
60826,0.9730453
60828,0.0025683052
60830,0.005627036
60831,0.9943869
60838,0.85238993
60839,0.0054914565
60840,0.99195975
60844,0.007412488
60845,0.99067444
60855,0.006834625
60857,0.98572195
60859,0.9988852
60863,0.0014052979
60865,0.017360479
60871,0.009700544
60873,0.0057161534
60876,0.9943869
60878,0.0054914565
60879,0.0023495292
60881,0.01646172
60886,0.007895487
60888,0.0054914565
60892,0.946454
60893,0.031098463
60894,0.0054914565
60896,0.9715737
60901,0.97938216
60903,0.0064976667
60907,0.012220082
60915,0.08253657
60917,0.9945326
60922,0.99036855
60923,0.00029706894
60926,0.012220082
60929,0.0004408163
60935,0.82987344
60940,0.96988004
60941,0.9945326
60946,0.008915491
60948,0.047139168
60949,0.008915491
60951,0.017360479
60954,0.0017603867
60955,0.012192876
60960,0.0054914565
60962,0.0054914565
60972,0.039199963
60973,0.0166352
60975,0.0030741303
60976,0.00050922687
60977,0.005391357
60994,0.0004408163
60995,0.0014414012
60997,0.01646172
60998,0.86908126
61000,0.007882682
61003,0.9945326
61010,0.018115364
61012,0.0067771617
61017,0.96988004
61019,0.007741327
61026,0.9945326
61031,0.007585784
61033,0.0054914565
61034,0.005921417
61037,0.9613415
61042,0.007585784
61044,0.97859406
61046,0.0023334303
61049,0.005391357
61050,0.08179209
61067,0.0027375577
61073,0.005391357
61080,0.04490503
61082,0.9943869
61083,0.01646172
61087,0.96988004
61090,0.930262
61098,0.0012419914
61103,0.946454
61104,0.95989203
61109,0.007895487
61110,0.98572195
61119,0.9943869
61120,0.98958534
61122,0.98508495
61126,0.008204403
61127,0.9916277
61131,0.012192876
61133,0.0014052979
61134,0.007895487
61135,0.99890935
61138,0.012220082
61143,0.08253657
61152,0.9810044
61156,0.008915491
61158,0.0063078487
61164,0.001104645
61174,0.009700544
61175,0.001104645
61176,0.08075265
61178,0.0004408163
61179,0.9943869
61182,0.98272187
61187,0.00050922687
61190,0.08179209
61202,0.0013153577
61203,0.0015907019
61206,0.0009746589
61207,0.005391357
61210,0.005921417
61216,0.008915491
61217,0.007882682
61226,0.03782678
61227,0.9578168
61230,0.9784611
61231,0.0054914565
61233,0.009801603
61252,0.0025683052
61258,0.0017603867
61259,0.9900656
61264,0.0010498866
61266,0.9945326
61277,0.0023334303
61280,0.0017603867
61282,0.002734933
61283,0.17660639
61286,0.0025683052
61294,0.039199963
61302,0.0025466175
61303,0.005921417
61304,0.005391357
61307,0.016283624
61310,0.00029706894
61314,0.00029706894
61319,0.00029706894
61320,0.006555418
61329,0.98508495
61330,0.010470025
61331,0.03645669
61336,0.0025466175
61337,0.97859406
61342,0.015036823
61347,0.009852302
61351,0.005071878
61354,0.11140559
61360,0.94736594
61363,0.0057161534
61364,0.97938216
61368,0.0017603867
61372,0.008915491
61382,0.91451764
61383,0.97776663
61391,0.11140559
61392,0.0048809475
61396,0.008915491
61403,0.0054914565
61404,0.008915491
61405,0.0027608671
61407,0.005391357
61409,0.0057161534
61410,0.005391357
61412,0.007585784
61416,0.0015772562
61417,0.009700544
61420,0.0166352
61425,0.008915491
61429,0.0054914565
61436,0.9098902
61439,0.001104645
61444,0.007585784
61446,0.9943869
61449,0.9943869
61452,0.016283624
61457,0.95989203
61459,0.0054914565
61460,0.97681046
61462,0.005921417
61464,0.9810044
61465,0.0057161534
61467,0.97938216
61472,0.012220082
61476,0.0057161534
61478,0.012192876
61480,0.0057161534
61481,0.009700544
61482,0.008915491
61486,0.95989203
61487,0.008915491
61489,0.0057161534
61493,0.007412488
61496,0.97914463
61498,0.005391357
61502,0.011659807
61503,0.9943869
61506,0.0026242237
61511,0.0054914565
61515,0.007882682
61519,0.0019260534
61530,0.0023740218
61531,0.0015772562
61534,0.0054914565
61535,0.0051340163
61541,0.006834625
61558,0.0054914565
61560,0.11140559
61562,0.11518964
61563,0.0067771617
61564,0.0010410085
61567,0.0026242237
61571,0.96988004
61575,0.0064430186
61579,0.016173588
61580,0.000573012
61588,0.0051897475
61590,0.007882682
61595,0.0017725392
61596,0.20311116
61598,0.0010498866
61599,0.007895487
61602,0.0012419914
61624,0.0017891184
61625,0.03782678
61631,0.9943869
61632,0.008915491
61634,0.040487528
61642,0.0025683052
61643,0.11140559
61646,0.0013243644
61657,0.006834625
61662,0.00050922687
61665,0.9578168
61672,0.86645067
61673,0.00029706894
61674,0.0061644185
61684,0.08179209
61690,0.9943869
61693,0.06261413
61695,0.92254364
61697,0.00029706894
61703,0.0026680732
61705,0.0019260534
61708,0.0012419914
61710,0.0054914565
61716,0.85686016
61725,0.0023740218
61731,0.00050922687
61732,0.0013934174
61740,0.9943869
61743,0.006834625
61744,0.99890935
61746,0.9945326
61748,0.946454
61749,0.946454
61752,0.0004450682
61758,0.007585784
61761,0.11518964
61765,0.96988004
61766,0.9943869
61771,0.009801603
61772,0.98572195
61783,0.0019097788
61784,0.009700544
61785,0.005921417
61798,0.11518964
61800,0.0023942434
61803,0.0001859878
61806,0.90556467
61809,0.007895487
61811,0.01741845
61815,0.08179209
61817,0.007585784
61824,0.0067771617
61825,0.0054914565
61830,0.00050922687
61831,0.007882682
61836,0.0012419914
61838,0.0064430186
61850,0.00029706894
61856,0.0054914565
61859,0.0010498866
61879,0.00059861597
61884,0.0027375577
61888,0.0166352
61891,0.0011878167
61895,0.9943869
61899,0.97859406
61902,0.01646172
61905,0.0013934174
61909,0.002564381
61912,0.97938216
61921,0.99012357
61923,0.9943869
61924,0.007585784
61925,0.039199963
61926,0.9943869
61927,0.0023740218
61928,0.98501694
61934,0.18620667
61940,0.0057161534
61943,0.11518964
61944,0.005921417
61949,0.007585784
61952,0.97938216
61958,0.00029214445
61965,0.9943869
61966,0.0054914565
61974,0.042192385
61975,0.0054914565
61978,0.011739908
61984,0.016173588
61989,0.007895487
61992,0.0011777725
61997,0.07047591
62005,0.9755976
62006,0.00029706894
62007,0.0023942434
62010,0.00029706894
62014,0.005921417
62016,0.029718162
62024,0.007895487
62025,0.0054914565
62029,0.98572195
62030,0.006510688
62034,0.005416517
62047,0.11518964
62048,0.98572195
62049,0.08075265
62050,0.9943869
62052,0.011659807
62054,0.00027034435
62060,0.0004408163
62061,0.9943869
62063,0.0004408163
62064,0.9715737
62068,0.009700544
62071,0.0010410085
62076,0.0057161534
62078,0.0015907019
62080,0.0012419914
62081,0.007585784
62082,0.9945326
62085,0.0051897475
62087,0.007585784
62090,0.006834625
62093,0.0017603867
62095,0.9943869
62097,0.0054914565
62103,0.0002989136
62110,0.00029706894
62111,0.0025466175
62114,0.0019260534
62125,0.97776663
62128,0.99009657
62130,0.0019260534
62133,0.0054914565
62139,0.007585784
62140,0.005921417
62145,0.012220082
62146,0.85291594
62155,0.11518964
62158,0.0010953033
62161,0.13788998
62167,0.011425274
62170,0.9943869
62171,0.007585784
62173,0.08179209
62174,0.0019914724
62178,0.0054914565
62181,0.11140559
62185,0.0051897475
62186,0.9943869
62187,0.009095114
62188,0.9943869
62195,0.001104645
62198,0.007882682
62204,0.0037301993
62208,0.007585784
62209,0.0017603867
62211,0.039199963
62212,0.0054914565
62215,0.005391357
62217,0.99890935
62225,0.08075265
62229,0.0012419914
62233,0.00029706894
62234,0.08253657
62238,0.039199963
62239,0.007882682
62242,0.0018151832
62246,0.9943869
62259,0.0017603867
62261,0.9945326
62265,0.13788998
62273,0.0025683052
62274,0.005921417
62275,0.009700544
62279,0.00029706894
62280,0.10980627
62282,0.9943869
62293,0.08253657
62298,0.0012497588
62299,0.0001859878
62308,0.008915491
62316,0.0053347936
62319,0.9945326
62323,0.9943869
62325,0.9943869
62329,0.01741845
62330,0.01741845
62331,0.0012419914
62336,0.0048809475
62337,0.012192876
62338,0.011609656
62340,0.9784611
62357,0.016173588
62358,0.9730453
62359,0.007585784
62363,0.06893223
62365,0.13285466
62368,0.9988852
62370,0.9730453
62371,0.007585784
62374,0.8572607
62375,0.008915491
62381,0.007895487
62387,0.11140559
62391,0.017360479
62401,0.00029706894
62402,0.0010953033
62405,0.005921417
62408,0.0054914565
62409,0.13788998
62422,0.0057161534
62426,0.011739908
62428,0.0010410085
62431,0.012192876
62435,0.029718162
62437,0.0054914565
62445,0.011766127
62449,0.008915491
62452,0.008915491
62459,0.0054914565
62466,0.99890935
62467,0.012192876
62471,0.012220082
62480,0.007585784
62484,0.0025466175
62493,0.016262198
62498,0.011425274
62501,0.012192876
62503,0.08560292
62505,0.007585784
62508,0.9943869
62512,0.08253657
62515,0.08179209
62520,0.0023942434
62521,0.9943869
62524,0.9943869
62527,0.012220082
62536,0.9755976
62537,0.15640186
62540,0.0017603867
62558,0.005921417
62562,0.005921417
62563,0.005921417
62565,0.008915491
62566,0.97938216
62567,0.97776663
62570,0.0015907019
62576,0.98572195
62580,0.0057161534
62587,0.0063078487
62588,0.99890935
62597,0.005921417
62602,0.0054914565
62605,0.0063078487
62608,0.99049765
62611,0.0054914565
62612,0.9730453
62616,0.084116235
62617,0.0012497588
62618,0.0010131501
62623,0.9715737
62626,0.007895487
62627,0.0054914565
62631,0.0004450682
62634,0.0780323
62636,0.008915491
62640,0.94736594
62647,0.0067771617
62652,0.012192876
62657,0.0012399772
62668,0.007585784
62669,0.0014906703
62670,0.9943869
62672,0.0064976667
62673,0.0025683052
62679,0.9945326
62680,0.0002989136
62681,0.91451764
62682,0.007882682
62686,0.0014052979
62695,0.0013934174
62697,0.005921417
62698,0.007585784
62699,0.0030530815
62702,0.0018306518
62709,0.03782678
62710,0.012220082
62718,0.007585784
62721,0.0012844531
62724,0.017015647
62729,0.0010410085
62736,0.9613415
62742,0.0002989136
62746,0.0010953033
62747,0.95989203
62748,0.86645067
62749,0.0002989136
62750,0.0004408163
62751,0.0010953033
62754,0.008915491
62762,0.97938216
62764,0.03645669
62766,0.9902293
62779,0.008915491
62782,0.0010953033
62784,0.9945326
62788,0.90556467
62791,0.946454
62796,0.97776663
62799,0.006510688
62803,0.011739908
62804,0.03645669
62811,0.006834625
62814,0.9943869
62815,0.85652375
62819,0.0027375577
62820,0.11518964
62823,0.0010953033
62825,0.11518964
62826,0.0067771617
62827,0.85291594
62841,0.0025466175
62842,0.011739908
62843,0.99890935
62847,0.96988004
62850,0.012192876
62851,0.006510688
62852,0.9711275
62859,0.0010953033
62860,0.007585784
62861,0.0054914565
62864,0.008915491
62867,0.0025466175
62871,0.0013356558
62873,0.6549102
62878,0.0019260534
62887,0.0054914565
62889,0.0166352
62890,0.0010498866
62892,0.0017603867
62893,0.96881986
62898,0.0010410085
62905,0.97776663
62909,0.9730453
62912,0.96988004
62914,0.008915491
62923,0.016173588
62928,0.20311116
62937,0.00059861597
62938,0.97681046
62939,0.007895487
62944,0.0023740218
62946,0.96988004
62957,0.002734933
62958,0.0023740218
62970,0.007741327
62971,0.0027537947
62976,0.99890935
62982,0.0037301993
62984,0.99890935
62985,0.9945326
62988,0.0010410085
62991,0.84697044
62993,0.0025466175
62997,0.009700544
63006,0.0054914565
63010,0.08179209
63019,0.97938216
63020,0.011425274
63023,0.99890935
63024,0.9711275
63025,0.8147041
63027,0.008915491
63028,0.20311116
63030,0.0027375577
63032,0.005921417
63033,0.0025683052
63037,0.43663505
63042,0.99890935
63043,0.97859406
63046,0.0064430186
63047,0.005921417
63049,0.9613415
63054,0.0057161534
63056,0.007895487
63073,0.02394888
63074,0.012220082
63078,0.0002989136
63081,0.9903071
63082,0.98572195
63083,0.11518964
63084,0.008915491
63086,0.0017603867
63087,0.0013356558
63089,0.0015772562
63091,0.0051897475
63098,0.007895487
63099,0.0009746589
63100,0.009700544
63102,0.009801603
63131,0.97938216
63132,0.01646172
63136,0.012192876
63148,0.0054914565
63150,0.98572195
63153,0.00029706894
63157,0.13788998
63160,0.98572195
63161,0.0010340397
63164,0.85291594
63175,0.98572195
63191,0.9943869
63196,0.90356064
63205,0.96988004
63208,0.005391357
63210,0.0057161534
63211,0.012220082
63217,0.0054914565
63218,0.08179209
63223,0.0025466175
63233,0.042192385
63235,0.007882682
63237,0.00029706894
63246,0.0017603867
63254,0.007585784
63255,0.930262
63275,0.005391357
63282,0.98508495
63291,0.9943869
63299,0.0025466175
63302,0.04752252
63309,0.0054914565
63313,0.8838407
63318,0.94736594
63326,0.000573012
63333,0.97859406
63334,0.95624125
63338,0.11140559
63340,0.99890935
63346,0.08253657
63349,0.007585784
63353,0.0057161534
63357,0.00029706894
63359,0.0025466175
63361,0.0064976667
63376,0.012220082
63377,0.0012419914
63394,0.009095114
63398,0.000573012
63400,0.8049218
63407,0.007882682
63410,0.007585784
63411,0.0054914565
63415,0.9943869
63418,0.0025683052
63419,0.008915491
63420,0.0002989136
63421,0.97938216
63423,0.0004408163
63431,0.039199963
63436,0.9687404
63437,0.0067771617
63438,0.99036855
63459,0.98572195
63461,0.9897741
63464,0.0004408163
63466,0.07346896
63473,0.4882081
63475,0.011609656
63476,0.0002989136
63484,0.008915491
63486,0.008915491
63489,0.0013934174
63492,0.008915491
63494,0.0025466175
63496,0.0054914565
63497,0.0025466175
63503,0.0057161534
63504,0.00029706894
63505,0.0064036483
63506,0.0010953033
63510,0.0025683052
63514,0.0027608671
63523,0.07195984
63526,0.009700544
63529,0.004633185
63530,0.007585784
63538,0.0054914565
63539,0.0023740218
63549,0.0019260534
63550,0.012220082
63552,0.97938216
63553,0.011739908
63560,0.009965756
63571,0.0051897475
63572,0.9755976
63573,0.011739908
63578,0.08253657
63581,0.0017603867
63589,0.11518964
63591,0.99195975
63598,0.08253657
63620,0.007882682
63624,0.0010953033
63630,0.001104645
63631,0.9945326
63636,0.00029706894
63638,0.0017603867
63644,0.9342636
63649,0.005391357
63652,0.11518964
63655,0.00017462124
63656,0.007585784
63660,0.009700544
63664,0.11140559
63667,0.00050922687
63671,0.9943869
63681,0.039199963
63682,0.0051897475
63683,0.9730453
63684,0.005391357
63687,0.0013934174
63695,0.9711275
63707,0.9711275
63709,0.0051897475
63715,0.97938216
63721,0.0017603867
63725,0.91451764
63729,0.98508495
63730,0.0014414012
63736,0.007882682
63737,0.0012399772
63741,0.0057161534
63742,0.98572195
63743,0.9945326
63746,0.0004408163
63752,0.007585784
63753,0.005391357
63759,0.005391357
63764,0.46483666
63765,0.016886668
63768,0.03782678
63776,0.9916277
63792,0.0010953033
63796,0.8098255
63797,0.0014052979
63812,0.0026020675
63813,0.806782
63814,0.0017603867
63815,0.016173588
63820,0.0054914565
63827,0.007412488
63831,0.006555418
63839,0.0023740218
63840,0.009801603
63843,0.0057161534
63848,0.0010953033
63849,0.012220082
63852,0.000573012
63853,0.00029706894
63854,0.9945326
63855,0.0027608671
63857,0.0054914565
63858,0.11518964
63861,0.9980508
63865,0.98508495
63866,0.0027608671
63869,0.007412488
63879,0.0025683052
63881,0.009700544
63888,0.9988852
63889,0.005921417
63902,0.006510688
63904,0.0013243644
63906,0.9711275
63908,0.007585784
63909,0.0017603867
63911,0.43835506
63918,0.0017603867
63931,0.0019097788
63939,0.08179209
63942,0.0018151832
63943,0.0064430186
63944,0.011659807
63946,0.9711275
63948,0.9730453
63949,0.08179209
63953,0.012192876
63957,0.0004408163
63958,0.07047591
63963,0.007585784
63964,0.9988852
63973,0.9943869
63976,0.008915491
63977,0.011739908
63984,0.012192876
63986,0.001104645
63988,0.016173588
63994,0.9745506
63998,0.0010953033
64000,0.087064154
64001,0.9810044
64002,0.9613415
64006,0.085064985
64015,0.08253657
64023,0.98074967
64031,0.9810044
64032,0.008915491
64052,0.11518964
64056,0.012192876
64058,0.0017603867
64061,0.08253657
64064,0.029718162
64066,0.8098255
64069,0.0010953033
64070,0.99890935
64074,0.011766127
64081,0.0054914565
64083,0.007585784
64085,0.946454
64087,0.007585784
64090,0.007895487
64092,0.9943869
64110,0.007585784
64111,0.0012497588
64112,0.7881368
64116,0.0026242237
64120,0.0010953033
64125,0.11518964
64126,0.0004408163
64134,0.85291594
64135,0.0015772562
64136,0.0054914565
64137,0.97938216
64138,0.0054914565
64147,0.007585784
64154,0.012220082
64155,0.00029706894
64157,0.0017603867
64158,0.97914463
64163,0.007585784
64164,0.012220082
64172,0.08253657
64176,0.98572195
64182,0.99890935
64192,0.0013356558
64193,0.0014052979
64203,0.97776663
64207,0.92531705
64212,0.012192876
64215,0.8672062
64228,0.011303512
64229,0.005921417
64235,0.11518964
64238,0.9988852
64243,0.0025683052
64246,0.0017725392
64247,0.94736594
64248,0.95989203
64252,0.765343
64256,0.0002989136
64259,0.0025683052
64262,0.96988004
64264,0.016283624
64265,0.0054914565
64267,0.08253657
64272,0.040487528
64273,0.008915491
64274,0.0012419914
64285,0.0010498866
64289,0.007895487
64290,0.008915491
64293,0.012192876
64305,0.006834625
64313,0.9755976
64319,0.008915491
64321,0.0027375577
64327,0.0018306518
64331,0.007585784
64333,0.0002989136
64335,0.0054914565
64342,0.0023334303
64344,0.0009746589
64345,0.17660639
64348,0.012220082
64350,0.007882682
64351,0.0054914565
64353,0.0010953033
64355,0.0057161534
64360,0.9687404
64363,0.9945326
64364,0.008915491
64370,0.005391357
64386,0.012192876
64387,0.9943869
64388,0.0025466175
64389,0.007882682
64399,0.9945326
64402,0.00029706894
64404,0.0017725392
64409,0.0013153577
64412,0.99840015
64418,0.08253657
64419,0.08253657
64424,0.007882682
64431,0.007585784
64437,0.011303512
64438,0.0054914565
64439,0.007882682
64440,0.002564381
64449,0.9943869
64451,0.012220082
64454,0.0004408163
64456,0.009700544
64461,0.9943869
64466,0.9943869
64467,0.11518964
64471,0.98572195
64478,0.0025466175
64481,0.99808323
64483,0.039199963
64485,0.008915491
64494,0.007585784
64500,0.99890935
64502,0.005921417
64505,0.0004408163
64507,0.0012399772
64510,0.007585784
64511,0.008204403
64513,0.00029706894
64518,0.9943869
64526,0.007585784
64534,0.9945326
64541,0.96988004
64547,0.8149166
64551,0.08096825
64552,0.012220082
64557,0.0027537947
64558,0.0057161534
64564,0.0010953033
64566,0.047139168
64572,0.0025466175
64574,0.0009746589
64577,0.016173588
64586,0.0013934174
64587,0.008915491
64594,0.9755976
64595,0.008738777
64597,0.007882682
64601,0.008915491
64602,0.009700544
64608,0.012192876
64611,0.9943869
64615,0.0013934174
64640,0.012192876
64643,0.012220082
64647,0.008915491
64650,0.004633185
64654,0.007585784
64655,0.011739908
64656,0.0051897475
64657,0.9945326
64659,0.0057161534
64663,0.0030530815
64665,0.97938216
64675,0.0030530815
64685,0.99890935
64687,0.039199963
64690,0.00029706894
64693,0.97859406
64697,0.007585784
64699,0.006834625
64708,0.08179209
64711,0.0014052979
64715,0.9810044
64721,0.007895487
64722,0.0027608671
64729,0.016173588
64734,0.0054914565
64737,0.9943869
64744,0.0017603867
64746,0.0051897475
64759,0.006834625
64760,0.03782678
64764,0.9988852
64765,0.0166352
64771,0.930262
64776,0.0054914565
64779,0.97938216
64781,0.0011611704
64791,0.01646172
64793,0.0017603867
64796,0.0057161534
64800,0.0017603867
64803,0.007585784
64804,0.0025683052
64805,0.0054914565
64809,0.9945326
64810,0.005391357
64812,0.9943869
64815,0.0023942434
64823,0.0057161534
64824,0.006510688
64836,0.0010498866
64839,0.007585784
64853,0.0023334303
64854,0.0051897475
64859,0.007585784
64861,0.006363628
64867,0.012192876
64870,0.9897552
64871,0.0004408163
64876,0.08253657
64884,0.009801603
64885,0.0013934174
64886,0.946454
64890,0.0012497588
64894,0.00029706894
64896,0.0012844531
64897,0.008915491
64898,0.9730453
64900,0.99890935
64901,0.0002989136
64903,0.012192876
64914,0.9943869
64915,0.006834625
64916,0.007585784
64921,0.008204403
64922,0.0017603867
64945,0.0054914565
64955,0.98572195
64960,0.008204403
64965,0.20311116
64968,0.0014052979
64979,0.0051897475
64981,0.0017603867
64983,0.005391357
64988,0.007895487
64990,0.012220082
64995,0.007585784
64998,0.01632463
64999,0.002734933
65002,0.000573012
65005,0.0017725392
65006,0.0025683052
65009,0.008915491
65010,0.001104645
65015,0.0023942434
65020,0.006510688
65026,0.03782678
65027,0.98959154
65028,0.97938216
65036,0.007741327
65042,0.007882682
65054,0.00029706894
65059,0.005627036
65060,0.005391357
65061,0.8352774
65063,0.9914534
65067,0.012192876
65072,0.0012419914
65073,0.0010953033
65080,0.008915491
65082,0.08253657
65084,0.08253657
65095,0.8491912
65100,0.011739908
65102,0.0027903668
65103,0.016173588
65106,0.002564381
65111,0.10980627
65115,0.0030530815
65124,0.016173588
65130,0.0064036483
65131,0.0023740218
65137,0.0054914565
65144,0.08075265
65148,0.0010410085
65154,0.0017725392
65156,0.0010410085
65161,0.0017603867
65162,0.0051897475
65164,0.008915491
65165,0.007585784
65167,0.040487528
65169,0.0009746589
65172,0.97859406
65174,0.0017603867
65176,0.005071878
65180,0.007585784
65185,0.007585784
65199,0.0054914565
65201,0.9943869
65206,0.007585784
65207,0.005627036
65208,0.008915491
65210,0.0054914565
65215,0.0010953033
65220,0.005391357
65222,0.008915491
65231,0.0025466175
65247,0.97938216
65254,0.98572195
65255,0.98508495
65257,0.9943869
65259,0.9578168
65278,0.0010953033
65280,0.009700544
65285,0.8838407
65286,0.0057161534
65291,0.0017603867
65295,0.0057161534
65299,0.0054914565
65303,0.006510688
65307,0.008915491
65309,0.0023334303
65320,0.0054914565
65321,0.0051897475
65326,0.98056465
65332,0.76381266
65336,0.007585784
65340,0.0057161534
65349,0.007585784
65350,0.00029706894
65351,0.11518964
65360,0.007585784
65363,0.0054914565
65364,0.85291594
65365,0.008915491
65366,0.0057161534
65367,0.0017603867
65371,0.0054914565
65372,0.0023740218
65375,0.0014052979
65383,0.0054914565
65384,0.0017603867
65388,0.0025683052
65389,0.0014052979
65391,0.009700544
65403,0.012192876
65404,0.0054914565
65405,0.0002989136
65407,0.007585784
65412,0.0004408163
65414,0.0017603867
65422,0.0054914565
65426,0.005391357
65433,0.0017603867
65437,0.007895487
65439,0.94736594
65446,0.98508495
65449,0.98572195
65452,0.9900656
65453,0.001104645
65454,0.10980627
65456,0.0054914565
65457,0.0057161534
65458,0.009965756
65461,0.9943869
65476,0.8147041
65478,0.03645669
65486,0.90356064
65489,0.0014052979
65494,0.95989203
65496,0.0054914565
65498,0.00027034435
65500,0.0017603867
65505,0.08253657
65511,0.007585784
65513,0.008915491
65515,0.007882682
65518,0.007585784
65524,0.0017603867
65530,0.96988004
65532,0.0054914565
65540,0.010128021
65541,0.43663505
65556,0.03782678
65559,0.97776663
65562,0.18620667
65570,0.9897552
65577,0.19284585
65588,0.9943869
65592,0.9943869
65598,0.008915491
65601,0.9687404
65603,0.005921417
65606,0.0166352
65611,0.11140559
65616,0.00050922687
65618,0.0023740218
65622,0.008915491
65625,0.08253657
65635,0.11140559
65636,0.012220082
65638,0.00029706894
65639,0.0012391927
65642,0.007895487
65654,0.0064976667
65659,0.006834625
65664,0.946454
65666,0.0027375577
65675,0.07742285
65679,0.007882682
65682,0.9943869
65686,0.0004450682
65691,0.007585784
65692,0.012192876
65694,0.012192876
65697,0.008204403
65699,0.9945326
65704,0.0010410085
65707,0.0013934174
65710,0.0002989136
65712,0.011739908
65714,0.97859406
65715,0.9711275
65717,0.006834625
65719,0.00050922687
65720,0.0004408163
65727,0.97776663
65729,0.007882682
65732,0.0019260534
65736,0.007585784
65747,0.0002989136
65748,0.0054914565
65755,0.008915491
65765,0.9945326
65769,0.005546289
65780,0.99890935
65781,0.012220082
65783,0.008915491
65784,0.000573012
65792,0.0019097788
65794,0.011739908
65796,0.9943869
65798,0.007882682
65802,0.9945326
65805,0.008204403
65822,0.97938216
65825,0.0004450682
65827,0.0054914565
65831,0.005391357
65833,0.005391357
65838,0.007895487
65840,0.0017603867
65841,0.08253657
65845,0.11518964
65848,0.00029706894
65849,0.946454
65850,0.007585784
65851,0.011766127
65852,0.006510688
65854,0.001104645
65858,0.00059861597
65861,0.016173588
65869,0.0057161534
65873,0.005391357
65880,0.0019914724
65884,0.9988852
65885,0.0027375577
65888,0.0004450682
65889,0.99890935
65890,0.011659807
65899,0.0023334303
65900,0.0166352
65904,0.0019260534
65907,0.0013153577
65910,0.97938216
65915,0.007585784
65924,0.0057161534
65931,0.9300587
65933,0.97938216
65936,0.005391357
65937,0.0019914724
65943,0.9578168
65945,0.0004408163
65952,0.0010953033
65960,0.0025683052
65965,0.0025683052
65966,0.0012986109
65975,0.97938216
65980,0.0054914565
65983,0.009700544
65985,0.98572195
65986,0.43663505
65989,0.0010953033
65990,0.9613415
65996,0.9943869
66001,0.0014906703
66003,0.00027034435
66004,0.99890935
66009,0.98572195
66010,0.08253657
66015,0.011766127
66017,0.007882682
66018,0.0026645584
66020,0.006555418
66022,0.0025683052
66026,0.11518964
66030,0.005391357
66040,0.8475974
66047,0.02394888
66053,0.0012419914
66061,0.9945326
66068,0.0054914565
66083,0.011303512
66086,0.00029706894
66088,0.0054914565
66097,0.0010410085
66108,0.98572195
66115,0.0010953033
66119,0.007882682
66120,0.042192385
66123,0.9711275
66126,0.01741845
66129,0.9943869
66135,0.039199963
66137,0.0009746589
66140,0.012192876
66148,0.0010953033
66159,0.0017603867
66160,0.008915491
66167,0.11518964
66168,0.0064430186
66170,0.0004450682
66172,0.03645669
66179,0.9988852
66187,0.9887938
66191,0.005391357
66193,0.00029706894
66194,0.0037301993
66195,0.8543968
66198,0.011766127
66202,0.9943869
66205,0.9988852
66206,0.0014906703
66212,0.9903071
66214,0.008915491
66215,0.97938216
66217,0.0023334303
66222,0.0025683052
66226,0.9943869
66233,0.005627036
66236,0.0025683052
66238,0.007585784
66244,0.0054914565
66246,0.005627036
66252,0.0014052979
66253,0.0017725392
66256,0.0020052171
66258,0.0010953033
66263,0.8672062
66264,0.007585784
66271,0.9810044
66273,0.946454
66276,0.0063078487
66281,0.007882682
66286,0.08560292
66287,0.002564381
66288,0.007882682
66289,0.0009746589
66302,0.0004408163
66303,0.0012419914
66304,0.007585784
66305,0.005546289
66310,0.0018306518
66312,0.0023740218
66314,0.00029706894
66319,0.001104645
66321,0.97914463
66330,0.006510688
66334,0.007895487
66337,0.006555418
66340,0.012220082
66344,0.98572195
66347,0.008915491
66350,0.006834625
66351,0.0009746589
66352,0.98572195
66364,0.0010953033
66365,0.008915491
66367,0.0025683052
66375,0.97683495
66376,0.0018306518
66388,0.0051897475
66392,0.0054914565
66397,0.0017725392
66401,0.0015118856
66404,0.74379927
66406,0.9810044
66410,0.68876815
66411,0.007585784
66416,0.9613415
66424,0.008204403
66426,0.007895487
66427,0.0054914565
66430,0.0054914565
66434,0.843264
66435,0.007585784
66438,0.0019260534
66440,0.0054914565
66451,0.005921417
66452,0.001104645
66453,0.005391357
66456,0.9943869
66461,0.016173588
66462,0.001104645
66464,0.0025466175
66465,0.0051897475
66466,0.9730453
66470,0.946454
66474,0.005071878
66477,0.0166352
66480,0.002564381
66483,0.011766127
66486,0.007882682
66490,0.10980627
66492,0.008915491
66499,0.46483666
66509,0.007585784
66512,0.011739908
66516,0.0004408163
66530,0.007895487
66539,0.0027537947
66544,0.0063078487
66545,0.0010953033
66547,0.0012844531
66548,0.007585784
66551,0.0051897475
66560,0.97683495
66563,0.0025683052
66567,0.9943869
66570,0.0027608671
66574,0.08253657
66583,0.012192876
66585,0.007882682
66587,0.007585784
66589,0.0025683052
66590,0.08531508
66595,0.0054914565
66603,0.08253657
66604,0.011739908
66608,0.9730453
66609,0.016173588
66613,0.8927528
66615,0.9988852
66617,0.0013153577
66618,0.08075265
66624,0.08179209
66630,0.039199963
66633,0.9943869
66649,0.9943869
66653,0.06416396
66656,0.98272187
66662,0.0017603867
66667,0.008915491
66672,0.002734933
66673,0.9943869
66676,0.9945326
66677,0.9943869
66683,0.11140559
66686,0.005921417
66693,0.0054914565
66695,0.9943869
66705,0.0012844531
66709,0.008915491
66710,0.0017603867
66713,0.005391357
66715,0.0067771617
66717,0.9945326
66719,0.0009746589
66720,0.0027375577
66721,0.98572195
66723,0.9730453
66726,0.10980627
66734,0.9730453
66747,0.0017603867
66749,0.03782678
66751,0.0012419914
66759,0.009700544
66769,0.0037301993
66773,0.0014052979
66774,0.0067771617
66777,0.9687404
66780,0.0054914565
66782,0.009700544
66787,0.005391357
66788,0.9943869
66790,0.0054914565
66793,0.98572195
66794,0.007585784
66795,0.99195975
66803,0.007895487
66806,0.007585784
66810,0.6808016
66820,0.0026242237
66823,0.0054914565
66825,0.0012419914
66830,0.007895487
66832,0.0027608671
66835,0.08179209
66839,0.008915491
66842,0.9945326
66843,0.0014052979
66845,0.0015772562
66846,0.0004450682
66850,0.0048809475
66857,0.008915491
66861,0.012192876
66864,0.009700544
66865,0.9945326
66876,0.00029706894
66881,0.012220082
66884,0.0057161534
66886,0.97938216
66887,0.012220082
66894,0.005921417
66896,0.99049115
66900,0.9943869
66901,0.94736594
66906,0.97776663
66923,0.009801603
66944,0.0054914565
66947,0.9943869
66948,0.0054914565
66949,0.009536087
66956,0.9730453
66957,0.0054914565
66958,0.9984346
66961,0.00029706894
66967,0.005391357
66968,0.9687404
66971,0.012220082
66978,0.11140559
66982,0.009700544
66987,0.016173588
66989,0.011659807
66992,0.00029706894
66993,0.9943869
67000,0.95989203
67002,0.00029706894
67005,0.06416396
67006,0.9943869
67007,0.011766127
67008,0.03782678
67009,0.0002989136
67012,0.012220082
67014,0.007585784
67023,0.016173588
67031,0.007882682
67032,0.0019260534
67035,0.016173588
67036,0.00050922687
67037,0.007585784
67040,0.812726
67041,0.009700544
67042,0.009700544
67044,0.001104645
67061,0.007585784
67063,0.992168
67068,0.0054914565
67069,0.0015772562
67075,0.007585784
67077,0.0017725392
67083,0.04490503
67085,0.009700544
67087,0.03645669
67096,0.040487528
67098,0.008204403
67106,0.99890935
67107,0.0166352
67110,0.0009746589
67113,0.85291594
67116,0.012220082
67119,0.9945326
67129,0.85291594
67136,0.9711275
67140,0.9730453
67142,0.0054914565
67144,0.0057161534
67146,0.012192876
67147,0.807717
67150,0.009700544
67155,0.0012391927
67157,0.8572296
67162,0.0030530815
67164,0.012220082
67174,0.9988348
67175,0.005391357
67180,0.0054914565
67183,0.97938216
67186,0.86465985
67197,0.0023942434
67198,0.0054914565
67199,0.008738777
67206,0.9943869
67208,0.011609656
67209,0.005391357
67211,0.9988852
67212,0.9943869
67213,0.005391357
67216,0.002734933
67219,0.0057161534
67239,0.007895487
67240,0.005921417
67242,0.00029706894
67247,0.9114744
67250,0.0017725392
67252,0.10980627
67266,0.07195984
67268,0.97681046
67278,0.008915491
67288,0.008915491
67291,0.9943869
67293,0.042192385
67307,0.0054914565
67309,0.9943869
67311,0.007895487
67316,0.0023942434
67317,0.99890935
67322,0.007882682
67329,0.9745506
67333,0.007895487
67336,0.90556467
67338,0.0017603867
67339,0.98913145
67344,0.0054914565
67348,0.00029706894
67349,0.00050922687
67351,0.8360522
67352,0.006834625
67354,0.0012419914
67361,0.0017603867
67366,0.00029706894
67370,0.00029706894
67371,0.0017725392
67373,0.0017725392
67376,0.0037301993
67379,0.04218095
67380,0.008915491
67383,0.0054914565
67385,0.0054914565
67394,0.009965756
67395,0.9943869
67396,0.9755976
67401,0.0061644185
67411,0.005391357
67413,0.0166352
67414,0.012192876
67422,0.0054914565
67429,0.0012497588
67449,0.0051897475
67455,0.010470025
67456,0.012220082
67457,0.9945326
67459,0.0027608671
67461,0.0026680732
67464,0.007585784
67467,0.9916277
67468,0.0012844531
67469,0.005921417
67478,0.99890935
67479,0.039199963
67482,0.0027608671
67483,0.0004450682
67488,0.004633185
67490,0.011766127
67491,0.85291594
67492,0.0054914565
67509,0.007895487
67510,0.042192385
67511,0.9342636
67517,0.0048809475
67521,0.0054914565
67525,0.0014052979
67527,0.0051897475
67529,0.0025466175
67535,0.009801603
67541,0.0015907019
67544,0.0010410085
67547,0.001104645
67552,0.0020052171
67554,0.0057161534
67558,0.0011777725
67559,0.009801603
67562,0.007882682
67565,0.98572195
67581,0.95989203
67582,0.0017603867
67587,0.84456813
67590,0.005921417
67593,0.0013153577
67595,0.0017603867
67599,0.0002989136
67602,0.99890935
67603,0.007585784
67605,0.0002989136
67612,0.0004408163
67622,0.99890935
67627,0.0030530815
67635,0.96988004
67636,0.005627036
67638,0.0014052979
67643,0.005627036
67645,0.007882682
67648,0.0048809475
67651,0.002734933
67655,0.005921417
67657,0.0017603867
67660,0.0054914565
67663,0.0054914565
67666,0.0010953033
67672,0.012192876
67681,0.8098255
67682,0.0054914565
67684,0.84809923
67685,0.005921417
67686,0.9730453
67689,0.039199963
67690,0.0023740218
67691,0.0002989136
67695,0.9943869
67697,0.9687404
67698,0.9943869
67703,0.99890935
67704,0.03782678
67710,0.9810044
67714,0.00029706894
67722,0.89210016
67730,0.007585784
67732,0.0030530815
67738,0.98572195
67742,0.005627036
67747,0.9357769
67753,0.946454
67762,0.0014906703
67763,0.98572195
67764,0.008915491
67765,0.007895487
67767,0.9613415
67769,0.9988852
67774,0.012220082
67782,0.008915491
67783,0.0017725392
67787,0.9943869
67791,0.0057161534
67793,0.012220082
67799,0.992168
67803,0.0054914565
67811,0.0017603867
67824,0.0018151832
67828,0.007882682
67829,0.97938216
67833,0.0063078487
67842,0.9943869
67846,0.98941714
67849,0.0051897475
67852,0.009700544
67855,0.0023334303
67861,0.9613415
67867,0.0054914565
67870,0.0014052979
67882,0.012192876
67889,0.98572195
67894,0.0017603867
67907,0.9943869
67908,0.007895487
67910,0.0001859878
67914,0.08075265
67925,0.0019097788
67927,0.011938224
67928,0.0004408163
67929,0.9687404
67941,0.011766127
67945,0.0020052171
67946,0.0054914565
67947,0.009700544
67948,0.0004408163
67950,0.9810044
67955,0.012192876
67956,0.0013153577
67957,0.11140559
67964,0.0057161534
67965,0.03782678
67967,0.012192876
67968,0.005391357
67969,0.008915491
67971,0.04065981
67973,0.009095114
67975,0.0019097788
67983,0.011303512
67986,0.0017725392
67994,0.8838407
67996,0.930262
67997,0.008915491
67998,0.0027608671
68005,0.000573012
68007,0.930262
68010,0.0010953033
68012,0.008204403
68015,0.0004408163
68019,0.007882682
68023,0.009700544
68024,0.005921417
68026,0.00029706894
68027,0.008915491
68029,0.00029706894
68030,0.08253657
68039,0.0002989136
68041,0.9613415
68044,0.005391357
68049,0.0025683052
68051,0.0054914565
68052,0.08253657
68056,0.0027375577
68057,0.017273542
68059,0.016173588
68062,0.045271073
68064,0.011766127
68069,0.0057161534
68070,0.009700544
68072,0.008915491
68078,0.0064430186
68081,0.0027608671
68088,0.007882682
68089,0.95989203
68092,0.9943869
68095,0.007882682
68097,0.006137708
68098,0.00018878233
68101,0.007585784
68102,0.99036855
68109,0.007895487
68113,0.007585784
68114,0.008915491
68123,0.03782678
68124,0.9943869
68125,0.99890935
68126,0.9943869
68130,0.009700544
68132,0.00050922687
68150,0.91451764
68152,0.007895487
68156,0.0027375577
68166,0.01646172
68171,0.99890935
68186,0.012192876
68196,0.0025683052
68199,0.084179536
68209,0.0036427644
68211,0.9711275
68218,0.0057161534
68222,0.0002989136
68230,0.005391357
68233,0.005921417
68235,0.0010410085
68238,0.0013153577
68240,0.0023334303
68241,0.97681046
68252,0.84456813
68261,0.99890935
68262,0.011659807
68267,0.10980627
68272,0.0012419914
68274,0.0064976667
68279,0.008915491
68280,0.0054914565
68289,0.85269266
68291,0.9945326
68294,0.97914463
68295,0.0019260534
68296,0.007895487
68301,0.0054914565
68304,0.045271073
68314,0.8037468
68316,0.007585784
68317,0.98508495
68323,0.012220082
68325,0.007585784
68330,0.00029706894
68331,0.95989203
68352,0.68532646
68361,0.0004408163
68372,0.0012391927
68375,0.0054914565
68389,0.96988004
68391,0.0051897475
68400,0.97859406
68410,0.0064430186
68411,0.98508495
68412,0.0025683052
68418,0.0025466175
68419,0.9711275
68420,0.94736594
68429,0.00050922687
68433,0.008915491
68434,0.006834625
68438,0.0166352
68440,0.99890935
68442,0.008738777
68446,0.19284585
68447,0.0013934174
68448,0.9945326
68452,0.009700544
68456,0.039199963
68457,0.20311116
68459,0.08253657
68468,0.008915491
68469,0.0063078487
68475,0.0054914565
68476,0.765343
68487,0.9943869
68489,0.96988004
68490,0.0010410085
68499,0.97938216
68501,0.0004450682
68504,0.0026242237
68507,0.012220082
68508,0.005391357
68524,0.0001859878
68526,0.0026020675
68527,0.0025683052
68528,0.007585784
68533,0.9613415
68541,0.005921417
68543,0.0023495292
68544,0.9916277
68554,0.009801603
68555,0.0010953033
68559,0.930262
68560,0.9730453
68561,0.0023942434
68571,0.007882682
68572,0.009095114
68576,0.98272187
68577,0.016173588
68581,0.0027608671
68584,0.807717
68588,0.007585784
68591,0.0054914565
68595,0.008915491
68602,0.9730453
68605,0.9945326
68606,0.31802842
68609,0.016886668
68612,0.009700544
68617,0.006137708
68622,0.08253657
68627,0.007585784
68628,0.007895487
68630,0.007585784
68638,0.9943869
68649,0.98572195
68655,0.005921417
68656,0.9945326
68661,0.084116235
68664,0.0057161534
68667,0.08253657
68674,0.0017603867
68681,0.946454
68685,0.0054914565
68686,0.0012419914
68690,0.0023495292
68696,0.000573012
68699,0.009965756
68702,0.0010953033
68709,0.007585784
68713,0.009700544
68717,0.0015907019
68721,0.007882682
68722,0.0053347936
68724,0.99890935
68726,0.11518964
68732,0.0054914565
68738,0.0018151832
68739,0.0054914565
68740,0.0011777725
68743,0.0014991066
68746,0.9711275
68747,0.0051897475
68749,0.96988004
68753,0.0017603867
68761,0.0054914565
68767,0.9943869
68770,0.9943869
68773,0.008915491
68783,0.005416517
68790,0.03782678
68791,0.9988091
68795,0.011425274
68797,0.0067771617
68799,0.11140559
68800,0.011766127
68805,0.08253657
68806,0.0054914565
68808,0.012192876
68816,0.005546289
68818,0.0051897475
68820,0.0025466175
68833,0.9897552
68854,0.008738777
68856,0.98572195
68859,0.00029706894
68862,0.007895487
68873,0.007895487
68876,0.011766127
68883,0.00050922687
68892,0.01632463
68893,0.0064430186
68897,0.0025466175
68906,0.00029706894
68909,0.04218095
68910,0.745416
68912,0.96988004
68913,0.005391357
68915,0.01632463
68917,0.0023334303
68933,0.0166352
68935,0.008915491
68946,0.9730453
68953,0.011659807
68956,0.97938216
68960,0.012220082
68964,0.007585784
68967,0.9810044
68970,0.042192385
68979,0.0037301993
68984,0.005416517
68985,0.041240726
68988,0.0025466175
68989,0.007882682
68998,0.008915491
69000,0.005391357
69004,0.0013934174
69006,0.007585784
69012,0.008915491
69016,0.0054914565
69019,0.0017603867
69022,0.012220082
69023,0.9943869
69032,0.98941714
69037,0.0019097788
69040,0.011742515
69041,0.0025466175
69045,0.012220082
69050,0.0051897475
69055,0.0057161534
69062,0.98272187
69064,0.9943869
69074,0.9895836
69078,0.08179209
69079,0.9715737
69080,0.0025466175
69092,0.00029706894
69093,0.0051897475
69096,0.946454
69102,0.9730453
69105,0.012192876
69117,0.0012419914
69118,0.11518964
69128,0.07195984
69130,0.0057161534
69134,0.10980627
69135,0.9613415
69141,0.0054914565
69143,0.00029706894
69156,0.9943869
69158,0.9988852
69177,0.008915491
69182,0.008915491
69186,0.007585784
69192,0.08075265
69194,0.0054914565
69198,0.007895487
69200,0.0014052979
69202,0.03782678
69204,0.9943869
69205,0.016173588
69207,0.0063078487
69210,0.008915491
69214,0.0017725392
69218,0.000573012
69219,0.8519362
69221,0.007585784
69223,0.0017603867
69227,0.83873767
69229,0.97938216
69233,0.0063078487
69244,0.0054914565
69257,0.0026020675
69258,0.008915491
69265,0.00029706894
69266,0.00029706894
69268,0.85291594
69271,0.001104645
69272,0.005627036
69284,0.0054914565
69287,0.0054914565
69288,0.087064154
69289,0.007585784
69295,0.0036427644
69296,0.9943869
69298,0.0025683052
69301,0.0010953033
69308,0.016173588
69311,0.012192876
69320,0.007585784
69325,0.9943869
69330,0.0057161534
69332,0.11518964
69336,0.98572195
69339,0.43663505
69343,0.0057161534
69347,0.016173588
69352,0.085064985
69358,0.0057161534
69359,0.0166352
69365,0.99278754
69370,0.0054914565
69372,0.008915491
69373,0.0030741303
69386,0.011425274
69392,0.9730453
69394,0.9711275
69397,0.005391357
69403,0.0010410085
69410,0.039199963
69414,0.8049218
69417,0.00029706894
69425,0.0027375577
69434,0.98272187
69442,0.016173588
69451,0.9613415
69454,0.007585784
69456,0.007585784
69457,0.99890935
69467,0.8543968
69468,0.005921417
69470,0.008204403
69471,0.005921417
69477,0.8058049
69480,0.8543968
69481,0.98572195
69482,0.007895487
69484,0.99890935
69494,0.005391357
69503,0.99890935
69504,0.0012497588
69505,0.0018151832
69511,0.946454
69513,0.11140559
69515,0.946454
69516,0.008915491
69519,0.042192385
69520,0.008915491
69526,0.9945326
69528,0.9943869
69533,0.007585784
69537,0.0057161534
69540,0.0010498866
69551,0.016874032
69556,0.00029706894
69559,0.0017725392
69566,0.0054914565
69568,0.0010498866
69569,0.08179209
69571,0.08253657
69576,0.0025466175
69587,0.005391357
69592,0.0054914565
69595,0.0063078487
69598,0.9613415
69601,0.0004450682
69605,0.00029706894
69606,0.008915491
69610,0.0023942434
69612,0.11518964
69615,0.11518964
69620,0.0004408163
69628,0.016173588
69633,0.10980627
69639,0.007882682
69641,0.0012399772
69649,0.97776663
69650,0.88438606
69657,0.9893528
69658,0.0166352
69662,0.20311116
69664,0.0012844531
69667,0.0023334303
69673,0.9943869
69679,0.001104645
69683,0.047139168
69687,0.0037301993
69690,0.97859406
69692,0.0011027167
69702,0.9943869
69704,0.012220082
69712,0.008204403
69715,0.20311116
69723,0.007585784
69724,0.007585784
69727,0.0025683052
69730,0.9988852
69733,0.040487528
69735,0.008915491
69739,0.807717
69741,0.0057161534
69742,0.98272187
69743,0.007585784
69745,0.007585784
69746,0.9943869
69749,0.9945326
69750,0.012220082
69755,0.011739908
69762,0.009700544
69764,0.92545295
69765,0.99890935
69779,0.0067771617
69783,0.0014414012
69791,0.008915491
69794,0.9943869
69795,0.0010498866
69799,0.001104645
69805,0.0054914565
69807,0.009700544
69809,0.0014414012
69811,0.11140559
69814,0.005627036
69824,0.43663505
69828,0.009095114
69829,0.0017603867
69830,0.007895487
69833,0.0025683052
69836,0.0012419914
69841,0.005921417
69846,0.99890935
69851,0.007585784
69854,0.005391357
69856,0.008915491
69857,0.98508495
69858,0.0010498866
69861,0.009095114
69870,0.007412488
69875,0.007882682
69878,0.007585784
69886,0.0030741303
69895,0.97776663
69898,0.0057161534
69906,0.005921417
69911,0.0051897475
69912,0.012220082
69914,0.00029706894
69920,0.00051202066
69924,0.98056465
69929,0.0016932035
69930,0.006510688
69932,0.9988852
69934,0.007741327
69943,0.007585784
69947,0.0054914565
69948,0.009700544
69950,0.009700544
69953,0.000573012
69954,0.07195984
69956,0.0054914565
69963,0.0025466175
69965,0.008915491
69966,0.00050922687
69974,0.0054914565
69976,0.946454
69981,0.9943869
69986,0.007585784
69995,0.0012844531
69996,0.007585784
70007,0.9745506
70017,0.001104645
70021,0.0026338627
70023,0.0010498866
70025,0.98508495
70026,0.9945326
70032,0.0025466175
70036,0.007895487
70037,0.0067771617
70039,0.85291594
70040,0.0057161534
70041,0.005391357
70043,0.012192876
70044,0.00029706894
70046,0.9943869
70054,0.012192876
70056,0.0023740218
70058,0.9730453
70070,0.9711275
70078,0.007585784
70080,0.0037301993
70085,0.98056465
70088,0.01632463
70089,0.008915491
70095,0.0004408163
70097,0.97938216
70107,0.012192876
70109,0.001104645
70112,0.007741327
70114,0.0054914565
70117,0.011766127
70121,0.97776663
70131,0.946454
70133,0.0012419914
70148,0.97859406
70150,0.007895487
70152,0.002734933
70160,0.9755976
70164,0.007585784
70165,0.0054914565
70166,0.0010953033
70168,0.98572195
70170,0.11140559
70183,0.009700544
70184,0.97859406
70187,0.0017603867
70188,0.0025466175
70194,0.9945326
70195,0.016173588
70203,0.0010131501
70204,0.047139168
70222,0.006510688
70225,0.9943869
70227,0.00029706894
70230,0.08253657
70231,0.084116235
70232,0.00029706894
70240,0.008915491
70251,0.97938216
70253,0.005391357
70254,0.0166352
70256,0.0057161534
70259,0.008915491
70262,0.946454
70263,0.03782678
70264,0.0013153577
70267,0.007585784
70268,0.0017725392
70269,0.009700544
70270,0.007882682
70271,0.007585784
70279,0.00029706894
70284,0.9945326
70289,0.008738777
70291,0.009700544
70295,0.0011878167
70300,0.99890935
70301,0.18620667
70308,0.00029706894
70310,0.99890935
70311,0.0054914565
70334,0.005921417
70337,0.005391357
70338,0.0027537947
70341,0.031098463
70346,0.00050922687
70347,0.0025683052
70348,0.039199963
70353,0.90356064
70359,0.97950304
70363,0.9945326
70364,0.8835139
70366,0.007895487
70367,0.00029706894
70371,0.006363628
70384,0.005071878
70396,0.012220082
70399,0.0023740218
70412,0.9945326
70415,0.0054914565
70416,0.94736594
70418,0.85291594
70419,0.007585784
70423,0.03782678
70426,0.016283624
70427,0.9943869
70428,0.6732407
70431,0.012192876
70432,0.009700544
70437,0.007882682
70440,0.00029706894
70441,0.006834625
70445,0.9891376
70447,0.9810044
70449,0.9730453
70450,0.040487528
70452,0.03782678
70453,0.97938216
70454,0.0036427644
70457,0.9943869
70460,0.9900656
70468,0.016173588
70469,0.0012419914
70474,0.989947
70480,0.0010498866
70484,0.005921417
70488,0.9943869
70493,0.001104645
70496,0.008915491
70497,0.0010498866
70498,0.0064976667
70499,0.9578168
70502,0.03782678
70511,0.9943869
70513,0.9730453
70521,0.97938216
70528,0.9945326
70535,0.005921417
70537,0.0013153577
70546,0.99890935
70553,0.08179209
70554,0.0027375577
70560,0.005391357
70564,0.0054914565
70568,0.007882682
70571,0.0015118856
70575,0.00029706894
70576,0.0057161534
70580,0.007585784
70581,0.0004408163
70582,0.0067771617
70583,0.9943869
70584,0.9613415
70589,0.005627036
70590,0.0012399772
70593,0.9943869
70597,0.9943869
70617,0.807717
70618,0.012220082
70620,0.006834625
70621,0.002564381
70623,0.0018306518
70628,0.08179209
70629,0.9730453
70634,0.0064430186
70635,0.0054914565
70641,0.08253657
70644,0.012192876
70645,0.03782678
70653,0.008915491
70655,0.00029706894
70659,0.007585784
70660,0.0010953033
70663,0.9897552
70665,0.0025466175
70667,0.0017725392
70668,0.005391357
70694,0.009700544
70695,0.96988004
70700,0.0017603867
70702,0.9943869
70703,0.016173588
70704,0.0166352
70706,0.0025683052
70708,0.087064154
70718,0.0047442787
70719,0.0057161534
70723,0.016173588
70724,0.9945326
70726,0.005391357
70729,0.0054914565
70731,0.99890935
70733,0.0023942434
70737,0.017360479
70740,0.0013153577
70742,0.97875744
70745,0.96988004
70748,0.005921417
70750,0.0023495292
70754,0.012220082
70760,0.0019914724
70761,0.99890935
70765,0.00018858463
70767,0.009852302
70768,0.0027375577
70769,0.9945326
70771,0.20311116
70774,0.8009081
70776,0.0010131501
70777,0.0063078487
70790,0.002564381
70792,0.016173588
70793,0.0004408163
70800,0.9945326
70805,0.007585784
70807,0.0017603867
70811,0.012220082
70820,0.68876815
70827,0.96881986
70833,0.17660639
70836,0.97950304
70840,0.08253657
70843,0.005921417
70845,0.007585784
70847,0.0004408163
70852,0.001104645
70862,0.0002989136
70865,0.99195975
70868,0.92575645
70870,0.0012844531
70878,0.0002989136
70881,0.008204403
70882,0.96988004
70885,0.68532646
70887,0.0030530815
70889,0.8186567
70895,0.007895487
70896,0.9945326
70897,0.012192876
70899,0.11140559
70909,0.0012419914
70919,0.012192876
70920,0.0054914565
70926,0.016173588
70927,0.009700544
70929,0.9613415
70933,0.9730453
70934,0.029718162
70937,0.7450826
70943,0.96988004
70948,0.00029706894
70949,0.0054914565
70952,0.97938216
70967,0.0004408163
70975,0.00050922687
70982,0.0010953033
70986,0.007882682
70995,0.0027375577
71010,0.0054914565
71012,0.98572195
71015,0.0027608671
71021,0.012220082
71023,0.005071878
71029,0.00050922687
71032,0.0023334303
71033,0.0012391927
71040,0.0009746589
71043,0.008915491
71044,0.97938216
71054,0.9988852
71056,0.90556467
71073,0.97776663
71083,0.0015907019
71091,0.0015118856
71093,0.98572195
71095,0.0166352
71096,0.98508495
71101,0.0054914565
71103,0.0010953033
71105,0.005627036
71108,0.9730453
71109,0.85291594
71116,0.0025466175
71121,0.005921417
71122,0.0010953033
71131,0.9810044
71132,0.004633185
71135,0.005391357
71139,0.0011777725
71145,0.9945326
71146,0.0064036483
71149,0.08253657
71151,0.0051897475
71152,0.007895487
71153,0.005627036
71154,0.009700544
71157,0.047139168
71165,0.006834625
71166,0.91478145
71167,0.9943869
71168,0.9988348
71177,0.0017603867
71178,0.0025683052
71179,0.0054914565
71184,0.9730453
71189,0.21678838
71192,0.9730453
71202,0.20311116
71205,0.007585784
71206,0.005391357
71214,0.0037301993
71219,0.8055378
71220,0.0054914565
71222,0.005391357
71226,0.012192876
71227,0.99890935
71231,0.011766127
71242,0.009700544
71244,0.0017725392
71246,0.9730453
71250,0.0018151832
71254,0.9943869
71255,0.011425274
71263,0.0019914724
71265,0.9943869
71268,0.9896904
71279,0.040487528
71280,0.00029706894
71283,0.98572195
71284,0.99890935
71285,0.0037301993
71293,0.006137708
71296,0.9916277
71300,0.8037468
71311,0.007895487
71317,0.007585784
71318,0.0051897475
71320,0.0025683052
71340,0.8186567
71343,0.007412488
71345,0.68876815
71348,0.007882682
71349,0.98572195
71350,0.007585784
71352,0.008915491
71360,0.11140559
71361,0.07195984
71366,0.9613415
71367,0.9943869
71369,0.001104645
71370,0.008915491
71371,0.007412488
71381,0.012192876
71386,0.005391357
71387,0.97938216
71390,0.6581646
71391,0.0023942434
71405,0.0048809475
71412,0.20311116
71415,0.008915491
71418,0.98572195
71422,0.96988004
71426,0.007585784
71427,0.0054914565
71429,0.005391357
71430,0.08179209
71435,0.01741845
71442,0.98508495
71447,0.9645805
71455,0.08253657
71456,0.20311116
71457,0.0010498866
71462,0.007895487
71464,0.9945326
71468,0.0014052979
71470,0.9943869
71475,0.0027608671
71477,0.9943869
71480,0.0027608671
71491,0.0013356558
71493,0.005391357
71494,0.97938216
71499,0.9945326
71506,0.007585784
71509,0.03782678
71519,0.0053347936
71521,0.007882682
71525,0.008915491
71530,0.08253657
71533,0.08075265
71542,0.9943869
71556,0.0054914565
71570,0.0010498866
71572,0.005391357
71573,0.9943869
71576,0.0057161534
71579,0.008915491
71585,0.97859406
71590,0.007585784
71593,0.9943869
71596,0.0067771617
71599,0.0054914565
71603,0.0012419914
71605,0.97938216
71607,0.031098463
71608,0.012220082
71611,0.9943869
71633,0.0017603867
71634,0.9988852
71656,0.029718162
71657,0.007882682
71660,0.0023740218
71661,0.0025683052
71669,0.009700544
71676,0.005921417
71683,0.016173588
71688,0.012192876
71690,0.007585784
71691,0.011425274
71697,0.08253657
71703,0.007585784
71705,0.9943869
71706,0.07289233
71708,0.01646172
71719,0.0054914565
71729,0.84490764
71734,0.08253657
71735,0.99004537
71736,0.0023740218
71740,0.011739908
71741,0.0027375577
71743,0.042192385
71744,0.007585784
71747,0.0010953033
71752,0.9943869
71756,0.9943869
71759,0.008915491
71771,0.08253657
71772,0.08179209
71776,0.0001859878
71782,0.0012419914
71786,0.0025466175
71787,0.03782678
71788,0.9001699
71791,0.005627036
71796,0.011659807
71798,0.0057161534
71800,0.0025683052
71805,0.17660639
71807,0.007585784
71816,0.0002989136
71822,0.0054914565
71831,0.002734933
71834,0.0057161534
71835,0.11140559
71840,0.0030530815
71846,0.007585784
71849,0.0010953033
71858,0.98913145
71870,0.08253657
71875,0.005391357
71877,0.9943869
71883,0.9943869
71886,0.9943869
71888,0.0014991066
71889,0.014790389
71902,0.006363628
71908,0.007585784
71918,0.0012391927
71930,0.0010410085
71931,0.0166352
71948,0.009801603
71950,0.98572195
71957,0.0054914565
71958,0.0054914565
71962,0.0010498866
71965,0.007585784
71967,0.9810044
71971,0.0002989136
71975,0.99254966
71977,0.97950304
71987,0.8475974
71988,0.012220082
71989,0.009700544
71990,0.000573012
71992,0.11140559
71996,0.94736594
72001,0.008204403
72008,0.0030741303
72009,0.9730453
72011,0.0015907019
72032,0.016173588
72034,0.0017603867
72047,0.81064224
72054,0.0025683052
72060,0.0025466175
72061,0.0054914565
72066,0.008915491
72067,0.005391357
72071,0.00029706894
72079,0.007585784
72080,0.0067771617
72082,0.00029706894
72095,0.0057161534
72098,0.00029706894
72106,0.11518964
72107,0.008915491
72114,0.8400798
72115,0.002564381
72122,0.005391357
72123,0.99890935
72128,0.0064036483
72132,0.9578168
72135,0.95989203
72136,0.98572195
72137,0.9730453
72138,0.0025683052
72151,0.0009746589
72152,0.00050922687
72161,0.98572195
72167,0.9943869
72170,0.0027537947
72172,0.9730453
72173,0.006555418
72174,0.84456813
72175,0.005391357
72180,0.17660639
72184,0.0010498866
72185,0.9943869
72192,0.001104645
72197,0.08253657
72202,0.0004408163
72205,0.0053347936
72214,0.039199963
72215,0.007585784
72223,0.9943869
72226,0.08179209
72229,0.007585784
72231,0.00029706894
72237,0.0004408163
72238,0.88438606
72239,0.8838407
72241,0.011766127
72242,0.005391357
72255,0.008915491
72261,0.0025683052
72262,0.008204403
72264,0.04237643
72286,0.85291594
72292,0.0054914565
72294,0.9943869
72295,0.005391357
72300,0.0166352
72308,0.0051897475
72311,0.016283624
72314,0.9945326
72315,0.0026242237
72316,0.9711275
72322,0.008915491
72327,0.9943869
72328,0.005391357
72331,0.0010953033
72337,0.006510688
72338,0.012192876
72342,0.00050922687
72344,0.0023740218
72345,0.0015907019
72346,0.041240726
72350,0.08560292
72357,0.0027608671
72358,0.0025466175
72359,0.98508495
72361,0.02394888
72366,0.9943869
72368,0.08179209
72377,0.08179209
72382,0.0012419914
72385,0.009700544
72386,0.0054914565
72389,0.005391357
72393,0.000573012
72396,0.0051897475
72399,0.0025466175
72407,0.0048809475
72408,0.0017891184
72409,0.9784611
72418,0.007585784
72419,0.007585784
72420,0.0054914565
72421,0.9943869
72425,0.007585784
72434,0.0051897475
72435,0.012220082
72438,0.007585784
72441,0.82406247
72449,0.007585784
72453,0.98572195
72462,0.98572195
72484,0.0009746589
72485,0.0017603867
72489,0.039199963
72492,0.8186567
72495,0.97938216
72497,0.99890935
72498,0.0012419914
72500,0.008204403
72503,0.0054914565
72504,0.008915491
72505,0.00187367
72506,0.00029706894
72508,0.9945326
72517,0.0010498866
72519,0.82406247
72521,0.9943869
72523,0.00029706894
72526,0.03782678
72530,0.009095114
72531,0.007895487
72535,0.007585784
72536,0.007585784
72537,0.99195975
72538,0.97776663
72539,0.0030530815
72541,0.009095114
72549,0.10980627
72553,0.005391357
72555,0.005391357
72564,0.0013934174
72566,0.9943869
72578,0.9943869
72582,0.91451764
72592,0.0017725392
72593,0.0057161534
72597,0.13285466
72598,0.0054914565
72605,0.98572195
72606,0.9945326
72613,0.005391357
72615,0.0015907019
72617,0.005071878
72618,0.008204403
72621,0.008915491
72625,0.01646172
72632,0.98572195
72637,0.00029706894
72638,0.006510688
72655,0.008915491
72656,0.012220082
72662,0.0027608671
72665,0.9943869
72670,0.9730453
72677,0.006510688
72683,0.0012844531
72684,0.9943869
72687,0.0054914565
72701,0.009801603
72706,0.0015907019
72709,0.008915491
72711,0.0004408163
72714,0.97938216
72716,0.0166352
72727,0.0017603867
72729,0.006510688
72732,0.0054914565
72748,0.97914463
72749,0.005391357
72751,0.08335695
72754,0.012220082
72755,0.0037301993
72756,0.008915491
72760,0.0057161534
72771,0.007882682
72773,0.84061635
72775,0.0025466175
72776,0.08253657
72777,0.946454
72781,0.18620667
72786,0.0057161534
72790,0.9900656
72799,0.008915491
72801,0.016173588
72803,0.007895487
72805,0.99890935
72806,0.0004450682
72809,0.0019260534
72816,0.0064976667
72817,0.007895487
72831,0.04752252
72832,0.00050922687
72835,0.0064430186
72840,0.0027608671
72846,0.8036627
72848,0.007585784
72851,0.0015772562
72863,0.008915491
72888,0.9730453
72893,0.016173588
72896,0.9730453
72898,0.009700544
72901,0.9945326
72908,0.0057161534
72915,0.011739908
72917,0.90356064
72920,0.011766127
72921,0.008915491
72927,0.0166352
72938,0.0004450682
72943,0.001104645
72948,0.95989203
72949,0.007895487
72954,0.98572195
72961,0.006363628
72970,0.011766127
72976,0.007895487
72978,0.00029706894
72990,0.005391357
72991,0.0057161534
72992,0.0067771617
72995,0.0054914565
73001,0.0057161534
73009,0.001104645
73010,0.9730453
73014,0.005921417
73017,0.008738777
73020,0.000573012
73022,0.0023942434
73028,0.97938216
73035,0.9745506
73037,0.007585784
73040,0.007882682
73044,0.08179209
73055,0.08253657
73057,0.009700544
73061,0.011739908
73073,0.99890935
73075,0.946454
73083,0.0054914565
73086,0.0019097788
73089,0.006510688
73101,0.005391357
73119,0.007585784
73125,0.0010953033
73127,0.016173588
73131,0.012220082
73133,0.8526608
73134,0.0014052979
73138,0.001104645
73142,0.016173588
73150,0.08253657
73151,0.0054914565
73154,0.0054914565
73157,0.011739908
73166,0.99890935
73169,0.0054914565
73176,0.0054914565
73180,0.0004408163
73181,0.007895487
73182,0.96988004
73186,0.9945326
73187,0.007895487
73192,0.009700544
73193,0.0023740218
73204,0.00029706894
73206,0.03782678
73207,0.0057161534
73209,0.008915491
73210,0.0023495292
73211,0.9945326
73214,0.008738777
73216,0.001104645
73222,0.008915491
73228,0.9943869
73233,0.007585784
73239,0.00029706894
73241,0.97859406
73248,0.04237643
73249,0.00029706894
73251,0.19284585
73252,0.85291594
73253,0.007585784
73257,0.9943869
73261,0.0166352
73264,0.0025683052
73267,0.0057161534
73269,0.008915491
73279,0.012192876
73284,0.99036855
73296,0.9945326
73297,0.0010498866
73305,0.0064976667
73308,0.08253657
73311,0.007741327
73312,0.9943869
73316,0.99890935
73319,0.9916277
73322,0.9943869
73326,0.9945326
73332,0.9945326
73333,0.0019097788
73336,0.11518964
73339,0.9578168
73340,0.08253657
73343,0.00029706894
73344,0.9916277
73346,0.6732407
73360,0.007895487
73369,0.0036427644
73370,0.012220082
73375,0.00029706894
73381,0.9945326
73387,0.0054914565
73388,0.0019097788
73390,0.008915491
73392,0.007585784
73396,0.0017603867
73397,0.008915491
73402,0.9943869
73403,0.97938216
73404,0.08179209
73406,0.0027375577
73413,0.0010953033
73425,0.011659807
73431,0.98572195
73437,0.11518964
73439,0.008915491
73440,0.96988004
73446,0.806782
73450,0.02394888
73458,0.0010410085
73464,0.0057161534
73466,0.99890935
73468,0.009801603
73477,0.98572195
73484,0.00029214445
73489,0.001104645
73490,0.007585784
73492,0.0017603867
73493,0.005416517
73496,0.085064985
73497,0.007585784
73499,0.9943869
73501,0.008915491
73502,0.012192876
73505,0.007585784
73509,0.08253657
73512,0.97776663
73513,0.11518964
73514,0.008915491
73520,0.008915491
73521,0.008915491
73522,0.0013934174
73529,0.0067771617
73533,0.9943869
73534,0.0017603867
73540,0.946454
73541,0.0054914565
73545,0.98508495
73556,0.012192876
73560,0.0002989136
73563,0.0067771617
73564,0.085064985
73569,0.0030530815
73571,0.8474271
73578,0.005391357
73579,0.0166352
73580,0.98508495
73583,0.0036427644
73585,0.0002989136
73591,0.0017603867
73598,0.007895487
73600,0.0019097788
73608,0.00029706894
73610,0.9890982
73612,0.0015772562
73620,0.00029706894
73623,0.00029706894
73624,0.9943869
73628,0.98572195
73638,0.0054914565
73640,0.010470025
73641,0.011659807
73649,0.08253657
73655,0.03645669
73656,0.0036427644
73657,0.0010953033
73659,0.99890935
73660,0.9943869
73661,0.009700544
73665,0.0025466175
73671,0.0051897475
73679,0.0054914565
73681,0.9893175
73682,0.08179209
73688,0.9711275
73695,0.0054914565
73696,0.9943869
73698,0.9945326
73700,0.96988004
73701,0.9943869
73702,0.0067771617
73705,0.0018151832
73711,0.009700544
73713,0.0018151832
73717,0.97776663
73723,0.0057161534
73724,0.0017725392
73729,0.97938216
73735,0.0001859878
73736,0.016173588
73743,0.008915491
73750,0.007585784
73758,0.005627036
73760,0.0004450682
73761,0.8543968
73762,0.012220082
73766,0.007585784
73770,0.98572195
73781,0.011739908
73782,0.9988852
73787,0.039199963
73789,0.002734933
73791,0.9711275
73792,0.007895487
73793,0.11518964
73796,0.007585784
73802,0.43663505
73806,0.97776663
73809,0.00029706894
73813,0.8543968
73818,0.008915491
73832,0.006137708
73834,0.007585784
73837,0.0002989136
73838,0.85291594
73840,0.024132876
73846,0.016173588
73849,0.0067771617
73854,0.007585784
73873,0.011303512
73876,0.008915491
73878,0.9730453
73880,0.9613415
73884,0.012220082
73885,0.9715737
73887,0.007895487
73891,0.0054914565
73892,0.10980627
73893,0.0014414012
73895,0.0019260534
73897,0.008204403
73903,0.0054914565
73907,0.13788998
73908,0.012220082
73914,0.0054914565
73915,0.0057161534
73916,0.9943869
73920,0.0010953033
73932,0.17660639
73933,0.0015772562
73936,0.009700544
73937,0.008915491
73939,0.00029706894
73940,0.0054914565
73942,0.84456813
73943,0.08179209
73948,0.98056465
73949,0.0057161534
73951,0.016173588
73955,0.0036427644
73956,0.97859406
73971,0.031098463
73972,0.008915491
73975,0.0067771617
73976,0.15731338
73984,0.005391357
73985,0.007882682
73986,0.0026242237
73989,0.0017603867
73991,0.085064985
73992,0.0010953033
73993,0.9711275
73998,0.9916277
74000,0.9943869
74001,0.99890935
74003,0.0027375577
74008,0.006510688
74009,0.00051202066
74010,0.012192876
74011,0.0054914565
74016,0.96988004
74018,0.97938216
74019,0.15731338
74030,0.08531508
74033,0.19284585
74042,0.007585784
74045,0.88438606
74050,0.98572195
74061,0.0023495292
74064,0.007585784
74066,0.0017725392
74071,0.008915491
74074,0.00029706894
74075,0.012192876
74083,0.008915491
74086,0.007585784
74090,0.005921417
74093,0.008738777
74101,0.007585784
74104,0.001104645
74105,0.03782678
74106,0.0017603867
74113,0.008915491
74114,0.007585784
74115,0.005391357
74123,0.94736594
74130,0.0054914565
74133,0.0023495292
74135,0.9945326
74137,0.0054914565
74138,0.0013153577
74145,0.0025466175
74154,0.005921417
74158,0.005391357
74160,0.0014052979
74162,0.007895487
74164,0.011739908
74166,0.0025683052
74167,0.0054914565
74170,0.08075265
74173,0.0057161534
74176,0.007585784
74177,0.9001699
74181,0.001104645
74182,0.008915491
74186,0.0017725392
74189,0.016173588
74197,0.06560839
74201,0.012220082
74202,0.98572195
74209,0.0025466175
74210,0.99195975
74211,0.9943869
74215,0.012220082
74216,0.0004408163
74217,0.011766127
74221,0.0166352
74226,0.006363628
74231,0.005391357
74233,0.9945326
74234,0.9943869
74235,0.0010953033
74237,0.08253657
74240,0.9613415
74247,0.008915491
74248,0.11140559
74249,0.012220082
74251,0.9730453
74252,0.9916277
74261,0.00029706894
74263,0.03782678
74265,0.9945326
74268,0.016283624
74271,0.89954704
74273,0.0010410085
74279,0.99890935
74281,0.0025466175
74284,0.007895487
74287,0.087064154
74292,0.97776663
74296,0.0012419914
74297,0.007585784
74298,0.08253657
74303,0.007585784
74304,0.0009746589
74310,0.016173588
74311,0.008915491
74323,0.00050922687
74326,0.0004408163
74328,0.006363628
74330,0.97938216
74331,0.007895487
74332,0.0030530815
74339,0.006137708
74351,0.0002989136
74352,0.89210016
74362,0.0010953033
74363,0.85291594
74371,0.005627036
74374,0.009700544
74375,0.98572195
74377,0.98508495
74378,0.97938216
74388,0.0054914565
74390,0.97681046
74395,0.0025683052
74398,0.006555418
74400,0.9730453
74402,0.98572195
74403,0.0011027167
74407,0.007895487
74411,0.0054914565
74413,0.008915491
74414,0.97938216
74420,0.0010953033
74421,0.0017603867
74424,0.0054914565
74426,0.007585784
74427,0.9945326
74428,0.0026142595
74434,0.0017725392
74435,0.97859406
74438,0.039199963
74440,0.012220082
74443,0.0026020675
74446,0.0013243644
74454,0.087064154
74456,0.087064154
74471,0.9730453
74478,0.0054914565
74480,0.8149166
74481,0.97859406
74482,0.0970957
74490,0.97776663
74492,0.0064430186
74500,0.007895487
74502,0.9914534
74503,0.008915491
74507,0.007882682
74511,0.007895487
74519,0.9156015
74520,0.9613415
74523,0.0012419914
74525,0.0019914724
74527,0.00029214445
74534,0.9001699
74537,0.005627036
74544,0.0030741303
74549,0.008915491
74559,0.016283624
74562,0.0017603867
74567,0.009700544
74570,0.002805571
74587,0.008915491
74588,0.00029706894
74593,0.0063078487
74607,0.807717
74608,0.012220082
74609,0.008915491
74613,0.9730453
74616,0.85269266
74629,0.042192385
74630,0.7489893
74632,0.9730453
74634,0.006510688
74635,0.9943869
74637,0.9945326
74639,0.0017603867
74643,0.007895487
74645,0.007882682
74650,0.11518964
74678,0.0051340163
74680,0.96988004
74685,0.99890935
74688,0.0023740218
74693,0.012192876
74702,0.08179209
74706,0.04752252
74709,0.006834625
74716,0.33173576
74721,0.01632463
74722,0.08179209
74727,0.0054914565
74728,0.9730453
74729,0.9943869
74732,0.9943869
74739,0.007585784
74744,0.9945326
74745,0.007585784
74767,0.0025683052
74769,0.99890935
74771,0.0054914565
74795,0.008915491
74804,0.007585784
74805,0.007585784
74809,0.011303512
74810,0.0015772562
74813,0.012192876
74815,0.98572195
74823,0.0010953033
74826,0.0015907019
74829,0.009700544
74836,0.19284585
74837,0.9100341
74838,0.005627036
74839,0.011766127
74840,0.0025466175
74855,0.0010953033
74859,0.005391357
74862,0.08253657
74864,0.01646172
74872,0.00051202066
74875,0.005391357
74877,0.008915491
74879,0.008915491
74880,0.008738777
74883,0.009700544
74889,0.8838407
74895,0.0025466175
74907,0.009700544
74914,0.0010410085
74915,0.0057161534
74919,0.016173588
74920,0.11518964
74921,0.00029706894
74931,0.007882682
74937,0.007585784
74938,0.011766127
74939,0.008915491
74940,0.95989203
74942,0.9892229
74943,0.007585784
74947,0.07047591
74954,0.94736594
74956,0.81932074
74958,0.005921417
74960,0.9730453
74961,0.0014052979
74969,0.007882682
74970,0.001104645
74973,0.005391357
74974,0.006834625
74976,0.0067771617
74979,0.98508495
74980,0.97938216
74981,0.0054914565
74983,0.9844712
74984,0.008915491
74988,0.11518964
74993,0.0025683052
74995,0.0051897475
74997,0.007882682
75001,0.9613415
75006,0.007895487
75007,0.005391357
75015,0.007895487
75017,0.85291594
75024,0.000573012
75026,0.005391357
75029,0.0057161534
75037,0.43663505
75038,0.0064430186
75040,0.04237643
75045,0.007585784
75046,0.005921417
75056,0.0054914565
75057,0.0004450682
75062,0.11518964
75063,0.007585784
75065,0.0002989136
75070,0.9730453
75074,0.0004450682
75076,0.0027608671
75077,0.005391357
75083,0.96988004
75085,0.0054914565
75090,0.008915491
75093,0.016173588
75094,0.0017725392
75097,0.0025466175
75098,0.97938216
75107,0.9943869
75109,0.00029706894
75111,0.99890935
75112,0.0025466175
75118,0.042192385
75124,0.9943869
75125,0.98572195
75136,0.0017725392
75166,0.0017603867
75171,0.007585784
75181,0.99890935
75186,0.0010131501
75190,0.8519362
75199,0.005391357
75202,0.0051897475
75204,0.0010953033
75206,0.99049115
75207,0.08253657
75211,0.005391357
75218,0.9916277
75227,0.0017725392
75228,0.00059861597
75232,0.97938216
75234,0.0054914565
75235,0.0057161534
75238,0.97776663
75241,0.9711275
75251,0.0057161534
75252,0.005391357
75253,0.0017725392
75256,0.11518964
75258,0.008915491
75270,0.0017603867
75272,0.0027537947
75275,0.97938216
75276,0.8519362
75282,0.007585784
75285,0.0064036483
75289,0.97859406
75290,0.9943869
75294,0.016283624
75299,0.0013056975
75307,0.0019097788
75316,0.9943869
75317,0.89210016
75332,0.07195984
75333,0.011303512
75334,0.94736594
75338,0.00029706894
75339,0.0030530815
75345,0.9578168
75348,0.007895487
75356,0.0019097788
75357,0.005391357
75370,0.0166352
75377,0.017015647
75379,0.045271073
75380,0.9943869
75382,0.0051897475
75388,0.009700544
75389,0.0063078487
75390,0.99890935
75395,0.00029706894
75397,0.0054914565
75400,0.0010953033
75401,0.012220082
75402,0.0010953033
75403,0.11140559
75407,0.000573012
75409,0.0063078487
75413,0.0010410085
75416,0.85291594
75424,0.0010953033
75432,0.08253657
75440,0.007882682
75441,0.4663227
75442,0.11140559
75446,0.0017603867
75451,0.007882682
75456,0.85291594
75459,0.855553
75460,0.0054914565
75461,0.008915491
75462,0.0054914565
75465,0.8519362
75470,0.005391357
75474,0.016886668
75475,0.011659807
75477,0.0010953033
75478,0.11518964
75480,0.006834625
75483,0.98508495
75486,0.0018306518
75487,0.0023740218
75489,0.0054914565
75491,0.0012399772
75499,0.10980627
75504,0.009801603
75506,0.087064154
75508,0.8306396
75511,0.0054914565
75515,0.0013934174
75516,0.0010410085
75526,0.0054914565
75531,0.008915491
75533,0.07921433
75534,0.008915491
75535,0.85339886
75536,0.08253657
75543,0.0027608671
75551,0.90356064
75552,0.008915491
75554,0.9943869
75555,0.97938216
75558,0.007882682
75562,0.011739908
75569,0.0054914565
75572,0.005921417
75577,0.0064976667
75589,0.0010410085
75595,0.0023740218
75596,0.0001859878
75600,0.006834625
75602,0.0004408163
75610,0.20311116
75617,0.96988004
75624,0.9711275
75626,0.9905476
75628,0.8019817
75630,0.012192876
75633,0.0019097788
75637,0.0004408163
75639,0.011766127
75645,0.007585784
75647,0.011739908
75649,0.9945326
75652,0.0013934174
75653,0.006510688
75658,0.9945326
75659,0.011609656
75662,0.002564381
75663,0.9988852
75668,0.98572195
75669,0.006510688
75678,0.008915491
75679,0.008915491
75683,0.11518964
75685,0.08253657
75689,0.012220082
75692,0.95989203
75693,0.016173588
75701,0.011659807
75709,0.0057161534
75717,0.0064430186
75719,0.9687404
75720,0.9945326
75729,0.011766127
75736,0.005391357
75738,0.002734933
75748,0.84809923
75774,0.0051897475
75778,0.0012844531
75781,0.0017725392
75786,0.009965756
75793,0.9943869
75799,0.0054914565
75802,0.012192876
75808,0.0054914565
75809,0.012220082
75814,0.9687404
75822,0.0051897475
75824,0.009700544
75828,0.08253657
75829,0.0054914565
75830,0.6605896
75837,0.005921417
75840,0.08253657
75842,0.00050922687
75845,0.9730453
75849,0.008915491
75850,0.8119041
75855,0.007585784
75858,0.042192385
75860,0.9945326
75873,0.02394888
75876,0.946454
75883,0.9730453
75884,0.0004408163
75885,0.00018698837
75888,0.008204403
75891,0.0051897475
75893,0.007882682
75894,0.008915491
75896,0.017360479
75899,0.039199963
75902,0.9943869
75904,0.0012419914
75906,0.99890935
75910,0.0010498866
75918,0.0025466175
75920,0.0064036483
75924,0.11140559
75925,0.98572195
75926,0.008915491
75929,0.0054914565
75933,0.9945326
75936,0.0013356558
75939,0.008915491
75943,0.8097181
75947,0.99890935
75950,0.0070505836
75952,0.0012844531
75965,0.011766127
75967,0.0011462594
75977,0.008915491
75984,0.98572195
75986,0.00050922687
75997,0.008915491
76001,0.007585784
76008,0.008915491
76011,0.001104645
76013,0.007585784
76019,0.97914463
76020,0.006834625
76022,0.001104645
76023,0.014790389
76040,0.946454
76044,0.0051897475
76046,0.009801603
76052,0.006834625
76054,0.97938216
76055,0.08253657
76056,0.012192876
76062,0.0017725392
76065,0.012220082
76073,0.11518964
76079,0.00051202066
76080,0.9943869
76083,0.0023495292
76084,0.9916277
76085,0.0025466175
76087,0.0002989136
76088,0.007585784
76090,0.0057161534
76091,0.0054914565
76092,0.012220082
76097,0.002564381
76103,0.007585784
76104,0.0019260534
76110,0.06416396
76112,0.0054914565
76113,0.0017603867
76120,0.005391357
76123,0.0004408163
76124,0.008915491
76127,0.006510688
76129,0.0064036483
76135,0.8186567
76138,0.08179209
76141,0.8581069
76142,0.007585784
76145,0.0057161534
76151,0.005391357
76153,0.9943869
76160,0.001526529
76163,0.006555418
76166,0.008915491
76171,0.0010498866
76172,0.0054914565
76190,0.0010953033
76191,0.007585784
76196,0.005391357
76200,0.0004408163
76205,0.946454
76210,0.9988852
76211,0.08253657
76215,0.0025683052
76220,0.010128021
76222,0.98572195
76223,0.001104645
76224,0.007895487
76225,0.007585784
76227,0.007895487
76230,0.005391357
76234,0.0012497588
76240,0.005627036
76254,0.9943869
76256,0.031098463
76259,0.012220082
76260,0.0010953033
76261,0.11140559
76264,0.005627036
76283,0.0017725392
76284,0.0063078487
76287,0.0017603867
76288,0.008915491
76296,0.0015907019
76299,0.007895487
76301,0.9903278
76302,0.0057161534
76303,0.0054914565
76304,0.012192876
76305,0.98572195
76310,0.8672062
76317,0.13285466
76319,0.0010953033
76322,0.0054914565
76324,0.9916277
76325,0.008204403
76328,0.08253657
76329,0.9730453
76333,0.0012419914
76334,0.0030741303
76340,0.8572607
76342,0.9578168
76348,0.002734933
76350,0.0004408163
76356,0.11518964
76364,0.007882682
76368,0.005391357
76372,0.007882682
76373,0.0015772562
76378,0.9945326
76384,0.9730453
76386,0.0020052171
76391,0.96881986
76393,0.98508495
76394,0.007895487
76403,0.99890935
76413,0.011766127
76417,0.0057161534
76420,0.011425274
76424,0.0030741303
76429,0.0019260534
76430,0.012220082
76433,0.8244107
76447,0.007895487
76455,0.016173588
76472,0.0025683052
76474,0.08253657
76476,0.000573012
76483,0.011739908
76484,0.0017603867
76488,0.9943869
76502,0.008915491
76503,0.039199963
76507,0.0010131501
76511,0.0054914565
76513,0.0025683052
76517,0.0018151832
76519,0.009700544
76522,0.9613415
76527,0.11140559
76533,0.011739908
76534,0.008915491
76544,0.0054914565
76545,0.9943869
76548,0.08253657
76549,0.9914534
76553,0.007895487
76555,0.005391357
76557,0.007585784
76558,0.006510688
76560,0.9916277
76572,0.009801603
76573,0.97938216
76575,0.00029706894
76580,0.0012419914
76581,0.9945326
76591,0.9943869
76592,0.016874032
76597,0.008915491
76598,0.9943869
76609,0.20311116
76612,0.9943869
76615,0.001104645
76616,0.087064154
76618,0.9945326
76620,0.008915491
76625,0.0004450682
76630,0.0054914565
76634,0.99890935
76635,0.8037468
76638,0.9943869
76639,0.005627036
76640,0.08179209
76641,0.0054914565
76642,0.84809923
76660,0.005391357
76663,0.042192385
76670,0.99067444
76672,0.0023740218
76675,0.0054914565
76682,0.08253657
76684,0.97776663
76687,0.016173588
76688,0.007882682
76689,0.012220082
76691,0.98508495
76692,0.0025683052
76699,0.007585784
76706,0.98572195
76708,0.9578168
76709,0.0010498866
76713,0.007585784
76714,0.0012844531
76716,0.042192385
76730,0.9810044
76732,0.9899312
76736,0.94736594
76737,0.0023334303
76738,0.8838407
76752,0.9613415
76754,0.03782678
76758,0.9943869
76766,0.946454
76768,0.0023334303
76769,0.98272187
76771,0.009801603
76775,0.98272187
76778,0.007895487
76783,0.08179209
76790,0.98572195
76791,0.00029706894
76796,0.13285466
76800,0.97938216
76802,0.0019097788
76804,0.97859406
76812,0.9715737
76815,0.011766127
76816,0.9945326
76818,0.39862266
76824,0.08953822
76825,0.9943869
76826,0.005391357
76828,0.012220082
76829,0.8519362
76832,0.006137708
76836,0.0057161534
76838,0.07195984
76847,0.9300587
76857,0.0010498866
76862,0.011766127
76865,0.006363628
76871,0.00029706894
76872,0.08253657
76873,0.0010953033
76874,0.007882682
76876,0.97938216
76882,0.9745506
76887,0.008915491
76888,0.0054914565
76889,0.0027537947
76893,0.007585784
76894,0.0061644185
76901,0.9755976
76913,0.08253657
76922,0.0051340163
76923,0.9943869
76927,0.0054914565
76934,0.0051897475
76938,0.92254364
76942,0.97938216
76943,0.005921417
76945,0.011303512
76949,0.008204403
76955,0.0025466175
76956,0.0018151832
76972,0.99890935
76976,0.19284585
76978,0.0064976667
76984,0.0018306518
76986,0.007585784
76992,0.8352774
76998,0.9945326
76999,0.007895487
77009,0.96988004
77010,0.002734933
77012,0.008915491
77018,0.0054914565
77022,0.009700544
77023,0.007895487
77025,0.08253657
77030,0.97859406
77038,0.005391357
77041,0.90356064
77045,0.001104645
77053,0.0054914565
77059,0.0004450682
77061,0.00029706894
77065,0.0051897475
77066,0.011739908
77069,0.9098902
77077,0.0054914565
77082,0.007895487
77087,0.0023740218
77092,0.85291594
77095,0.009852302
77101,0.930262
77108,0.006834625
77119,0.005921417
77123,0.0004450682
77124,0.00029706894
77129,0.042192385
77130,0.0051897475
77131,0.009700544
77135,0.0018151832
77139,0.005627036
77141,0.0027608671
77147,0.82406247
77149,0.9578168
77151,0.040487528
77152,0.96988004
77165,0.0057161534
77166,0.97776663
77169,0.98508495
77171,0.9943869
77172,0.0017725392
77175,0.9943869
77177,0.002564381
77179,0.8306396
77185,0.00029706894
77187,0.00029706894
77190,0.008738777
77197,0.008915491
77199,0.007895487
77200,0.98272187
77205,0.0026645584
77206,0.016173588
77207,0.85686016
77209,0.98508495
77214,0.006834625
77217,0.007882682
77219,0.9943869
77220,0.007895487
77221,0.11140559
77222,0.005391357
77226,0.007882682
77229,0.005391357
77230,0.98508495
77234,0.00050922687
77242,0.9730453
77244,0.0067771617
77249,0.0009746589
77254,0.9943869
77256,0.08253657
77271,0.0010498866
77272,0.0166352
77276,0.016173588
77281,0.00029706894
77282,0.0013243644
77285,0.007585784
77290,0.0064430186
77302,0.011739908
77304,0.98572195
77306,0.9711275
77310,0.95989203
77315,0.0010953033
77326,0.005391357
77328,0.0054914565
77338,0.0011878167
77339,0.0019914724
77367,0.0019097788
77375,0.0027375577
77376,0.20311116
77377,0.005391357
77379,0.0004408163
77383,0.00029706894
77388,0.9903278
77390,0.97950304
77393,0.765343
77394,0.11140559
77399,0.9943869
77404,0.001104645
77406,0.005391357
77407,0.0064430186
77410,0.005391357
77415,0.9943869
77423,0.007895487
77426,0.001104645
77431,0.0012419914
77433,0.0051340163
77445,0.96988004
77453,0.005921417
77455,0.9905476
77459,0.0019260534
77469,0.0027375577
77475,0.005391357
77476,0.008204403
77477,0.930262
77479,0.8672062
77483,0.011739908
77494,0.0027608671
77495,0.008738777
77497,0.9943869
77511,0.02394888
77515,0.007585784
77516,0.0012419914
77518,0.0054914565
77523,0.9730453
77529,0.0018306518
77533,0.016173588
77534,0.008915491
77541,0.006510688
77549,0.006834625
77553,0.007585784
77559,0.43663505
77563,0.0064036483
77564,0.9711275
77571,0.8443739
77581,0.98572195
77586,0.9945326
77587,0.006555418
77589,0.0025683052
77595,0.9755976
77600,0.9943869
77601,0.009965756
77603,0.005921417
77609,0.0002989136
77610,0.0004408163
77619,0.005391357
77623,0.001104645
77625,0.0063078487
77626,0.008915491
77632,0.9755976
77635,0.0027375577
77657,0.005627036
77668,0.0025466175
77672,0.0067771617
77674,0.0025466175
77682,0.008915491
77697,0.9943869
77699,0.0012497588
77700,0.0017603867
77707,0.9711275
77711,0.9730453
77714,0.11996325
77716,0.0025683052
77717,0.012192876
77721,0.0054914565
77737,0.0017603867
77739,0.017360479
77741,0.08560292
77742,0.087064154
77746,0.005391357
77747,0.0004450682
77749,0.007585784
77759,0.08253657
77764,0.9943869
77771,0.9943869
77776,0.005391357
77780,0.9943869
77785,0.016283624
77786,0.0004408163
77789,0.011739908
77793,0.005921417
77794,0.98572195
77801,0.00019202691
77807,0.9943869
77817,0.08179209
77823,0.005391357
77827,0.97776663
77834,0.016283624
77835,0.0017891184
77836,0.006137708
77838,0.005391357
77849,0.0054914565
77854,0.745416
77855,0.03645669
77862,0.0166352
77865,0.0057161534
77870,0.9988091
77871,0.0030530815
77877,0.94736594
77888,0.006834625
77892,0.0023334303
77895,0.0057161534
77899,0.0166352
77910,0.7996295
77924,0.0004450682
77926,0.07742285
77931,0.08253657
77933,0.18620667
77946,0.8835139
77948,0.005391357
77949,0.016283624
77959,0.95989203
77962,0.000573012
77965,0.9730453
77976,0.008915491
77979,0.0027375577
77982,0.97859406
77987,0.0015907019
77996,0.9711275
77998,0.98572195
78001,0.0017603867
78009,0.0023740218
78011,0.9745506
78015,0.97681046
78017,0.99890935
78027,0.00059861597
78031,0.9945326
78034,0.9730453
78036,0.9613415
78039,0.00029706894
78040,0.005627036
78041,0.9943869
78044,0.005921417
78045,0.0017725392
78046,0.0023334303
78049,0.00050922687
78055,0.007882682
78057,0.0017603867
78061,0.9730453
78073,0.0054914565
78079,0.97938216
78080,0.0010498866
78083,0.008915491
78088,0.9730453
78092,0.0051897475
78094,0.96988004
78100,0.812726
78103,0.042192385
78105,0.0023740218
78116,0.0054914565
78117,0.0014052979
78121,0.00029706894
78128,0.011739908
78130,0.0023334303
78131,0.011659807
78133,0.005921417
78138,0.11518964
78140,0.9988852
78142,0.08253657
78145,0.039199963
78147,0.9943869
78150,0.97859406
78151,0.012192876
78152,0.00029706894
78154,0.007895487
78161,0.99890935
78163,0.007882682
78167,0.0025466175
78169,0.0023942434
78172,0.0025683052
78174,0.0023740218
78176,0.005921417
78178,0.008915491
78180,0.9943869
78182,0.005391357
78184,0.0012844531
78196,0.0054914565
78197,0.0063078487
78199,0.0064976667
78205,0.005391357
78220,0.001104645
78223,0.0017725392
78226,0.00029706894
78238,0.005391357
78240,0.9613415
78244,0.0023495292
78245,0.9613415
78246,0.0057161534
78249,0.9613415
78252,0.008738777
78256,0.007882682
78258,0.07195984
78259,0.0004450682
78266,0.7735213
78270,0.9903071
78274,0.08253657
78279,0.0025683052
78289,0.00029706894
78291,0.007585784
78302,0.9897552
78305,0.007585784
78306,0.99066037
78307,0.7735213
78326,0.0054914565
78328,0.008915491
78329,0.98572195
78331,0.8049218
78332,0.9945326
78333,0.13788998
78337,0.006555418
78338,0.0010410085
78339,0.005391357
78347,0.0027608671
78348,0.9300587
78355,0.0019097788
78359,0.007585784
78365,0.08253657
78366,0.012220082
78368,0.90556467
78379,0.0002989136
78385,0.11140559
78388,0.0023942434
78399,0.007895487
78400,0.0064976667
78401,0.009700544
78403,0.0054914565
78405,0.0057161534
78409,0.011659807
78412,0.08253657
78419,0.84947807
78423,0.00050922687
78425,0.9943869
78427,0.946454
78429,0.0030741303
78432,0.087064154
78435,0.0030741303
78437,0.0013934174
78439,0.039199963
78444,0.99036855
78450,0.9914534
78457,0.012192876
78459,0.0023942434
78462,0.9943869
78464,0.9687404
78465,0.0013153577
78469,0.8231895
78477,0.0013934174
78480,0.012220082
78484,0.98572195
78487,0.00029706894
78492,0.9730453
78494,0.011303512
78500,0.10980627
78501,0.9730453
78504,0.0054914565
78505,0.0017603867
78516,0.008915491
78517,0.0054914565
78521,0.005921417
78535,0.0023334303
78545,0.0017603867
78547,0.001104645
78550,0.9730453
78551,0.03782678
78554,0.000573012
78566,0.007895487
78568,0.85291594
78570,0.0012497588
78575,0.005391357
78577,0.0054914565
78584,0.9945326
78585,0.0013356558
78590,0.19284585
78591,0.007585784
78602,0.0019097788
78604,0.9943869
78605,0.99890935
78607,0.0019097788
78613,0.005391357
78617,0.0025466175
78619,0.86465985
78626,0.0054914565
78629,0.008915491
78636,0.006137708
78637,0.0012497588
78638,0.11518964
78648,0.0017280903
78657,0.008738777
78660,0.0036427644
78661,0.94736594
78669,0.007585784
78671,0.0025683052
78679,0.007882682
78681,0.11518964
78682,0.9730453
78686,0.005416517
78687,0.0002989136
78694,0.0057161534
78705,0.97938216
78706,0.000573012
78707,0.007585784
78711,0.0010498866
78719,0.96988004
78723,0.0004408163
78729,0.005391357
78735,0.97938216
78743,0.9943869
78745,0.946454
78746,0.008204403
78747,0.9730453
78755,0.007895487
78756,0.97938216
78762,0.9943869
78764,0.007882682
78775,0.0026020675
78776,0.0017603867
78777,0.0023740218
78778,0.0054914565
78790,0.0012497588
78792,0.0064430186
78794,0.005391357
78795,0.016173588
78798,0.0010953033
78801,0.0057161534
78804,0.002564381
78808,0.9945326
78809,0.9730453
78812,0.0002989136
78813,0.85291594
78814,0.0023740218
78816,0.0013934174
78831,0.0057161534
78832,0.012192876
78840,0.9945326
78841,0.008915491
78855,0.9711275
78862,0.00029706894
78865,0.001526529
78867,0.9945326
78871,0.0017725392
78885,0.005921417
78890,0.0064976667
78891,0.9730453
78893,0.8306396
78898,0.012192876
78902,0.005391357
78909,0.007585784
78915,0.008738777
78916,0.8519362
78922,0.0064976667
78923,0.0023334303
78929,0.98572195
78936,0.0009746589
78937,0.17660639
78940,0.009700544
78942,0.007882682
78945,0.96988004
78946,0.002734933
78948,0.0027375577
78952,0.007585784
78954,0.0067771617
78957,0.00029706894
78962,0.68876815
78964,0.0057161534
78970,0.9730453
78971,0.016173588
78974,0.0057161534
78975,0.99890935
78979,0.0027375577
78982,0.08253657
78988,0.99890935
78995,0.007585784
78998,0.000573012
79007,0.0030741303
79010,0.9988852
79012,0.9945326
79015,0.9988852
79016,0.011425274
79018,0.96988004
79019,0.007895487
79025,0.0054914565
79027,0.9578168
79031,0.011609656
79047,0.009801603
79048,0.008204403
79051,0.9730453
79057,0.005627036
79058,0.9943869
79065,0.13285466
79069,0.002564381
79071,0.04752252
79076,0.98056465
79083,0.012192876
79086,0.9730453
79091,0.9988852
79092,0.9613415
79093,0.0025683052
79104,0.0015907019
79107,0.008915491
79113,0.00050922687
79116,0.0025466175
79120,0.0017603867
79125,0.9943869
79135,0.009700544
79136,0.029718162
79138,0.007585784
79147,0.0012497588
79154,0.0002989136
79164,0.98508495
79169,0.016173588
79175,0.0023740218
79179,0.9988852
79180,0.008915491
79182,0.0004408163
79183,0.98572195
79184,0.0054914565
79186,0.012220082
79187,0.86908126
79190,0.006510688
79194,0.042192385
79195,0.85291594
79196,0.012220082
79202,0.011739908
79203,0.0057161534
79204,0.9001699
79206,0.0004450682
79212,0.011739908
79221,0.0067771617
79222,0.008204403
79236,0.00029214445
79239,0.007895487
79240,0.88438606
79244,0.0025466175
79245,0.0067771617
79247,0.006834625
79249,0.001104645
79252,0.9945326
79254,0.46483666
79263,0.002564381
79265,0.012192876
79266,0.97776663
79270,0.0027375577
79271,0.005391357
79274,0.007895487
79276,0.0010953033
79280,0.009700544
79283,0.0017603867
79292,0.0012419914
79294,0.9943869
79299,0.007895487
79300,0.007585784
79301,0.0067771617
79302,0.0013153577
79306,0.0051897475
79307,0.0004450682
79309,0.8519362
79311,0.012220082
79314,0.9156015
79316,0.007895487
79317,0.001104645
79318,0.9943869
79320,0.0054914565
79321,0.00029706894
79324,0.007882682
79325,0.9613415
79330,0.0010498866
79334,0.0054914565
79335,0.0054914565
79338,0.039199963
79339,0.94736594
79342,0.0054914565
79345,0.9943869
79349,0.930262
79350,0.0026680732
79364,0.99890935
79375,0.007882682
79378,0.11518964
79379,0.0019914724
79390,0.0010953033
79401,0.0014414012
79403,0.008915491
79405,0.0019097788
79409,0.0064036483
79417,0.9945326
79419,0.96988004
79430,0.0051897475
79431,0.011766127
79436,0.00029706894
79441,0.0025466175
79442,0.08075265
79443,0.7450826
79449,0.0010953033
79450,0.007895487
79451,0.9988852
79458,0.0015118856
79465,0.0054914565
79467,0.0027608671
79477,0.009801603
79478,0.98572195
79481,0.0010498866
79486,0.96988004
79489,0.008915491
79495,0.0017603867
79508,0.006510688
79514,0.005391357
79515,0.008915491
79521,0.008204403
79522,0.9943869
79523,0.08179209
79527,0.0054914565
79535,0.0025683052
79536,0.9943869
79538,0.007895487
79540,0.005391357
79543,0.0010953033
79550,0.0054914565
79551,0.9687404
79553,0.006510688
79556,0.007585784
79557,0.006834625
79564,0.007895487
79569,0.0063078487
79574,0.9943869
79575,0.0025683052
79576,0.9943869
79583,0.9945326
79584,0.0015772562
79587,0.97938216
79589,0.008915491
79594,0.46483666
79595,0.0004450682
79596,0.9945326
79599,0.9613415
79601,0.012220082
79604,0.007585784
79607,0.0017603867
79609,0.96988004
79611,0.8838407
79616,0.97938216
79619,0.946454
79620,0.0054914565
79622,0.005391357
79624,0.9730453
79626,0.0027375577
79637,0.006363628
79639,0.0027608671
79640,0.008915491
79642,0.97938216
79655,0.0019260534
79663,0.0067771617
79667,0.008915491
79671,0.008915491
79680,0.9687404
79687,0.007585784
79692,0.0017603867
79695,0.9810044
79697,0.012192876
79702,0.009700544
79705,0.7867159
79707,0.00029706894
79711,0.9945326
79712,0.0037301993
79713,0.946454
79715,0.040487528
79716,0.0010263313
79717,0.9943869
79722,0.008915491
79725,0.0037301993
79731,0.00029706894
79733,0.806718
79735,0.009801603
79751,0.00029706894
79755,0.016283624
79756,0.007585784
79757,0.007585784
79764,0.99195975
79769,0.0057161534
79770,0.0025466175
79773,0.97938216
79779,0.0013934174
79780,0.0166352
79793,0.9943869
79794,0.007585784
79795,0.00029706894
79799,0.08179209
79800,0.005391357
79805,0.0012419914
79808,0.0013153577
79810,0.9945326
79815,0.0017603867
79819,0.0011777725
79823,0.007585784
79825,0.001104645
79828,0.00029706894
79835,0.9943869
79840,0.012192876
79843,0.008738777
79847,0.0054914565
79850,0.039199963
79855,0.0010410085
79863,0.008915491
79867,0.9901378
79871,0.001104645
79876,0.008915491
79880,0.0015772562
79884,0.006363628
79889,0.0002989136
79897,0.011739908
79898,0.0054914565
79901,0.0054914565
79907,0.012220082
79909,0.98572195
79918,0.06461905
79919,0.007585784
79925,0.90556467
79931,0.012220082
79934,0.90556467
79936,0.0025466175
79947,0.0054914565
79952,0.9837658
79954,0.005391357
79959,0.0064036483
79965,0.90556467
79970,0.98572195
79974,0.8049218
79978,0.8098255
79979,0.011739908
79980,0.8186567
79987,0.0025683052
79996,0.930262
80000,0.9687404
80002,0.00029706894
80007,0.0002989136
80013,0.946454
80014,0.0014052979
80028,0.0064036483
80031,0.008915491
80036,0.00027034435
80041,0.0004408163
80044,0.0002989136
80048,0.007895487
80067,0.9687404
80075,0.009095114
80076,0.0025466175
80078,0.0023942434
80079,0.00029706894
80081,0.9755976
80083,0.0166352
80086,0.005921417
80088,0.0018306518
80091,0.0054914565
80095,0.00050922687
80097,0.08253657
80106,0.9943869
80113,0.0057161534
80117,0.009700544
80119,0.20311116
80120,0.0067771617
80125,0.11140559
80126,0.0025683052
80127,0.79681283
80134,0.9730453
80137,0.0012844531
80139,0.011425274
80143,0.0012399772
80146,0.009700544
80151,0.000573012
80154,0.97859406
80160,0.016173588
80162,0.005921417
80164,0.0054914565
80165,0.007882682
80170,0.0014991066
80171,0.9687404
80172,0.0019097788
80173,0.9943869
80175,0.008915491
80176,0.9578168
80177,0.005391357
80179,0.007585784
80180,0.43663505
80186,0.007585784
80188,0.0054914565
80191,0.000573012
80193,0.012192876
80199,0.005921417
80200,0.0054914565
80204,0.97776663
80207,0.009700544
80209,0.007585784
80213,0.0023740218
80214,0.017273542
80215,0.0054914565
80217,0.00029706894
80218,0.0025466175
80219,0.005921417
80224,0.005391357
80225,0.97938216
80227,0.96988004
80229,0.0004408163
80230,0.9730453
80232,0.005921417
80233,0.0057161534
80245,0.008915491
80254,0.0018151832
80260,0.0019260534
80265,0.9943869
80268,0.9810044
80271,0.0004408163
80276,0.007585784
80283,0.0010953033
80286,0.0030530815
80287,0.9943869
80290,0.005391357
80292,0.03782678
80297,0.007882682
80298,0.99890935
80302,0.006137708
80305,0.007882682
80309,0.009801603
80318,0.94736594
80324,0.008915491
80326,0.99808323
80332,0.9943869
80333,0.0027608671
80336,0.005391357
80337,0.008915491
80346,0.012220082
80350,0.9945326
80362,0.011766127
80369,0.006510688
80370,0.00029706894
80376,0.0010498866
80378,0.007585784
80379,0.97938216
80381,0.007585784
80382,0.005391357
80384,0.0037301993
80386,0.9943869
80388,0.001104645
80390,0.008915491
80398,0.007585784
80402,0.012192876
80403,0.97938216
80407,0.0057161534
80414,0.012192876
80423,0.99890935
80425,0.86645067
80426,0.9988852
80430,0.0054914565
80433,0.0036427644
80439,0.007585784
80440,0.00029706894
80443,0.0054914565
80446,0.005391357
80454,0.0036427644
80455,0.80859625
80465,0.011739908
80467,0.0023495292
80468,0.007895487
80480,0.00029706894
80482,0.0054914565
80487,0.13788998
80493,0.000573012
80499,0.0023740218
80505,0.97776663
80507,0.0057161534
80508,0.0013153577
80511,0.008915491
80513,0.97938216
80518,0.006510688
80523,0.0067771617
80525,0.0019260534
80531,0.0025466175
80535,0.08253657
80540,0.08335695
80545,0.0010953033
80559,0.0030530815
80565,0.0023942434
80566,0.0023334303
80567,0.005391357
80572,0.8097181
80574,0.011303512
80578,0.0010953033
80579,0.006510688
80580,0.0054914565
80581,0.011739908
80584,0.008915491
80587,0.00029706894
80588,0.011659807
80589,0.008915491
80594,0.0004408163
80596,0.98572195
80597,0.0017603867
80599,0.0051897475
80601,0.84456813
80609,0.045271073
80614,0.855553
80625,0.008915491
80631,0.9988852
80633,0.0054914565
80634,0.0054914565
80640,0.9943869
80641,0.03645669
80648,0.0051897475
80652,0.00050922687
80654,0.97776663
80663,0.012220082
80665,0.00050922687
80667,0.0054914565
80669,0.0010410085
80670,0.0054914565
80671,0.930262
80672,0.01632463
80674,0.95624125
80677,0.9837658
80683,0.0004408163
80692,0.0054914565
80694,0.99890935
80695,0.99067444
80703,0.08253657
80704,0.007585784
80710,0.9943869
80713,0.012192876
80716,0.0025683052
80724,0.13285466
80725,0.012220082
80727,0.96988004
80731,0.0025466175
80735,0.98572195
80742,0.007895487
80743,0.0027375577
80746,0.011766127
80748,0.008915491
80750,0.0166352
80755,0.0026242237
80760,0.001104645
80764,0.9755976
80766,0.024132876
80772,0.0014052979
80773,0.002564381
80784,0.047139168
80788,0.9711275
80793,0.20311116
80794,0.03782678
80796,0.007895487
80798,0.0019914724
80805,0.040487528
80812,0.005391357
80821,0.0004450682
80825,0.0017725392
80826,0.02394888
80827,0.0054914565
80829,0.0004450682
80834,0.007882682
80840,0.946454
80841,0.009965756
80842,0.007882682
80844,0.0064036483
80847,0.0025683052
80848,0.007585784
80850,0.0057161534
80852,0.9916277
80854,0.0017603867
80858,0.006613519
80860,0.0013153577
80861,0.012192876
80862,0.0054914565
80863,0.016173588
80865,0.016173588
80875,0.009700544
80878,0.9711275
80879,0.17660639
80885,0.009700544
80889,0.0026242237
80892,0.11140559
80901,0.007895487
80917,0.008915491
80918,0.008204403
80922,0.005921417
80925,0.0012391927
80926,0.0054914565
80930,0.001104645
80931,0.005391357
80936,0.0054914565
80940,0.00029706894
80942,0.012220082
80944,0.9755976
80948,0.0048809475
80953,0.9945326
80969,0.9730453
80970,0.012220082
80971,0.007585784
80972,0.009700544
80975,0.97938216
80976,0.9945326
80984,0.80503756
80989,0.0015772562
80999,0.007882682
81002,0.11518964
81006,0.039199963
81014,0.0014052979
81016,0.011739908
81020,0.0009746589
81022,0.039199963
81023,0.008915491
81027,0.001104645
81032,0.9988348
81033,0.0014414012
81036,0.0054914565
81039,0.0054914565
81041,0.98074967
81044,0.9943869
81046,0.11518964
81052,0.0023334303
81059,0.0030530815
81060,0.89210016
81061,0.005921417
81063,0.007882682
81070,0.008915491
81071,0.0023334303
81077,0.19284585
81083,0.9945326
81085,0.98572195
81091,0.007585784
81095,0.0054914565
81096,0.001104645
81100,0.0012419914
81101,0.11140559
81102,0.0037301993
81103,0.006834625
81107,0.0026242237
81108,0.016173588
81115,0.0017603867
81125,0.007882682
81126,0.001104645
81132,0.9900594
81134,0.89210016
81140,0.0054914565
81141,0.86716634
81144,0.0017603867
81149,0.009700544
81155,0.18620667
81162,0.0012399772
81168,0.98508495
81169,0.08253657
81173,0.0023334303
81174,0.97938216
81175,0.96988004
81186,0.0067771617
81187,0.007585784
81189,0.005921417
81198,0.0009746589
81204,0.0025466175
81212,0.0026242237
81213,0.0054914565
81217,0.0064430186
81221,0.0004408163
81225,0.9784611
81227,0.006510688
81229,0.040487528
81230,0.0012419914
81232,0.85291594
81233,0.97859406
81236,0.0054914565
81244,0.007895487
81248,0.8019817
81254,0.0023495292
81257,0.007882682
81261,0.0054914565
81262,0.008915491
81266,0.96988004
81267,0.0018151832
81268,0.0012497588
81269,0.0023942434
81275,0.0010498866
81281,0.19284585
81286,0.012220082
81289,0.007882682
81292,0.0010953033
81296,0.0054914565
81305,0.00051202066
81309,0.97938216
81314,0.005391357
81317,0.0057161534
81319,0.0017603867
81320,0.0027608671
81324,0.85291594
81325,0.0023942434
81326,0.0002989136
81330,0.007882682
81336,0.0054914565
81347,0.005391357
81348,0.012192876
81350,0.009801603
81352,0.0025466175
81353,0.008915491
81357,0.007882682
81358,0.0030530815
81361,0.0010953033
81365,0.0051897475
81383,0.0014052979
81385,0.0054914565
81393,0.016886668
81394,0.0054914565
81402,0.0054914565
81408,0.002564381
81409,0.006555418
81410,0.007585784
81411,0.0063078487
81416,0.03645669
81423,0.0014052979
81430,0.0054914565
81432,0.9943869
81433,0.00029706894
81435,0.96881986
81441,0.0064430186
81445,0.0017603867
81451,0.0054914565
81452,0.008204403
81461,0.9943869
81465,0.9943869
81467,0.81064224
81473,0.011739908
81474,0.0017725392
81479,0.11140559
81481,0.9889713
81496,0.99890935
81501,0.97938216
81508,0.0057161534
81523,0.98572195
81526,0.08179209
81547,0.11140559
81554,0.006510688
81555,0.10980627
81564,0.005921417
81567,0.9943869
81571,0.039199963
81575,0.0054914565
81576,0.005921417
81579,0.9837658
81581,0.0002989136
81588,0.001104645
81591,0.0001859878
81602,0.005391357
81612,0.86465985
81617,0.0067771617
81622,0.9943869
81624,0.009700544
81625,0.0030741303
81626,0.007895487
81628,0.016173588
81637,0.001104645
81638,0.008915491
81640,0.0009746589
81649,0.0054914565
81650,0.7931771
81656,0.0012844531
81658,0.017360479
81666,0.9943869
81667,0.0064430186
81671,0.9943869
81672,0.008915491
81676,0.0054914565
81684,0.0037301993
81690,0.00018757534
81692,0.0166352
81693,0.0057161534
81694,0.039199963
81698,0.0054914565
81699,0.0057161534
81701,0.005391357
81713,0.9943869
81714,0.009700544
81721,0.005391357
81725,0.0010410085
81726,0.0009746589
81727,0.11140559
81729,0.13285466
81731,0.007585784
81732,0.009965756
81746,0.0054914565
81755,0.005921417
81760,0.012220082
81762,0.006834625
81765,0.007585784
81769,0.012220082
81770,0.039199963
81788,0.006510688
81789,0.85291594
81792,0.9945326
81797,0.0004408163
81799,0.07195984
81807,0.0010953033
81809,0.008915491
81812,0.01632463
81817,0.012192876
81819,0.0012844531
81820,0.68532646
81822,0.008204403
81823,0.9943869
81831,0.13285466
81835,0.0004408163
81838,0.0013934174
81840,0.0063078487
81846,0.0014052979
81852,0.006510688
81853,0.97776663
81856,0.007585784
81861,0.11518964
81864,0.009965756
81866,0.84456813
81871,0.0012419914
81875,0.007585784
81877,0.001104645
81881,0.008915491
81883,0.006363628
81884,0.07742285
81889,0.001104645
81890,0.0054914565
81893,0.98572195
81895,0.07047591
81897,0.007895487
81898,0.0002989136
81900,0.07289233
81902,0.005627036
81903,0.007585784
81904,0.008915491
81908,0.001104645
81910,0.97938216
81918,0.9943869
81919,0.007585784
81929,0.9943869
81934,0.08253657
81936,0.08179209
81946,0.0026020675
81947,0.9711275
81949,0.009700544
81950,0.0054914565
81952,0.011303512
81957,0.0025683052
81962,0.11140559
81967,0.017360479
81969,0.9943869
81971,0.008915491
81976,0.001104645
81977,0.03782678
81981,0.007585784
81984,0.0054914565
81989,0.9945326
81994,0.012192876
81997,0.047139168
81998,0.82987344
81999,0.005391357
82001,0.0054914565
82002,0.8231895
82004,0.0020052171
82005,0.0019260534
82010,0.0064430186
82018,0.00029706894
82019,0.97938216
82021,0.95989203
82026,0.0017891184
82027,0.006510688
82031,0.007585784
82033,0.007895487
82040,0.9613415
82041,0.11140559
82045,0.0166352
82050,0.9613415
82065,0.011303512
82067,0.0010953033
82070,0.007585784
82078,0.9902293
82079,0.9711275
82082,0.0054914565
82088,0.011766127
82096,0.0017725392
82105,0.99890935
82107,0.007741327
82109,0.97776663
82115,0.97859406
82120,0.9153636
82126,0.9755976
82133,0.012192876
82134,0.98056465
82140,0.0025683052
82147,0.97776663
82148,0.0057161534
82151,0.002564381
82154,0.0012419914
82156,0.20311116
82160,0.008915491
82162,0.9730453
82167,0.0057161534
82168,0.008915491
82171,0.005921417
82173,0.99890935
82175,0.0064036483
82183,0.008915491
82189,0.010470025
82191,0.012192876
82192,0.006834625
82193,0.008915491
82198,0.97859406
82202,0.008915491
82207,0.9945326
82212,0.008915491
82216,0.11604296
82217,0.007585784
82227,0.00029706894
82229,0.98572195
82230,0.005627036
82231,0.007585784
82239,0.016173588
82241,0.0014414012
82243,0.0025466175
82245,0.0010953033
82252,0.08253657
82254,0.9730453
82257,0.0011027167
82258,0.000573012
82262,0.9902293
82268,0.007585784
82271,0.009801603
82275,0.0054914565
82276,0.9943869
82302,0.81064224
82308,0.08253657
82309,0.0025683052
82310,0.012192876
82311,0.005921417
82322,0.99195975
82324,0.946454
82329,0.9730453
82330,0.0012419914
82331,0.0004408163
82336,0.9943869
82339,0.0051897475
82344,0.08253657
82347,0.006555418
82348,0.9943869
82351,0.0014414012
82353,0.0054914565
82356,0.0027608671
82357,0.0166352
82371,0.946454
82372,0.008915491
82374,0.0017603867
82376,0.99890935
82377,0.011739908
82378,0.007895487
82380,0.002734933
82383,0.0054914565
82384,0.007895487
82385,0.008738777
82392,0.009700544
82398,0.9943869
82400,0.0025683052
82405,0.007585784
82419,0.005921417
82420,0.0067771617
82425,0.0010953033
82430,0.88438606
82432,0.9730453
82434,0.98272187
82436,0.008915491
82439,0.98913145
82441,0.07047591
82442,0.43663505
82443,0.11518964
82449,0.97776663
82455,0.0004408163
82456,0.011609656
82457,0.0009746589
82461,0.007585784
82462,0.014790389
82466,0.98572195
82467,0.001104645
82468,0.006363628
82478,0.00029706894
82484,0.0019097788
82493,0.0063078487
82495,0.0014414012
82496,0.08179209
82502,0.007585784
82505,0.007585784
82510,0.9613415
82513,0.0017603867
82517,0.008915491
82522,0.007585784
82527,0.005391357
82532,0.0016289179
82537,0.0027375577
82539,0.011739908
82540,0.0064430186
82543,0.009700544
82546,0.007585784
82549,0.008915491
82550,0.08253657
82553,0.031098463
82555,0.012192876
82557,0.20311116
82562,0.012220082
82567,0.0027608671
82581,0.0017725392
82587,0.008915491
82591,0.005921417
82594,0.0023334303
82597,0.005921417
82599,0.0012844531
82600,0.006510688
82604,0.005391357
82609,0.005921417
82610,0.0010410085
82613,0.0023942434
82616,0.9943869
82622,0.0027375577
82624,0.0057161534
82627,0.03782678
82634,0.005391357
82636,0.016173588
82641,0.92254364
82643,0.012192876
82652,0.007895487
82655,0.06416396
82663,0.008915491
82665,0.011739908
82667,0.9711275
82675,0.005391357
82704,0.009700544
82706,0.9342636
82708,0.007585784
82709,0.008915491
82710,0.0002989136
82717,0.007585784
82718,0.001104645
82726,0.91451764
82733,0.00050922687
82734,0.005071878
82745,0.008915491
82747,0.00051202066
82750,0.0030530815
82753,0.9943869
82757,0.765343
82767,0.84456813
82770,0.91451764
82772,0.0025683052
82775,0.0057161534
82781,0.005071878
82786,0.007585784
82791,0.001104645
82794,0.0066629103
82795,0.11140559
82796,0.0012419914
82799,0.007882682
82800,0.11140559
82801,0.007585784
82802,0.98572195
82804,0.9943869
82805,0.9711275
82810,0.9730453
82814,0.11518964
82816,0.8543968
82823,0.0017603867
82824,0.9810044
82828,0.9943869
82829,0.009700544
82832,0.009700544
82835,0.0036427644
82836,0.008915491
82838,0.000573012
82841,0.9945326
82843,0.0009746589
82846,0.9687404
82848,0.04218095
82852,0.008915491
82855,0.007895487
82861,0.00029706894
82866,0.97859406
82867,0.007585784
82871,0.008738777
82875,0.0063078487
82876,0.9988852
82878,0.005391357
82888,0.0064976667
82891,0.9943869
82892,0.0054914565
82895,0.946454
82900,0.96988004
82905,0.0012497588
82907,0.98572195
82909,0.0025683052
82910,0.9730453
82913,0.8519362
82917,0.9943869
82921,0.006834625
82924,0.0054914565
82927,0.00029706894
82934,0.0013934174
82945,0.0037301993
82948,0.0051897475
82949,0.9943869
82956,0.002805571
82967,0.08253657
82972,0.0057161534
82977,0.0166352
82978,0.0019914724
82980,0.89210016
82981,0.0014052979
82983,0.0012419914
82988,0.008915491
82989,0.00029706894
82990,0.0054914565
82993,0.92545295
82995,0.016173588
82996,0.0017603867
82998,0.9613415
83009,0.009700544
83010,0.008915491
83013,0.96988004
83015,0.9945326
83016,0.002564381
83020,0.007585784
83021,0.0012419914
83029,0.9943869
83043,0.005391357
83048,0.9943869
83050,0.88438606
83052,0.0002989136
83055,0.9943869
83056,0.0054914565
83057,0.08179209
83060,0.0027375577
83061,0.08253657
83066,0.0004450682
83077,0.03645669
83081,0.0017603867
83083,0.08179209
83094,0.005627036
83097,0.9945326
83098,0.009801603
83103,0.006510688
83104,0.0012844531
83114,0.0010410085
83117,0.03645669
83122,0.0057161534
83127,0.007895487
83135,0.008915491
83138,0.08179209
83142,0.007895487
83144,0.0064976667
83149,0.0017603867
83165,0.9715737
83167,0.009095114
83171,0.9943869
83174,0.9943869
83178,0.009965756
83184,0.00029706894
83191,0.0057161534
83198,0.97859406
83203,0.08253657
83204,0.97938216
83205,0.9730453
83213,0.011609656
83218,0.0025466175
83223,0.97776663
83230,0.00029706894
83239,0.09627604
83240,0.017526275
83243,0.005391357
83244,0.9902924
83249,0.0012497588
83252,0.012220082
83265,0.97859406
83266,0.042192385
83270,0.001104645
83272,0.008204403
83276,0.00029706894
83279,0.08253657
83286,0.06461905
83289,0.0017725392
83291,0.031098463
83294,0.9943869
83301,0.98572195
83303,0.007585784
83304,0.0054914565
83306,0.0019097788
83309,0.0012419914
83311,0.9943869
83317,0.011766127
83333,0.00029706894
83337,0.0057161534
83352,0.11518964
83356,0.007585784
83358,0.9896904
83366,0.8838407
83370,0.001104645
83373,0.00050922687
83375,0.0023740218
83376,0.00029706894
83379,0.96988004
83385,0.012192876
83399,0.005391357
83400,0.0057161534
83403,0.008915491
83411,0.007895487
83423,0.06261413
83425,0.19284585
83430,0.0026020675
83432,0.08253657
83445,0.0054914565
83452,0.0025466175
83453,0.0166352
83462,0.0051897475
83465,0.97776663
83467,0.001104645
83469,0.005391357
83471,0.96988004
83474,0.97776663
83475,0.0025466175
83479,0.0025466175
83484,0.11518964
83499,0.042192385
83500,0.0048809475
83507,0.007585784
83518,0.0054914565
83523,0.07047591
83525,0.11518964
83531,0.0017603867
83536,0.0012419914
83538,0.0027608671
83551,0.8098255
83562,0.007585784
83563,0.007585784
83564,0.007882682
83565,0.96988004
83570,0.040487528
83579,0.007895487
83580,0.99890935
83581,0.007585784
83586,0.9730453
83589,0.007895487
83592,0.0012419914
83596,0.009965756
83597,0.97938216
83602,0.9711275
83608,0.765343
83609,0.0013153577
83610,0.0027608671
83612,0.07620151
83615,0.08253657
83617,0.0025683052
83620,0.0010410085
83624,0.007585784
83629,0.9687404
83631,0.0027375577
83633,0.0054914565
83634,0.005391357
83636,0.008915491
83648,0.007882682
83650,0.00029706894
83651,0.08179209
83655,0.0010498866
83657,0.86908126
83666,0.0010953033
83667,0.001104645
83669,0.9943869
83673,0.00029706894
83675,0.0004408163
83694,0.008915491
83701,0.0023740218
83704,0.012220082
83708,0.0004450682
83715,0.00029706894
83719,0.0017603867
83723,0.008915491
83724,0.08179209
83728,0.007882682
83735,0.0023740218
83737,0.9943869
83740,0.96988004
83746,0.005546289
83751,0.0063078487
83761,0.0054914565
83762,0.9687404
83768,0.005391357
83771,0.0063078487
83777,0.005921417
83783,0.0037301993
83794,0.0017725392
83796,0.9943869
83799,0.99195975
83805,0.0002989136
83808,0.005921417
83814,0.00018757534
83820,0.0010498866
83827,0.011739908
83828,0.0010410085
83831,0.007585784
83833,0.90556467
83834,0.008915491
83837,0.0051897475
83838,0.0036427644
83839,0.0166352
83840,0.0051897475
83848,0.09376705
83849,0.9730453
83850,0.0017725392
83855,0.0010953033
83857,0.8485808
83858,0.9730453
83871,0.0012391927
83883,0.0023942434
83885,0.13508427
83890,0.0026242237
83899,0.011739908
83906,0.011659807
83908,0.0054914565
83909,0.00029706894
83910,0.00059861597
83911,0.0054914565
83915,0.0017603867
83918,0.00018757534
83927,0.009700544
83929,0.0051897475
83936,0.9730453
83946,0.9943869
83954,0.007585784
83955,0.99890935
83958,0.0057161534
83961,0.0017603867
83963,0.005921417
83965,0.0013934174
83967,0.9730453
83972,0.0058934344
83973,0.0017603867
83975,0.0054914565
83982,0.007882682
83983,0.008915491
83984,0.007585784
83992,0.0010953033
83995,0.0023334303
83998,0.0054914565
84002,0.97950304
84012,0.009801603
84014,0.008915491
84017,0.0013934174
84023,0.9945326
84026,0.9300587
84027,0.008915491
84028,0.9945326
84029,0.0023495292
84037,0.0054914565
84041,0.11518964
84046,0.0064976667
84049,0.9357769
84052,0.0054914565
84058,0.9980094
84060,0.81263715
84068,0.0013153577
84071,0.9943869
84079,0.0054914565
84081,0.0037301993
84083,0.0002989136
84084,0.007882682
84090,0.008915491
84095,0.0054914565
84100,0.007895487
84105,0.0023334303
84108,0.9730453
84114,0.0057161534
84115,0.012192876
84118,0.040487528
84120,0.002564381
84130,0.0017603867
84131,0.0025466175
84135,0.9943869
84146,0.9943869
84148,0.0027608671
84153,0.0067771617
84154,0.039199963
84155,0.007412488
84162,0.005627036
84165,0.19284585
84168,0.0025683052
84169,0.11518964
84172,0.0025466175
84178,0.011303512
84182,0.85686016
84184,0.005391357
84186,0.9810044
84191,0.007585784
84200,0.03782678
84201,0.0067771617
84202,0.07195984
84212,0.006510688
84215,0.0002989136
84216,0.0004408163
84223,0.0013153577
84225,0.9943869
84232,0.98508495
84233,0.99890935
84234,0.007882682
84249,0.005627036
84251,0.20311116
84253,0.007585784
84265,0.000573012
84268,0.0010410085
84275,0.011766127
84280,0.008915491
84290,0.9943869
84291,0.008915491
84293,0.012192876
84303,0.0051340163
84308,0.011739908
84309,0.0054914565
84315,0.0057161534
84316,0.9613415
84330,0.19284585
84331,0.016173588
84334,0.00051202066
84343,0.0051897475
84347,0.007895487
84349,0.005627036
84350,0.007882682
84354,0.007882682
84355,0.016173588
84360,0.016874032
84370,0.0051897475
84374,0.90349114
84378,0.08179209
84380,0.98056465
84384,0.82406247
84386,0.0057161534
84392,0.0017603867
84397,0.0057161534
84402,0.9984346
84416,0.009700544
84423,0.0010953033
84424,0.00018757534
84425,0.0063078487
84429,0.0047442787
84430,0.9943869
84432,0.97859406
84434,0.0067771617
84435,0.006834625
84438,0.19284585
84442,0.0036427644
84452,0.11140559
84453,0.005391357
84463,0.009700544
84467,0.007895487
84468,0.0037301993
84470,0.001104645
84477,0.0064976667
84478,0.9943869
84484,0.03645669
84486,0.98508495
84487,0.006555418
84495,0.008915491
84496,0.11518964
84499,0.9943869
84509,0.016173588
84510,0.008915491
84521,0.11140559
84525,0.0051897475
84528,0.0012419914
84535,0.005391357
84537,0.13788998
84542,0.016173588
84544,0.0057161534
84552,0.9916277
84554,0.0030530815
84555,0.946454
84556,0.005391357
84559,0.0025683052
84562,0.042192385
84570,0.86908126
84571,0.0020052171
84572,0.0004408163
84581,0.0012419914
84582,0.9784611
84583,0.005391357
84605,0.97938216
84608,0.0054914565
84620,0.0019097788
84621,0.006510688
84624,0.008915491
84628,0.009801603
84629,0.9945326
84632,0.0025683052
84635,0.007882682
84638,0.0012497588
84639,0.0004408163
84644,0.016283624
84647,0.005627036
84650,0.008915491
84652,0.0010953033
84654,0.0017603867
84665,0.9613415
84667,0.32148194
84668,0.85291594
84670,0.0030530815
84672,0.000573012
84674,0.001104645
84681,0.0054914565
84682,0.0025683052
84685,0.0023942434
84688,0.97859406
84693,0.042192385
84710,0.0004408163
84711,0.94736594
84713,0.0019260534
84714,0.0025683052
84717,0.00029706894
84718,0.98056465
84730,0.006510688
84731,0.0013153577
84734,0.0010953033
84736,0.006510688
84739,0.0019260534
84742,0.97859406
84743,0.005921417
84744,0.08253657
84749,0.92545295
84751,0.007882682
84755,0.08253657
84767,0.0012419914
84772,0.08253657
84774,0.0015907019
84778,0.8589207
84781,0.0051897475
84782,0.9730453
84785,0.9943869
84792,0.011303512
84793,0.0016289179
84803,0.00029706894
84809,0.0064430186
84810,0.006834625
84812,0.9578168
84813,0.9578168
84815,0.9711275
84825,0.00029706894
84828,0.0010953033
84830,0.007585784
84833,0.0012419914
84834,0.0166352
84835,0.0025683052
84839,0.0027375577
84840,0.0054914565
84843,0.087064154
84845,0.014790389
84846,0.9988852
84850,0.0011878167
84851,0.047139168
84854,0.0030741303
84857,0.765343
84858,0.9914534
84859,0.005627036
84861,0.001104645
84862,0.005391357
84864,0.0064430186
84876,0.012220082
84877,0.96988004
84880,0.01646172
84882,0.0054914565
84883,0.9943869
84885,0.007585784
84898,0.0004408163
84903,0.011303512
84911,0.040487528
84912,0.0054914565
84913,0.017015647
84916,0.97938216
84918,0.010645246
84933,0.9988852
84937,0.0010498866
84941,0.9715737
84945,0.0023495292
84946,0.005391357
84947,0.007895487
84948,0.012220082
84951,0.9943869
84953,0.0017603867
84955,0.00029706894
84957,0.0010953033
84958,0.007895487
84987,0.03782678
84991,0.012220082
84996,0.96988004
85006,0.0054914565
85013,0.00059861597
85019,0.006834625
85020,0.97938216
85022,0.00029706894
85024,0.011766127
85025,0.9943869
85028,0.0067771617
85030,0.007895487
85033,0.02394888
85034,0.0019097788
85038,0.0063078487
85039,0.0023942434
85040,0.016173588
85042,0.84490764
85043,0.005391357
85044,0.00029706894
85047,0.0004450682
85048,0.9730453
85051,0.9755976
85052,0.006555418
85053,0.0013153577
85055,0.0025683052
85056,0.08253657
85070,0.97938216
85072,0.0054914565
85074,0.007882682
85077,0.0054914565
85081,0.0025683052
85084,0.012220082
85096,0.7941732
85099,0.96988004
85104,0.9784611
85120,0.0017603867
85124,0.0002989136
85129,0.009700544
85133,0.00187367
85142,0.08253657
85143,0.08253657
85144,0.8491912
85145,0.005391357
85148,0.00050922687
85149,0.9980508
85150,0.0054914565
85156,0.0057161534
85159,0.017360479
85168,0.007585784
85176,0.008915491
85177,0.0002989136
85183,0.0017603867
85193,0.98508495
85197,0.007412488
85211,0.009700544
85214,0.001104645
85215,0.016173588
85216,0.9943869
85219,0.98501694
85220,0.0017725392
85224,0.0012419914
85225,0.0025683052
85227,0.08075265
85228,0.0051897475
85229,0.9460484
85232,0.91451764
85236,0.008204403
85241,0.012192876
85242,0.0051897475
85243,0.016173588
85248,0.087064154
85250,0.08075265
85254,0.008915491
85256,0.19284585
85266,0.0012419914
85273,0.9943869
85274,0.9730453
85280,0.9943869
85283,0.010470025
85290,0.007585784
85291,0.012192876
85299,0.0057161534
85300,0.008204403
85314,0.96988004
85316,0.0054914565
85318,0.0025683052
85320,0.009801603
85324,0.11518964
85332,0.0019260534
85336,0.00050922687
85341,0.029718162
85343,0.0025466175
85344,0.03782678
85347,0.99890935
85351,0.007585784
85356,0.0004408163
85358,0.0054914565
85362,0.008915491
85375,0.011739908
85381,0.012220082
85383,0.9943869
85388,0.99067444
85389,0.0026020675
85390,0.0025466175
85391,0.005391357
85392,0.99009657
85397,0.016173588
85402,0.8049218
85403,0.0054914565
85404,0.00050922687
85405,0.0015772562
85410,0.97776663
85412,0.008915491
85415,0.005391357
85417,0.005391357
85421,0.007412488
85434,0.81064224
85435,0.008915491
85439,0.97914463
85440,0.0004450682
85444,0.009801603
85447,0.002734933
85450,0.0054914565
85456,0.0010953033
85462,0.00029706894
85465,0.010470025
85467,0.97938216
85472,0.09627604
85473,0.97938216
85479,0.0057161534
85481,0.007882682
85482,0.005391357
85484,0.0026242237
85488,0.008915491
85497,0.039199963
85507,0.0054914565
85510,0.005627036
85514,0.9943869
85517,0.005921417
85523,0.002564381
85525,0.20311116
85533,0.0019260534
85541,0.005391357
85542,0.9945326
85544,0.011766127
85549,0.005391357
85551,0.11518964
85553,0.011425274
85556,0.008915491
85560,0.98572195
85561,0.97776663
85564,0.0054914565
85565,0.002734933
85566,0.008915491
85571,0.97776663
85575,0.007895487
85586,0.000573012
85609,0.96988004
85616,0.82035464
85617,0.006510688
85618,0.0023740218
85619,0.9945326
85622,0.040487528
85630,0.001104645
85635,0.008915491
85639,0.9945326
85643,0.008915491
85646,0.001104645
85648,0.08179209
85649,0.007882682
85650,0.0017603867
85657,0.99049115
85658,0.042192385
85659,0.012220082
85664,0.96988004
85671,0.087064154
85672,0.047139168
85673,0.0012419914
85680,0.91478145
85682,0.9905794
85705,0.0067771617
85706,0.0019914724
85707,0.9945326
85716,0.9730453
85717,0.007895487
85723,0.0023942434
85726,0.005391357
85727,0.007585784
85728,0.0023334303
85736,0.007895487
85738,0.88438606
85744,0.9730453
85747,0.0019097788
85748,0.0051897475
85751,0.0067771617
85752,0.005391357
85757,0.97938216
85761,0.005921417
85762,0.008915491
85768,0.9943869
85770,0.001104645
85771,0.96988004
85775,0.008738777
85780,0.8572607
85783,0.001104645
85789,0.0025683052
85792,0.0054914565
85793,0.9943869
85800,0.00050922687
85801,0.9730453
85806,0.97859406
85819,0.0014906703
85820,0.0025683052
85821,0.007585784
85823,0.011766127
85834,0.008915491
85839,0.0057161534
85840,0.01646172
85843,0.002734933
85846,0.012192876
85848,0.99890935
85853,0.007895487
85856,0.94736594
85857,0.00029706894
85868,0.09627604
85878,0.0025683052
85879,0.008204403
85901,0.0054914565
85902,0.0054914565
85904,0.0054914565
85905,0.9711275
85911,0.007882682
85919,0.0054914565
85923,0.0019260534
85929,0.02394888
85930,0.06893223
85933,0.9897552
85943,0.9945326
85946,0.00050922687
85949,0.0067771617
85950,0.008915491
85951,0.006363628
85953,0.99890935
85954,0.0017603867
85960,0.0015907019
85961,0.005921417
85963,0.0015772562
85964,0.0030530815
85969,0.98572195
85971,0.9730453
85972,0.008915491
85973,0.001104645
85975,0.0017603867
85976,0.0010498866
85977,0.807717
85982,0.004633185
85983,0.9730453
85984,0.000573012
85986,0.008915491
85987,0.10980627
85988,0.0023334303
85989,0.0025683052
85996,0.9943869
85999,0.0023942434
86002,0.008204403
86013,0.0067771617
86018,0.98056465
86019,0.0010953033
86021,0.012192876
86022,0.00059861597
86032,0.06560839
86035,0.0012399772
86036,0.0019260534
86040,0.007585784
86041,0.012192876
86046,0.96988004
86054,0.006510688
86056,0.0026645584
86064,0.0014414012
86065,0.0064976667
86067,0.001104645
86074,0.0054914565
86075,0.012220082
86076,0.03782678
86079,0.0063078487
86081,0.009700544
86093,0.00029706894
86120,0.001104645
86121,0.97938216
86148,0.0051897475
86151,0.007895487
86152,0.0054914565
86163,0.9943869
86164,0.084116235
86166,0.0019260534
86169,0.98522675
86170,0.0025466175
86178,0.9988852
86183,0.009965756
86184,0.0011027167
86195,0.011739908
86196,0.009700544
86203,0.0054914565
86207,0.007585784
86213,0.96988004
86215,0.007585784
86217,0.11518964
86224,0.0023740218
86236,0.8927528
86237,0.0025683052
86238,0.0010410085
86240,0.98572195
86243,0.007895487
86245,0.012220082
86246,0.9945326
86249,0.9943869
86253,0.9687404
86254,0.002734933
86257,0.012192876
86260,0.99890935
86262,0.99890935
86263,0.007882682
86266,0.012220082
86271,0.0023334303
86277,0.9943869
86278,0.00029706894
86281,0.016173588
86285,0.0015772562
86289,0.0063078487
86293,0.0054914565
86297,0.009700544
86307,0.007895487
86309,0.002564381
86311,0.008915491
86319,0.0054914565
86323,0.9810044
86325,0.98913145
86326,0.007585784
86327,0.0037301993
86330,0.005921417
86335,0.0064976667
86336,0.007585784
86340,0.00029706894
86344,0.008915491
86349,0.0004408163
86359,0.0054914565
86370,0.99890935
86374,0.0025683052
86376,0.08253657
86385,0.008738777
86397,0.0054914565
86403,0.807717
86408,0.18620667
86410,0.0017603867
86413,0.0009746589
86421,0.007895487
86426,0.001104645
86427,0.005391357
86428,0.00027034435
86429,0.0030530815
86441,0.0014052979
86443,0.007895487
86444,0.040543362
86446,0.0054914565
86448,0.0010953033
86462,0.11140559
86464,0.0054914565
86467,0.007585784
86468,0.0012419914
86470,0.006555418
86471,0.9943869
86481,0.007882682
86484,0.012192876
86485,0.008738777
86490,0.00029706894
86498,0.042192385
86499,0.9943869
86503,0.9745506
86504,0.9730453
86506,0.005391357
86509,0.008738777
86511,0.005921417
86519,0.39862266
86520,0.008915491
86523,0.007895487
86530,0.0054914565
86535,0.007585784
86541,0.9943869
86545,0.04237643
86551,0.0054914565
86552,0.008915491
86554,0.000573012
86555,0.016283624
86557,0.85291594
86559,0.9945326
86561,0.011303512
86566,0.009700544
86567,0.007895487
86570,0.96988004
86571,0.03645669
86576,0.002734933
86578,0.0054914565
86587,0.0013153577
86588,0.930262
86590,0.005921417
86591,0.0012844531
86593,0.9897552
86596,0.007882682
86599,0.97859406
86604,0.9943869
86605,0.0017603867
86615,0.98572195
86617,0.08253657
86622,0.9755976
86623,0.012220082
86626,0.20311116
86627,0.0064430186
86630,0.86908126
86631,0.8098255
86632,0.007585784
86636,0.11140559
86637,0.011766127
86640,0.00029706894
86641,0.91451764
86642,0.005391357
86647,0.99195975
86651,0.9943869
86652,0.0051897475
86660,0.007585784
86663,0.08179209
86665,0.0012497588
86667,0.99890935
86668,0.98572195
86671,0.0025683052
86672,0.0054914565
86689,0.9943869
86690,0.98572195
86696,0.8589207
86698,0.9945326
86699,0.08253657
86702,0.005391357
86705,0.9810044
86710,0.0004450682
86713,0.017015647
86721,0.8098255
86722,0.008915491
86723,0.0014052979
86726,0.06560839
86727,0.11518964
86729,0.009700544
86733,0.007585784
86738,0.0027608671
86743,0.0054914565
86746,0.9730453
86747,0.0017603867
86751,0.0010498866
86758,0.0054914565
86759,0.0010410085
86763,0.007585784
86766,0.007882682
86770,0.0013153577
86772,0.0054914565
86778,0.009700544
86785,0.9943869
86787,0.0030530815
86788,0.806782
86789,0.0012844531
86796,0.84947807
86799,0.0012419914
86800,0.016283624
86805,0.0057161534
86826,0.012192876
86828,0.08253657
86832,0.6808016
86834,0.946454
86838,0.007585784
86845,0.005921417
86850,0.0025683052
86857,0.9730453
86861,0.005921417
86862,0.007585784
86864,0.96988004
86873,0.001104645
86875,0.0011027167
86876,0.9755976
86879,0.008204403
86880,0.96988004
86882,0.0019260534
86884,0.0025466175
86890,0.8672062
86896,0.00029706894
86897,0.007585784
86901,0.8672062
86902,0.0063078487
86903,0.00059861597
86904,0.007895487
86907,0.85652375
86910,0.946454
86911,0.0012419914
86922,0.012192876
86929,0.001104645
86932,0.007895487
86938,0.85269266
86939,0.00029706894
86940,0.0015907019
86941,0.007882682
86946,0.008915491
86954,0.002564381
86955,0.008915491
86959,0.0064036483
86966,0.97938216
86971,0.0023495292
86973,0.0036427644
86993,0.08253657
86996,0.0054914565
87000,0.11518964
87006,0.007585784
87007,0.006510688
87009,0.007585784
87010,0.9943869
87017,0.006834625
87020,0.0054914565
87031,0.88438606
87033,0.8589207
87041,0.008915491
87042,0.001104645
87045,0.0018151832
87047,0.9943869
